run,sample,stratum,outcome,kind,quantity,estimate,ci_low,ci_high,p_boot,replicates_defined,n_blocks,n_movement_rows,n_flip_rows,n_decisions,n_initials,statistic_id,quantity_label
ab_bfirst,full_valid,all,flip,cell,NP,0.8430309042809043,0.7930176767676769,0.8906335678210678,0.0002,9999,640,640,640,60,233,robustness_contrasts|run=ab_bfirst|sample=full_valid|stratum=all|outcome=flip|kind=cell|quantity=NP,
ab_bfirst,full_valid,all,flip,cell,NS,0.8422558922558924,0.7978303872053871,0.8854608585858585,0.0002,9999,688,1376,1293,60,234,robustness_contrasts|run=ab_bfirst|sample=full_valid|stratum=all|outcome=flip|kind=cell|quantity=NS,
ab_bfirst,full_valid,all,flip,cell,RP,0.7948484848484848,0.7404785353535355,0.8475265151515152,0.0002,9999,668,668,668,60,233,robustness_contrasts|run=ab_bfirst|sample=full_valid|stratum=all|outcome=flip|kind=cell|quantity=RP,
ab_bfirst,full_valid,all,flip,cell,RS,0.7920424482924483,0.7387612734487732,0.8435236291486291,0.0002,9999,684,1368,1323,60,234,robustness_contrasts|run=ab_bfirst|sample=full_valid|stratum=all|outcome=flip|kind=cell|quantity=RS,
ab_bfirst,full_valid,all,flip,contrast,NS_minus_NP,0.011570466570466568,-0.00701869889369888,0.0308197751322751,0.2366,9999,630,1890,1839,60,232,robustness_contrasts|run=ab_bfirst|sample=full_valid|stratum=all|outcome=flip|kind=contrast|quantity=NS_minus_NP,NS − NP
ab_bfirst,full_valid,all,flip,contrast,RP_minus_NP,-0.017403799903799904,-0.04067334054834055,0.0056063011063010836,0.139,9999,618,1236,1236,60,229,robustness_contrasts|run=ab_bfirst|sample=full_valid|stratum=all|outcome=flip|kind=contrast|quantity=RP_minus_NP,RP − NP
ab_bfirst,full_valid,all,flip,contrast,RS_minus_NS,-0.05012926887926889,-0.07826960076960073,-0.024853595478595503,0.0006,9999,671,2684,2563,60,234,robustness_contrasts|run=ab_bfirst|sample=full_valid|stratum=all|outcome=flip|kind=contrast|quantity=RS_minus_NS,RS − NS
ab_bfirst,full_valid,all,flip,contrast,RS_minus_RP,-0.0018308080808080807,-0.010416666666666666,0.006313131313131313,0.6682,9999,659,1977,1946,60,233,robustness_contrasts|run=ab_bfirst|sample=full_valid|stratum=all|outcome=flip|kind=contrast|quantity=RS_minus_RP,RS − RP
ab_bfirst,full_valid,all,flip,contrast,interaction,-0.014097222222222225,-0.035194805194805195,0.005671912578162539,0.1776,9999,601,3606,3541,60,228,robustness_contrasts|run=ab_bfirst|sample=full_valid|stratum=all|outcome=flip|kind=contrast|quantity=interaction,(RS − RP) − (NS − NP)
ab_bfirst,full_valid,o1,flip,contrast,NS_minus_NP,-0.0008333333333333332,-0.015277777777777777,0.015555555555555557,0.8802,9999,344,1032,1018,60,118,robustness_contrasts|run=ab_bfirst|sample=full_valid|stratum=o1|outcome=flip|kind=contrast|quantity=NS_minus_NP,NS − NP
ab_bfirst,full_valid,o1,flip,contrast,RP_minus_NP,0.008333333333333333,-0.01111111111111111,0.027777777777777776,0.477,9999,345,690,690,60,118,robustness_contrasts|run=ab_bfirst|sample=full_valid|stratum=o1|outcome=flip|kind=contrast|quantity=RP_minus_NP,RP − NP
ab_bfirst,full_valid,o1,flip,contrast,RS_minus_NS,0.01111111111111111,-0.005555555555555558,0.027777777777777776,0.2122,9999,348,1392,1372,60,118,robustness_contrasts|run=ab_bfirst|sample=full_valid|stratum=o1|outcome=flip|kind=contrast|quantity=RS_minus_NS,RS − NS
ab_bfirst,full_valid,o1,flip,contrast,RS_minus_RP,0.0,0.0,0.0,1.0,9999,350,1050,1045,60,118,robustness_contrasts|run=ab_bfirst|sample=full_valid|stratum=o1|outcome=flip|kind=contrast|quantity=RS_minus_RP,RS − RP
ab_bfirst,full_valid,o1,flip,contrast,interaction,0.004166666666666667,-0.011111111111111112,0.016666666666666666,0.5622,9999,341,2046,2030,60,118,robustness_contrasts|run=ab_bfirst|sample=full_valid|stratum=o1|outcome=flip|kind=contrast|quantity=interaction,(RS − RP) − (NS − NP)
ab_bfirst,full_valid,o2,flip,contrast,NS_minus_NP,0.032485875706214695,-0.010169491525423726,0.07586206896551723,0.1418,9999,286,858,821,59,114,robustness_contrasts|run=ab_bfirst|sample=full_valid|stratum=o2|outcome=flip|kind=contrast|quantity=NS_minus_NP,NS − NP
ab_bfirst,full_valid,o2,flip,contrast,RP_minus_NP,-0.07429378531073447,-0.13502824858757062,-0.019250681862458634,0.005,9999,273,546,546,59,111,robustness_contrasts|run=ab_bfirst|sample=full_valid|stratum=o2|outcome=flip|kind=contrast|quantity=RP_minus_NP,RP − NP
ab_bfirst,full_valid,o2,flip,contrast,RS_minus_NS,-0.12986111111111112,-0.19430555555555556,-0.07180555555555555,0.0002,9999,323,1292,1191,60,116,robustness_contrasts|run=ab_bfirst|sample=full_valid|stratum=o2|outcome=flip|kind=contrast|quantity=RS_minus_NS,RS − NS
ab_bfirst,full_valid,o2,flip,contrast,RS_minus_RP,-0.0037499999999999994,-0.022222222222222223,0.014444444444444449,0.6814,9999,309,927,901,60,115,robustness_contrasts|run=ab_bfirst|sample=full_valid|stratum=o2|outcome=flip|kind=contrast|quantity=RS_minus_RP,RS − RP
ab_bfirst,full_valid,o2,flip,contrast,interaction,-0.0403954802259887,-0.10560344827586207,0.023452172218975175,0.2118,9999,260,1560,1511,59,110,robustness_contrasts|run=ab_bfirst|sample=full_valid|stratum=o2|outcome=flip|kind=contrast|quantity=interaction,(RS − RP) − (NS − NP)
ab_bfirst,full_valid,o1_minus_o2,flip,order_difference,NS_minus_NP,-0.03331920903954803,-0.07942624521072797,0.01158050847457622,0.1526,9999,630,1890,1839,60,232,robustness_contrasts|run=ab_bfirst|sample=full_valid|stratum=o1_minus_o2|outcome=flip|kind=order_difference|quantity=NS_minus_NP,NS − NP
ab_bfirst,full_valid,o1_minus_o2,flip,order_difference,RP_minus_NP,0.0826271186440678,0.0278672316384181,0.14472749042145586,0.002,9999,618,1236,1236,60,229,robustness_contrasts|run=ab_bfirst|sample=full_valid|stratum=o1_minus_o2|outcome=flip|kind=order_difference|quantity=RP_minus_NP,RP − NP
ab_bfirst,full_valid,o1_minus_o2,flip,order_difference,RS_minus_NS,0.14097222222222222,0.07875,0.21000694444444434,0.0002,9999,671,2684,2563,60,234,robustness_contrasts|run=ab_bfirst|sample=full_valid|stratum=o1_minus_o2|outcome=flip|kind=order_difference|quantity=RS_minus_NS,RS − NS
ab_bfirst,full_valid,o1_minus_o2,flip,order_difference,RS_minus_RP,0.0037499999999999994,-0.014444444444444449,0.022222222222222223,0.6814,9999,659,1977,1946,60,233,robustness_contrasts|run=ab_bfirst|sample=full_valid|stratum=o1_minus_o2|outcome=flip|kind=order_difference|quantity=RS_minus_RP,RS − RP
ab_bfirst,full_valid,o1_minus_o2,flip,order_difference,interaction,0.04456214689265536,-0.020004001883239152,0.11170080037664776,0.1766,9999,601,3606,3541,60,228,robustness_contrasts|run=ab_bfirst|sample=full_valid|stratum=o1_minus_o2|outcome=flip|kind=order_difference|quantity=interaction,(RS − RP) − (NS − NP)
ab_bfirst,full_valid,all,movement,cell,NP,0.7948784722222224,0.7303197337962966,0.8624710648148146,0.0002,9999,702,702,0,60,234,robustness_contrasts|run=ab_bfirst|sample=full_valid|stratum=all|outcome=movement|kind=cell|quantity=NP,
ab_bfirst,full_valid,all,movement,cell,NS,0.84765625,0.7814952256944445,0.9146961805555556,0.0002,9999,702,1404,0,60,234,robustness_contrasts|run=ab_bfirst|sample=full_valid|stratum=all|outcome=movement|kind=cell|quantity=NS,
ab_bfirst,full_valid,all,movement,cell,RP,0.8828125,0.8128182870370371,0.9541681134259261,0.0002,9999,702,702,0,60,234,robustness_contrasts|run=ab_bfirst|sample=full_valid|stratum=all|outcome=movement|kind=cell|quantity=RP,
ab_bfirst,full_valid,all,movement,cell,RS,0.8730902777777777,0.8012579571759259,0.9464416956018519,0.0002,9999,702,1404,0,60,234,robustness_contrasts|run=ab_bfirst|sample=full_valid|stratum=all|outcome=movement|kind=cell|quantity=RS,
ab_bfirst,full_valid,all,movement,contrast,NS_minus_NP,0.05277777777777778,0.031089409722222232,0.07487123842592593,0.0002,9999,702,2106,0,60,234,robustness_contrasts|run=ab_bfirst|sample=full_valid|stratum=all|outcome=movement|kind=contrast|quantity=NS_minus_NP,NS − NP
ab_bfirst,full_valid,all,movement,contrast,RP_minus_NP,0.08793402777777777,0.0557566550925926,0.12037326388888886,0.0002,9999,702,1404,0,60,234,robustness_contrasts|run=ab_bfirst|sample=full_valid|stratum=all|outcome=movement|kind=contrast|quantity=RP_minus_NP,RP − NP
ab_bfirst,full_valid,all,movement,contrast,RS_minus_NS,0.025434027777777778,-0.004560185185185172,0.05707537615740739,0.0978,9999,702,2808,0,60,234,robustness_contrasts|run=ab_bfirst|sample=full_valid|stratum=all|outcome=movement|kind=contrast|quantity=RS_minus_NS,RS − NS
ab_bfirst,full_valid,all,movement,contrast,RS_minus_RP,-0.00972222222222222,-0.022295283564814805,0.0028074363425925823,0.1346,9999,702,2106,0,60,234,robustness_contrasts|run=ab_bfirst|sample=full_valid|stratum=all|outcome=movement|kind=contrast|quantity=RS_minus_RP,RS − RP
ab_bfirst,full_valid,all,movement,contrast,interaction,-0.06250000000000001,-0.08637152777777776,-0.03901475694444449,0.0002,9999,702,4212,0,60,234,robustness_contrasts|run=ab_bfirst|sample=full_valid|stratum=all|outcome=movement|kind=contrast|quantity=interaction,(RS − RP) − (NS − NP)
ab_bfirst,full_valid,directive_reconsideration,movement,contrast,NS_minus_NP,0.123046875,0.09709201388888888,0.1497417534722222,0.0002,9999,234,702,0,60,234,robustness_contrasts|run=ab_bfirst|sample=full_valid|stratum=directive_reconsideration|outcome=movement|kind=contrast|quantity=NS_minus_NP,NS − NP
ab_bfirst,full_valid,directive_reconsideration,movement,contrast,RP_minus_NP,0.1329861111111111,0.09835069444444443,0.16901041666666666,0.0002,9999,234,468,0,60,234,robustness_contrasts|run=ab_bfirst|sample=full_valid|stratum=directive_reconsideration|outcome=movement|kind=contrast|quantity=RP_minus_NP,RP − NP
ab_bfirst,full_valid,directive_reconsideration,movement,contrast,RS_minus_NS,0.023307291666666667,-0.01033203124999999,0.057467447916666636,0.1666,9999,234,936,0,60,234,robustness_contrasts|run=ab_bfirst|sample=full_valid|stratum=directive_reconsideration|outcome=movement|kind=contrast|quantity=RS_minus_NS,RS − NS
ab_bfirst,full_valid,directive_reconsideration,movement,contrast,RS_minus_RP,0.013368055555555557,0.00021701388888888972,0.026171874999999997,0.0466,9999,234,702,0,60,234,robustness_contrasts|run=ab_bfirst|sample=full_valid|stratum=directive_reconsideration|outcome=movement|kind=contrast|quantity=RS_minus_RP,RS − RP
ab_bfirst,full_valid,directive_reconsideration,movement,contrast,interaction,-0.10967881944444445,-0.13515625,-0.08402560763888893,0.0002,9999,234,1404,0,60,234,robustness_contrasts|run=ab_bfirst|sample=full_valid|stratum=directive_reconsideration|outcome=movement|kind=contrast|quantity=interaction,(RS − RP) − (NS − NP)
ab_bfirst,full_valid,o1,movement,contrast,NS_minus_NP,0.06979166666666667,0.033854166666666664,0.10590277777777776,0.0002,9999,354,1062,0,60,118,robustness_contrasts|run=ab_bfirst|sample=full_valid|stratum=o1|outcome=movement|kind=contrast|quantity=NS_minus_NP,NS − NP
ab_bfirst,full_valid,o1,movement,contrast,RP_minus_NP,0.20572916666666663,0.15486111111111114,0.25607638888888895,0.0002,9999,354,708,0,60,118,robustness_contrasts|run=ab_bfirst|sample=full_valid|stratum=o1|outcome=movement|kind=contrast|quantity=RP_minus_NP,RP − NP
ab_bfirst,full_valid,o1,movement,contrast,RS_minus_NS,0.12170138888888889,0.07309027777777778,0.1706640624999999,0.0002,9999,354,1416,0,60,118,robustness_contrasts|run=ab_bfirst|sample=full_valid|stratum=o1|outcome=movement|kind=contrast|quantity=RS_minus_NS,RS − NS
ab_bfirst,full_valid,o1,movement,contrast,RS_minus_RP,-0.014236111111111113,-0.036028645833333324,0.007638888888888886,0.1952,9999,354,1062,0,60,118,robustness_contrasts|run=ab_bfirst|sample=full_valid|stratum=o1|outcome=movement|kind=contrast|quantity=RS_minus_RP,RS − RP
ab_bfirst,full_valid,o1,movement,contrast,interaction,-0.08402777777777778,-0.1222265625,-0.046267361111111106,0.0002,9999,354,2124,0,60,118,robustness_contrasts|run=ab_bfirst|sample=full_valid|stratum=o1|outcome=movement|kind=contrast|quantity=interaction,(RS − RP) − (NS − NP)
ab_bfirst,full_valid,o2,movement,contrast,NS_minus_NP,0.03680555555555555,0.010759548611111126,0.06180555555555556,0.0082,9999,348,1044,0,60,116,robustness_contrasts|run=ab_bfirst|sample=full_valid|stratum=o2|outcome=movement|kind=contrast|quantity=NS_minus_NP,NS − NP
ab_bfirst,full_valid,o2,movement,contrast,RP_minus_NP,-0.037152777777777785,-0.07986111111111109,0.006267361111110863,0.0956,9999,348,696,0,60,116,robustness_contrasts|run=ab_bfirst|sample=full_valid|stratum=o2|outcome=movement|kind=contrast|quantity=RP_minus_NP,RP − NP
ab_bfirst,full_valid,o2,movement,contrast,RS_minus_NS,-0.0779513888888889,-0.1118967013888889,-0.04244357638888895,0.0002,9999,348,1392,0,60,116,robustness_contrasts|run=ab_bfirst|sample=full_valid|stratum=o2|outcome=movement|kind=contrast|quantity=RS_minus_NS,RS − NS
ab_bfirst,full_valid,o2,movement,contrast,RS_minus_RP,-0.003993055555555557,-0.022743055555555555,0.014062500000000004,0.6666,9999,348,1044,0,60,116,robustness_contrasts|run=ab_bfirst|sample=full_valid|stratum=o2|outcome=movement|kind=contrast|quantity=RS_minus_RP,RS − RP
ab_bfirst,full_valid,o2,movement,contrast,interaction,-0.0407986111111111,-0.0689236111111111,-0.012239583333333335,0.007,9999,348,2088,0,60,116,robustness_contrasts|run=ab_bfirst|sample=full_valid|stratum=o2|outcome=movement|kind=contrast|quantity=interaction,(RS − RP) − (NS − NP)
ab_bfirst,full_valid,stance_alternative,movement,contrast,NS_minus_NP,-0.03606770833333333,-0.06176215277777777,-0.009546440972222254,0.0086,9999,234,702,0,60,234,robustness_contrasts|run=ab_bfirst|sample=full_valid|stratum=stance_alternative|outcome=movement|kind=contrast|quantity=NS_minus_NP,NS − NP
ab_bfirst,full_valid,stance_alternative,movement,contrast,RP_minus_NP,0.05460069444444445,0.018745659722222235,0.09010416666666667,0.003,9999,234,468,0,60,234,robustness_contrasts|run=ab_bfirst|sample=full_valid|stratum=stance_alternative|outcome=movement|kind=contrast|quantity=RP_minus_NP,RP − NP
ab_bfirst,full_valid,stance_alternative,movement,contrast,RS_minus_NS,0.069921875,0.03775824652777778,0.10447048611111111,0.0002,9999,234,936,0,60,234,robustness_contrasts|run=ab_bfirst|sample=full_valid|stratum=stance_alternative|outcome=movement|kind=contrast|quantity=RS_minus_NS,RS − NS
ab_bfirst,full_valid,stance_alternative,movement,contrast,RS_minus_RP,-0.02074652777777778,-0.03810763888888889,-0.0038194444444444456,0.0156,9999,234,702,0,60,234,robustness_contrasts|run=ab_bfirst|sample=full_valid|stratum=stance_alternative|outcome=movement|kind=contrast|quantity=RS_minus_RP,RS − RP
ab_bfirst,full_valid,stance_alternative,movement,contrast,interaction,0.015321180555555558,-0.01671223958333332,0.046875,0.3442,9999,234,1404,0,60,234,robustness_contrasts|run=ab_bfirst|sample=full_valid|stratum=stance_alternative|outcome=movement|kind=contrast|quantity=interaction,(RS − RP) − (NS − NP)
ab_bfirst,full_valid,stance_disagreement,movement,contrast,NS_minus_NP,0.07135416666666666,0.044314236111111106,0.09861328124999998,0.0002,9999,234,702,0,60,234,robustness_contrasts|run=ab_bfirst|sample=full_valid|stratum=stance_disagreement|outcome=movement|kind=contrast|quantity=NS_minus_NP,NS − NP
ab_bfirst,full_valid,stance_disagreement,movement,contrast,RP_minus_NP,0.07621527777777777,0.0394010416666667,0.11354600694444437,0.0004,9999,234,468,0,60,234,robustness_contrasts|run=ab_bfirst|sample=full_valid|stratum=stance_disagreement|outcome=movement|kind=contrast|quantity=RP_minus_NP,RP − NP
ab_bfirst,full_valid,stance_disagreement,movement,contrast,RS_minus_NS,-0.016927083333333332,-0.049481336805555554,0.015933159722222156,0.3122,9999,234,936,0,60,234,robustness_contrasts|run=ab_bfirst|sample=full_valid|stratum=stance_disagreement|outcome=movement|kind=contrast|quantity=RS_minus_NS,RS − NS
ab_bfirst,full_valid,stance_disagreement,movement,contrast,RS_minus_RP,-0.021788194444444443,-0.03854166666666667,-0.005338541666666667,0.0096,9999,234,702,0,60,234,robustness_contrasts|run=ab_bfirst|sample=full_valid|stratum=stance_disagreement|outcome=movement|kind=contrast|quantity=RS_minus_RP,RS − RP
ab_bfirst,full_valid,stance_disagreement,movement,contrast,interaction,-0.0931423611111111,-0.12252604166666668,-0.06471354166666667,0.0002,9999,234,1404,0,60,234,robustness_contrasts|run=ab_bfirst|sample=full_valid|stratum=stance_disagreement|outcome=movement|kind=contrast|quantity=interaction,(RS − RP) − (NS − NP)
ab_bfirst,full_valid,conclusion_result,movement,family_mean,NS_minus_NP,0.03507698486897404,0.016058901390930774,0.05440885370443054,0.0004,9999,702,1404,0,60,234,robustness_contrasts|run=ab_bfirst|sample=full_valid|stratum=conclusion_result|outcome=movement|kind=family_mean|quantity=NS_minus_NP,NS − NP
ab_bfirst,full_valid,conclusion_result,movement,family_mean,RS_minus_RP,-0.053354888523232176,-0.0669573639804111,-0.04035705898585036,0.0002,9999,702,1404,0,60,234,robustness_contrasts|run=ab_bfirst|sample=full_valid|stratum=conclusion_result|outcome=movement|kind=family_mean|quantity=RS_minus_RP,RS − RP
ab_bfirst,full_valid,inference_basis,movement,family_mean,NS_minus_NP,0.061368628364242395,0.03871965154481048,0.0841507617463225,0.0002,9999,702,1404,0,60,234,robustness_contrasts|run=ab_bfirst|sample=full_valid|stratum=inference_basis|outcome=movement|kind=family_mean|quantity=NS_minus_NP,NS − NP
ab_bfirst,full_valid,inference_basis,movement,family_mean,RS_minus_RP,0.031730958594993676,0.015029807869451036,0.04841233455525078,0.0006,9999,702,1404,0,60,234,robustness_contrasts|run=ab_bfirst|sample=full_valid|stratum=inference_basis|outcome=movement|kind=family_mean|quantity=RS_minus_RP,RS − RP
ab_bfirst,full_valid,m01_therefore,movement,marker,NS_minus_NP,0.08136261261261261,0.04600544779693487,0.11725427350427349,0.0002,9999,120,240,0,37,40,robustness_contrasts|run=ab_bfirst|sample=full_valid|stratum=m01_therefore|outcome=movement|kind=marker|quantity=NS_minus_NP,NS − NP
ab_bfirst,full_valid,m01_therefore,movement,marker,RS_minus_RP,0.015765765765765764,-0.01614872685185184,0.050404994340690415,0.3506,9999,120,240,0,37,40,robustness_contrasts|run=ab_bfirst|sample=full_valid|stratum=m01_therefore|outcome=movement|kind=marker|quantity=RS_minus_RP,RS − RP
ab_bfirst,full_valid,m02_consequently,movement,marker,NS_minus_NP,0.11164529914529918,0.06653096567411083,0.15827546296296294,0.0002,9999,123,246,0,39,41,robustness_contrasts|run=ab_bfirst|sample=full_valid|stratum=m02_consequently|outcome=movement|kind=marker|quantity=NS_minus_NP,NS − NP
ab_bfirst,full_valid,m02_consequently,movement,marker,RS_minus_RP,-0.021367521367521368,-0.04433760683760684,0.0010175304878048597,0.059,9999,123,246,0,39,41,robustness_contrasts|run=ab_bfirst|sample=full_valid|stratum=m02_consequently|outcome=movement|kind=marker|quantity=RS_minus_RP,RS − RP
ab_bfirst,full_valid,m03_thus,movement,marker,NS_minus_NP,0.04380341880341881,0.0005944113756613797,0.0881782945736434,0.0466,9999,126,252,0,39,42,robustness_contrasts|run=ab_bfirst|sample=full_valid|stratum=m03_thus|outcome=movement|kind=marker|quantity=NS_minus_NP,NS − NP
ab_bfirst,full_valid,m03_thus,movement,marker,RS_minus_RP,-0.0219017094017094,-0.049903100775193804,0.005208333333333332,0.114,9999,126,252,0,39,42,robustness_contrasts|run=ab_bfirst|sample=full_valid|stratum=m03_thus|outcome=movement|kind=marker|quantity=RS_minus_RP,RS − RP
ab_bfirst,full_valid,m04_accordingly,movement,marker,NS_minus_NP,0.05912990196078431,0.02008642399267401,0.1023065476190476,0.0044,9999,108,216,0,34,36,robustness_contrasts|run=ab_bfirst|sample=full_valid|stratum=m04_accordingly|outcome=movement|kind=marker|quantity=NS_minus_NP,NS − NP
ab_bfirst,full_valid,m04_accordingly,movement,marker,RS_minus_RP,-0.06372549019607844,-0.10648148148148147,-0.03017241379310345,0.0002,9999,108,216,0,34,36,robustness_contrasts|run=ab_bfirst|sample=full_valid|stratum=m04_accordingly|outcome=movement|kind=marker|quantity=RS_minus_RP,RS − RP
ab_bfirst,full_valid,m05_for_this_reason,movement,marker,NS_minus_NP,0.018092105263157895,-0.016782407407407413,0.05011923688394268,0.3052,9999,114,228,0,38,38,robustness_contrasts|run=ab_bfirst|sample=full_valid|stratum=m05_for_this_reason|outcome=movement|kind=marker|quantity=NS_minus_NP,NS − NP
ab_bfirst,full_valid,m05_for_this_reason,movement,marker,RS_minus_RP,-0.016995614035087724,-0.045223577235772354,0.010997072440087121,0.229,9999,114,228,0,38,38,robustness_contrasts|run=ab_bfirst|sample=full_valid|stratum=m05_for_this_reason|outcome=movement|kind=marker|quantity=RS_minus_RP,RS − RP
ab_bfirst,full_valid,m06_that_is_why,movement,marker,NS_minus_NP,-0.10357142857142858,-0.1488095238095238,-0.05902281746031752,0.0002,9999,111,222,0,35,37,robustness_contrasts|run=ab_bfirst|sample=full_valid|stratum=m06_that_is_why|outcome=movement|kind=marker|quantity=NS_minus_NP,NS − NP
ab_bfirst,full_valid,m06_that_is_why,movement,marker,RS_minus_RP,-0.2119047619047619,-0.25438988095238096,-0.17142195767195778,0.0002,9999,111,222,0,35,37,robustness_contrasts|run=ab_bfirst|sample=full_valid|stratum=m06_that_is_why|outcome=movement|kind=marker|quantity=RS_minus_RP,RS − RP
ab_bfirst,full_valid,m07_this_implies_that,movement,marker,NS_minus_NP,-0.3026620370370371,-0.3711647727272728,-0.23316806891025646,0.0002,9999,117,234,0,36,39,robustness_contrasts|run=ab_bfirst|sample=full_valid|stratum=m07_this_implies_that|outcome=movement|kind=marker|quantity=NS_minus_NP,NS − NP
ab_bfirst,full_valid,m07_this_implies_that,movement,marker,RS_minus_RP,-0.033564814814814825,-0.07687057913351017,0.012061403508771933,0.1488,9999,117,234,0,36,39,robustness_contrasts|run=ab_bfirst|sample=full_valid|stratum=m07_this_implies_that|outcome=movement|kind=marker|quantity=RS_minus_RP,RS − RP
ab_bfirst,full_valid,m08_it_follows_that,movement,marker,NS_minus_NP,0.03490990990990992,-0.013157894736842105,0.08333333333333333,0.1622,9999,114,228,0,37,38,robustness_contrasts|run=ab_bfirst|sample=full_valid|stratum=m08_it_follows_that|outcome=movement|kind=marker|quantity=NS_minus_NP,NS − NP
ab_bfirst,full_valid,m08_it_follows_that,movement,marker,RS_minus_RP,0.014076576576576577,-0.020833333333333332,0.051829268292682924,0.4594,9999,114,228,0,37,38,robustness_contrasts|run=ab_bfirst|sample=full_valid|stratum=m08_it_follows_that|outcome=movement|kind=marker|quantity=RS_minus_RP,RS − RP
ab_bfirst,full_valid,m09_on_that_basis,movement,marker,NS_minus_NP,0.07264957264957264,0.029295995213963966,0.11614583333333332,0.0012,9999,117,234,0,39,39,robustness_contrasts|run=ab_bfirst|sample=full_valid|stratum=m09_on_that_basis|outcome=movement|kind=marker|quantity=NS_minus_NP,NS − NP
ab_bfirst,full_valid,m09_on_that_basis,movement,marker,RS_minus_RP,0.004807692307692308,-0.031868445052439576,0.04054054054054055,0.7994,9999,117,234,0,39,39,robustness_contrasts|run=ab_bfirst|sample=full_valid|stratum=m09_on_that_basis|outcome=movement|kind=marker|quantity=RS_minus_RP,RS − RP
ab_bfirst,full_valid,m10_based_on_this,movement,marker,NS_minus_NP,0.14047619047619048,0.1051668360433605,0.1761904761904762,0.0002,9999,111,222,0,35,37,robustness_contrasts|run=ab_bfirst|sample=full_valid|stratum=m10_based_on_this|outcome=movement|kind=marker|quantity=NS_minus_NP,NS − NP
ab_bfirst,full_valid,m10_based_on_this,movement,marker,RS_minus_RP,0.0642857142857143,0.019188596491228088,0.11011904761904763,0.0048,9999,111,222,0,35,37,robustness_contrasts|run=ab_bfirst|sample=full_valid|stratum=m10_based_on_this|outcome=movement|kind=marker|quantity=RS_minus_RP,RS − RP
ab_bfirst,full_valid,m11_given_this,movement,marker,NS_minus_NP,0.22409909909909914,0.17123904344512195,0.27755475173940547,0.0002,9999,123,246,0,37,41,robustness_contrasts|run=ab_bfirst|sample=full_valid|stratum=m11_given_this|outcome=movement|kind=marker|quantity=NS_minus_NP,NS − NP
ab_bfirst,full_valid,m11_given_this,movement,marker,RS_minus_RP,0.0579954954954955,0.025337837837837843,0.09226190476190477,0.0006,9999,123,246,0,37,41,robustness_contrasts|run=ab_bfirst|sample=full_valid|stratum=m11_given_this|outcome=movement|kind=marker|quantity=RS_minus_RP,RS − RP
ab_bfirst,full_valid,m12_in_view_of_this,movement,marker,NS_minus_NP,0.19873903508771928,0.14396246114996114,0.253015350877193,0.0002,9999,120,240,0,38,40,robustness_contrasts|run=ab_bfirst|sample=full_valid|stratum=m12_in_view_of_this|outcome=movement|kind=marker|quantity=NS_minus_NP,NS − NP
ab_bfirst,full_valid,m12_in_view_of_this,movement,marker,RS_minus_RP,0.08278508771929823,0.050986842105263164,0.1130952380952381,0.0002,9999,120,240,0,38,40,robustness_contrasts|run=ab_bfirst|sample=full_valid|stratum=m12_in_view_of_this|outcome=movement|kind=marker|quantity=RS_minus_RP,RS − RP
ab_bfirst,full_valid,o1_minus_o2,movement,order_difference,NS_minus_NP,0.03298611111111112,-0.011631944444444431,0.07821180555555553,0.1434,9999,702,2106,0,60,234,robustness_contrasts|run=ab_bfirst|sample=full_valid|stratum=o1_minus_o2|outcome=movement|kind=order_difference|quantity=NS_minus_NP,NS − NP
ab_bfirst,full_valid,o1_minus_o2,movement,order_difference,RP_minus_NP,0.24288194444444441,0.17378472222222233,0.31076388888888884,0.0002,9999,702,1404,0,60,234,robustness_contrasts|run=ab_bfirst|sample=full_valid|stratum=o1_minus_o2|outcome=movement|kind=order_difference|quantity=RP_minus_NP,RP − NP
ab_bfirst,full_valid,o1_minus_o2,movement,order_difference,RS_minus_NS,0.1996527777777778,0.1377560763888889,0.26016059027777777,0.0002,9999,702,2808,0,60,234,robustness_contrasts|run=ab_bfirst|sample=full_valid|stratum=o1_minus_o2|outcome=movement|kind=order_difference|quantity=RS_minus_NS,RS − NS
ab_bfirst,full_valid,o1_minus_o2,movement,order_difference,RS_minus_RP,-0.010243055555555556,-0.040455729166666655,0.021358506944444387,0.5018,9999,702,2106,0,60,234,robustness_contrasts|run=ab_bfirst|sample=full_valid|stratum=o1_minus_o2|outcome=movement|kind=order_difference|quantity=RS_minus_RP,RS − RP
ab_bfirst,full_valid,o1_minus_o2,movement,order_difference,interaction,-0.04322916666666669,-0.08949652777777777,0.004171006944444407,0.0738,9999,702,4212,0,60,234,robustness_contrasts|run=ab_bfirst|sample=full_valid|stratum=o1_minus_o2|outcome=movement|kind=order_difference|quantity=interaction,(RS − RP) − (NS − NP)
base,full_valid,all,flip,cell,NP,0.9638973063973064,0.9383661616161616,0.984682239057239,0.0002,9999,688,688,688,60,237,robustness_contrasts|run=base|sample=full_valid|stratum=all|outcome=flip|kind=cell|quantity=NP,
base,full_valid,all,flip,cell,NS,0.9822601010101011,0.9693181818181817,0.9930555555555556,0.0002,9999,708,1416,1392,60,237,robustness_contrasts|run=base|sample=full_valid|stratum=all|outcome=flip|kind=cell|quantity=NS,
base,full_valid,all,flip,cell,RP,0.9740909090909091,0.9544166666666666,0.9898989898989898,0.0002,9999,698,698,698,60,236,robustness_contrasts|run=base|sample=full_valid|stratum=all|outcome=flip|kind=cell|quantity=RP,
base,full_valid,all,flip,cell,RS,0.9781734006734006,0.960727904040404,0.9920833333333333,0.0002,9999,703,1406,1387,60,236,robustness_contrasts|run=base|sample=full_valid|stratum=all|outcome=flip|kind=cell|quantity=RS,
base,full_valid,all,flip,contrast,NS_minus_NP,0.013745791245791245,0.0018518518518518517,0.028114478114478113,0.0132,9999,685,2055,2041,60,237,robustness_contrasts|run=base|sample=full_valid|stratum=all|outcome=flip|kind=contrast|quantity=NS_minus_NP,NS − NP
base,full_valid,all,flip,contrast,RP_minus_NP,0.007348484848484848,-0.007004629629629624,0.022356902356902353,0.3268,9999,678,1356,1356,60,236,robustness_contrasts|run=base|sample=full_valid|stratum=all|outcome=flip|kind=contrast|quantity=RP_minus_NP,RP − NP
base,full_valid,all,flip,contrast,RS_minus_NS,-0.009617003367003366,-0.024558080808080807,0.0019570707070707067,0.1116,9999,702,2808,2767,60,236,robustness_contrasts|run=base|sample=full_valid|stratum=all|outcome=flip|kind=contrast|quantity=RS_minus_NS,RS − NS
base,full_valid,all,flip,contrast,RS_minus_RP,-0.0004629629629629627,-0.00925925925925926,0.008333333333333333,0.9726,9999,694,2082,2067,60,236,robustness_contrasts|run=base|sample=full_valid|stratum=all|outcome=flip|kind=contrast|quantity=RS_minus_RP,RS − RP
base,full_valid,all,flip,contrast,interaction,-0.011115319865319865,-0.02803472222222222,0.002920875420875421,0.1392,9999,673,4038,4015,60,235,robustness_contrasts|run=base|sample=full_valid|stratum=all|outcome=flip|kind=contrast|quantity=interaction,(RS − RP) − (NS − NP)
base,full_valid,o1,flip,contrast,NS_minus_NP,-0.0027777777777777775,-0.008333333333333333,0.0,0.7092,9999,355,1065,1063,60,120,robustness_contrasts|run=base|sample=full_valid|stratum=o1|outcome=flip|kind=contrast|quantity=NS_minus_NP,NS − NP
base,full_valid,o1,flip,contrast,RP_minus_NP,0.004166666666666667,0.0,0.0125,0.7184,9999,354,708,708,60,120,robustness_contrasts|run=base|sample=full_valid|stratum=o1|outcome=flip|kind=contrast|quantity=RP_minus_NP,RP − NP
base,full_valid,o1,flip,contrast,RS_minus_NS,0.004166666666666667,-0.0027777777777777775,0.013888888888888888,0.4156,9999,360,1440,1434,60,120,robustness_contrasts|run=base|sample=full_valid|stratum=o1|outcome=flip|kind=contrast|quantity=RS_minus_NS,RS − NS
base,full_valid,o1,flip,contrast,RS_minus_RP,-0.0013888888888888887,-0.004166666666666667,0.0,0.729,9999,359,1077,1076,60,120,robustness_contrasts|run=base|sample=full_valid|stratum=o1|outcome=flip|kind=contrast|quantity=RS_minus_RP,RS − RP
base,full_valid,o1,flip,contrast,interaction,0.0013888888888888887,-0.004166666666666667,0.008333333333333333,0.9136,9999,354,2124,2121,60,120,robustness_contrasts|run=base|sample=full_valid|stratum=o1|outcome=flip|kind=contrast|quantity=interaction,(RS − RP) − (NS − NP)
base,full_valid,o2,flip,contrast,NS_minus_NP,0.032499999999999994,0.008888888888888889,0.061124999999999804,0.0026,9999,330,990,978,60,117,robustness_contrasts|run=base|sample=full_valid|stratum=o2|outcome=flip|kind=contrast|quantity=NS_minus_NP,NS − NP
base,full_valid,o2,flip,contrast,RP_minus_NP,0.00861111111111111,-0.02583333333333333,0.041666666666666664,0.6156,9999,324,648,648,60,116,robustness_contrasts|run=base|sample=full_valid|stratum=o2|outcome=flip|kind=contrast|quantity=RP_minus_NP,RP − NP
base,full_valid,o2,flip,contrast,RS_minus_NS,-0.025555555555555554,-0.05555555555555556,-0.0033333333333333335,0.0186,9999,342,1368,1333,60,116,robustness_contrasts|run=base|sample=full_valid|stratum=o2|outcome=flip|kind=contrast|quantity=RS_minus_NS,RS − NS
base,full_valid,o2,flip,contrast,RS_minus_RP,0.002777777777777778,-0.01944444444444444,0.02777777777777778,0.8372,9999,335,1005,991,60,116,robustness_contrasts|run=base|sample=full_valid|stratum=o2|outcome=flip|kind=contrast|quantity=RS_minus_RP,RS − RP
base,full_valid,o2,flip,contrast,interaction,-0.02722222222222222,-0.06499999999999999,0.004180555555555353,0.1026,9999,319,1914,1894,60,115,robustness_contrasts|run=base|sample=full_valid|stratum=o2|outcome=flip|kind=contrast|quantity=interaction,(RS − RP) − (NS − NP)
base,full_valid,o1_minus_o2,flip,order_difference,NS_minus_NP,-0.03527777777777777,-0.06444444444444444,-0.011638888888889292,0.0012,9999,685,2055,2041,60,237,robustness_contrasts|run=base|sample=full_valid|stratum=o1_minus_o2|outcome=flip|kind=order_difference|quantity=NS_minus_NP,NS − NP
base,full_valid,o1_minus_o2,flip,order_difference,RP_minus_NP,-0.004444444444444443,-0.03888888888888888,0.03111111111111112,0.798,9999,678,1356,1356,60,236,robustness_contrasts|run=base|sample=full_valid|stratum=o1_minus_o2|outcome=flip|kind=order_difference|quantity=RP_minus_NP,RP − NP
base,full_valid,o1_minus_o2,flip,order_difference,RS_minus_NS,0.02972222222222222,0.006111111111111111,0.06027777777777778,0.0086,9999,702,2808,2767,60,236,robustness_contrasts|run=base|sample=full_valid|stratum=o1_minus_o2|outcome=flip|kind=order_difference|quantity=RS_minus_NS,RS − NS
base,full_valid,o1_minus_o2,flip,order_difference,RS_minus_RP,-0.004166666666666667,-0.029166666666666667,0.018055555555555554,0.7172,9999,694,2082,2067,60,236,robustness_contrasts|run=base|sample=full_valid|stratum=o1_minus_o2|outcome=flip|kind=order_difference|quantity=RS_minus_RP,RS − RP
base,full_valid,o1_minus_o2,flip,order_difference,interaction,0.028611111111111108,-0.0030555555555555557,0.06694444444444445,0.0872,9999,673,4038,4015,60,235,robustness_contrasts|run=base|sample=full_valid|stratum=o1_minus_o2|outcome=flip|kind=order_difference|quantity=interaction,(RS − RP) − (NS − NP)
base,full_valid,all,movement,cell,NP,1.323813657407407,1.245745081018518,1.4049797453703705,0.0002,9999,711,711,0,60,237,robustness_contrasts|run=base|sample=full_valid|stratum=all|outcome=movement|kind=cell|quantity=NP,
base,full_valid,all,movement,cell,NS,1.447236689814815,1.3726540798611113,1.5261299189814819,0.0002,9999,711,1422,0,60,237,robustness_contrasts|run=base|sample=full_valid|stratum=all|outcome=movement|kind=cell|quantity=NS,
base,full_valid,all,movement,cell,RP,1.5966724537037036,1.5129904513888888,1.684700520833333,0.0002,9999,711,711,0,60,237,robustness_contrasts|run=base|sample=full_valid|stratum=all|outcome=movement|kind=cell|quantity=RP,
base,full_valid,all,movement,cell,RS,1.584085648148148,1.5006278935185187,1.6706561053240734,0.0002,9999,711,1422,0,60,237,robustness_contrasts|run=base|sample=full_valid|stratum=all|outcome=movement|kind=cell|quantity=RS,
base,full_valid,all,movement,contrast,NS_minus_NP,0.12342303240740742,0.10138816550925928,0.1469668692129629,0.0002,9999,711,2133,0,60,237,robustness_contrasts|run=base|sample=full_valid|stratum=all|outcome=movement|kind=contrast|quantity=NS_minus_NP,NS − NP
base,full_valid,all,movement,contrast,RP_minus_NP,0.27285879629629634,0.23793402777777775,0.3083347800925926,0.0002,9999,711,1422,0,60,237,robustness_contrasts|run=base|sample=full_valid|stratum=all|outcome=movement|kind=contrast|quantity=RP_minus_NP,RP − NP
base,full_valid,all,movement,contrast,RS_minus_NS,0.13684895833333333,0.1047106481481482,0.169603587962963,0.0002,9999,711,2844,0,60,237,robustness_contrasts|run=base|sample=full_valid|stratum=all|outcome=movement|kind=contrast|quantity=RS_minus_NS,RS − NS
base,full_valid,all,movement,contrast,RS_minus_RP,-0.012586805555555554,-0.02565104166666667,0.0004361979166666355,0.059,9999,711,2133,0,60,237,robustness_contrasts|run=base|sample=full_valid|stratum=all|outcome=movement|kind=contrast|quantity=RS_minus_RP,RS − RP
base,full_valid,all,movement,contrast,interaction,-0.13600983796296298,-0.15888310185185187,-0.11435112847222224,0.0002,9999,711,4266,0,60,237,robustness_contrasts|run=base|sample=full_valid|stratum=all|outcome=movement|kind=contrast|quantity=interaction,(RS − RP) − (NS − NP)
base,full_valid,directive_reconsideration,movement,contrast,NS_minus_NP,0.196484375,0.1700954861111111,0.22348307291666666,0.0002,9999,237,711,0,60,237,robustness_contrasts|run=base|sample=full_valid|stratum=directive_reconsideration|outcome=movement|kind=contrast|quantity=NS_minus_NP,NS − NP
base,full_valid,directive_reconsideration,movement,contrast,RP_minus_NP,0.3401909722222222,0.3015625,0.37865017361111114,0.0002,9999,237,474,0,60,237,robustness_contrasts|run=base|sample=full_valid|stratum=directive_reconsideration|outcome=movement|kind=contrast|quantity=RP_minus_NP,RP − NP
base,full_valid,directive_reconsideration,movement,contrast,RS_minus_NS,0.15325520833333334,0.115625,0.19036458333333334,0.0002,9999,237,948,0,60,237,robustness_contrasts|run=base|sample=full_valid|stratum=directive_reconsideration|outcome=movement|kind=contrast|quantity=RS_minus_NS,RS − NS
base,full_valid,directive_reconsideration,movement,contrast,RS_minus_RP,0.00954861111111111,-0.006425781249999992,0.025390625,0.2402,9999,237,711,0,60,237,robustness_contrasts|run=base|sample=full_valid|stratum=directive_reconsideration|outcome=movement|kind=contrast|quantity=RS_minus_RP,RS − RP
base,full_valid,directive_reconsideration,movement,contrast,interaction,-0.1869357638888889,-0.21388888888888888,-0.16098090277777777,0.0002,9999,237,1422,0,60,237,robustness_contrasts|run=base|sample=full_valid|stratum=directive_reconsideration|outcome=movement|kind=contrast|quantity=interaction,(RS − RP) − (NS − NP)
base,full_valid,o1,movement,contrast,NS_minus_NP,0.12855902777777778,0.09236111111111112,0.1634548611111111,0.0002,9999,360,1080,0,60,120,robustness_contrasts|run=base|sample=full_valid|stratum=o1|outcome=movement|kind=contrast|quantity=NS_minus_NP,NS − NP
base,full_valid,o1,movement,contrast,RP_minus_NP,0.3453125,0.29790798611111113,0.3927083333333334,0.0002,9999,360,720,0,60,120,robustness_contrasts|run=base|sample=full_valid|stratum=o1|outcome=movement|kind=contrast|quantity=RP_minus_NP,RP − NP
base,full_valid,o1,movement,contrast,RS_minus_NS,0.19140625,0.142265625,0.2375868055555555,0.0002,9999,360,1440,0,60,120,robustness_contrasts|run=base|sample=full_valid|stratum=o1|outcome=movement|kind=contrast|quantity=RS_minus_NS,RS − NS
base,full_valid,o1,movement,contrast,RS_minus_RP,-0.025347222222222226,-0.04461805555555554,-0.0058159722222222215,0.0124,9999,360,1080,0,60,120,robustness_contrasts|run=base|sample=full_valid|stratum=o1|outcome=movement|kind=contrast|quantity=RS_minus_RP,RS − RP
base,full_valid,o1,movement,contrast,interaction,-0.15390625,-0.1857638888888889,-0.12083333333333338,0.0002,9999,360,2160,0,60,120,robustness_contrasts|run=base|sample=full_valid|stratum=o1|outcome=movement|kind=contrast|quantity=interaction,(RS − RP) − (NS − NP)
base,full_valid,o2,movement,contrast,NS_minus_NP,0.11579861111111112,0.08662760416666666,0.14505208333333333,0.0002,9999,351,1053,0,60,117,robustness_contrasts|run=base|sample=full_valid|stratum=o2|outcome=movement|kind=contrast|quantity=NS_minus_NP,NS − NP
base,full_valid,o2,movement,contrast,RP_minus_NP,0.1954861111111111,0.14530381944444445,0.24462673611111102,0.0002,9999,351,702,0,60,117,robustness_contrasts|run=base|sample=full_valid|stratum=o2|outcome=movement|kind=contrast|quantity=RP_minus_NP,RP − NP
base,full_valid,o2,movement,contrast,RS_minus_NS,0.07986111111111112,0.03298611111111112,0.12752170138888885,0.0006,9999,351,1404,0,60,117,robustness_contrasts|run=base|sample=full_valid|stratum=o2|outcome=movement|kind=contrast|quantity=RS_minus_NS,RS − NS
base,full_valid,o2,movement,contrast,RS_minus_RP,0.0001736111111111105,-0.02335069444444444,0.023611111111111107,0.9994,9999,351,1053,0,60,117,robustness_contrasts|run=base|sample=full_valid|stratum=o2|outcome=movement|kind=contrast|quantity=RS_minus_RP,RS − RP
base,full_valid,o2,movement,contrast,interaction,-0.11562500000000002,-0.14487847222222222,-0.08619357638888893,0.0002,9999,351,2106,0,60,117,robustness_contrasts|run=base|sample=full_valid|stratum=o2|outcome=movement|kind=contrast|quantity=interaction,(RS − RP) − (NS − NP)
base,full_valid,stance_alternative,movement,contrast,NS_minus_NP,0.01831597222222222,-0.009246961805555546,0.04635850694444438,0.1934,9999,237,711,0,60,237,robustness_contrasts|run=base|sample=full_valid|stratum=stance_alternative|outcome=movement|kind=contrast|quantity=NS_minus_NP,NS − NP
base,full_valid,stance_alternative,movement,contrast,RP_minus_NP,0.24565972222222224,0.20894097222222224,0.28420138888888885,0.0002,9999,237,474,0,60,237,robustness_contrasts|run=base|sample=full_valid|stratum=stance_alternative|outcome=movement|kind=contrast|quantity=RP_minus_NP,RP − NP
base,full_valid,stance_alternative,movement,contrast,RS_minus_NS,0.1965277777777778,0.1640603298611111,0.22968967013888886,0.0002,9999,237,948,0,60,237,robustness_contrasts|run=base|sample=full_valid|stratum=stance_alternative|outcome=movement|kind=contrast|quantity=RS_minus_NS,RS − NS
base,full_valid,stance_alternative,movement,contrast,RS_minus_RP,-0.030815972222222224,-0.04787543402777777,-0.013799913194444477,0.0006,9999,237,711,0,60,237,robustness_contrasts|run=base|sample=full_valid|stratum=stance_alternative|outcome=movement|kind=contrast|quantity=RS_minus_RP,RS − RP
base,full_valid,stance_alternative,movement,contrast,interaction,-0.04913194444444444,-0.07817057291666667,-0.0203125,0.0008,9999,237,1422,0,60,237,robustness_contrasts|run=base|sample=full_valid|stratum=stance_alternative|outcome=movement|kind=contrast|quantity=interaction,(RS − RP) − (NS − NP)
base,full_valid,stance_disagreement,movement,contrast,NS_minus_NP,0.15546875,0.1287738715277778,0.18289930555555553,0.0002,9999,237,711,0,60,237,robustness_contrasts|run=base|sample=full_valid|stratum=stance_disagreement|outcome=movement|kind=contrast|quantity=NS_minus_NP,NS − NP
base,full_valid,stance_disagreement,movement,contrast,RP_minus_NP,0.23272569444444446,0.19027343749999998,0.275,0.0002,9999,237,474,0,60,237,robustness_contrasts|run=base|sample=full_valid|stratum=stance_disagreement|outcome=movement|kind=contrast|quantity=RP_minus_NP,RP − NP
base,full_valid,stance_disagreement,movement,contrast,RS_minus_NS,0.06076388888888889,0.02248046875000001,0.09900390624999997,0.0018,9999,237,948,0,60,237,robustness_contrasts|run=base|sample=full_valid|stratum=stance_disagreement|outcome=movement|kind=contrast|quantity=RS_minus_NS,RS − NS
base,full_valid,stance_disagreement,movement,contrast,RS_minus_RP,-0.016493055555555556,-0.03263888888888889,-0.0003472222222222247,0.0462,9999,237,711,0,60,237,robustness_contrasts|run=base|sample=full_valid|stratum=stance_disagreement|outcome=movement|kind=contrast|quantity=RS_minus_RP,RS − RP
base,full_valid,stance_disagreement,movement,contrast,interaction,-0.17196180555555554,-0.19709201388888886,-0.14791666666666667,0.0002,9999,237,1422,0,60,237,robustness_contrasts|run=base|sample=full_valid|stratum=stance_disagreement|outcome=movement|kind=contrast|quantity=interaction,(RS − RP) − (NS − NP)
base,full_valid,conclusion_result,movement,family_mean,NS_minus_NP,0.11268873039706373,0.09225765841087614,0.13331003943741623,0.0002,9999,711,1422,0,60,237,robustness_contrasts|run=base|sample=full_valid|stratum=conclusion_result|outcome=movement|kind=family_mean|quantity=NS_minus_NP,NS − NP
base,full_valid,conclusion_result,movement,family_mean,RS_minus_RP,-0.06521898501065167,-0.07826222238038764,-0.05144998210720223,0.0002,9999,711,1422,0,60,237,robustness_contrasts|run=base|sample=full_valid|stratum=conclusion_result|outcome=movement|kind=family_mean|quantity=RS_minus_RP,RS − RP
base,full_valid,inference_basis,movement,family_mean,NS_minus_NP,0.12778191589869223,0.10736044119708579,0.1487217640055398,0.0002,9999,711,1422,0,60,237,robustness_contrasts|run=base|sample=full_valid|stratum=inference_basis|outcome=movement|kind=family_mean|quantity=NS_minus_NP,NS − NP
base,full_valid,inference_basis,movement,family_mean,RS_minus_RP,0.035768476599068705,0.019247081845695516,0.05294955727729832,0.0002,9999,711,1422,0,60,237,robustness_contrasts|run=base|sample=full_valid|stratum=inference_basis|outcome=movement|kind=family_mean|quantity=RS_minus_RP,RS − RP
base,full_valid,m01_therefore,movement,marker,NS_minus_NP,0.19140625,0.14582031250000005,0.23837313122923587,0.0002,9999,126,252,0,40,42,robustness_contrasts|run=base|sample=full_valid|stratum=m01_therefore|outcome=movement|kind=marker|quantity=NS_minus_NP,NS − NP
base,full_valid,m01_therefore,movement,marker,RS_minus_RP,0.010937499999999998,-0.02185086382113821,0.04583806818181811,0.5268,9999,126,252,0,40,42,robustness_contrasts|run=base|sample=full_valid|stratum=m01_therefore|outcome=movement|kind=marker|quantity=RS_minus_RP,RS − RP
base,full_valid,m02_consequently,movement,marker,NS_minus_NP,0.1971354166666667,0.1519381585249042,0.2412792088963963,0.0002,9999,126,252,0,40,42,robustness_contrasts|run=base|sample=full_valid|stratum=m02_consequently|outcome=movement|kind=marker|quantity=NS_minus_NP,NS − NP
base,full_valid,m02_consequently,movement,marker,RS_minus_RP,-0.009895833333333336,-0.03935185185185186,0.020285087719298243,0.504,9999,126,252,0,40,42,robustness_contrasts|run=base|sample=full_valid|stratum=m02_consequently|outcome=movement|kind=marker|quantity=RS_minus_RP,RS − RP
base,full_valid,m03_thus,movement,marker,NS_minus_NP,0.19166666666666668,0.14387623856707318,0.241989536199095,0.0002,9999,123,246,0,40,41,robustness_contrasts|run=base|sample=full_valid|stratum=m03_thus|outcome=movement|kind=marker|quantity=NS_minus_NP,NS − NP
base,full_valid,m03_thus,movement,marker,RS_minus_RP,-0.008333333333333335,-0.03590591755319148,0.019791666666666662,0.5438,9999,123,246,0,40,41,robustness_contrasts|run=base|sample=full_valid|stratum=m03_thus|outcome=movement|kind=marker|quantity=RS_minus_RP,RS − RP
base,full_valid,m04_accordingly,movement,marker,NS_minus_NP,0.11168981481481481,0.06756671444171444,0.15914574430199427,0.0002,9999,108,216,0,36,36,robustness_contrasts|run=base|sample=full_valid|stratum=m04_accordingly|outcome=movement|kind=marker|quantity=NS_minus_NP,NS − NP
base,full_valid,m04_accordingly,movement,marker,RS_minus_RP,-0.06886574074074076,-0.10595238095238095,-0.031564754689754705,0.0002,9999,108,216,0,36,36,robustness_contrasts|run=base|sample=full_valid|stratum=m04_accordingly|outcome=movement|kind=marker|quantity=RS_minus_RP,RS − RP
base,full_valid,m05_for_this_reason,movement,marker,NS_minus_NP,0.06250000000000001,0.024479166666666666,0.0982914329594017,0.0028,9999,117,234,0,39,39,robustness_contrasts|run=base|sample=full_valid|stratum=m05_for_this_reason|outcome=movement|kind=marker|quantity=NS_minus_NP,NS − NP
base,full_valid,m05_for_this_reason,movement,marker,RS_minus_RP,-0.05502136752136751,-0.08523338220918865,-0.024224806201550386,0.0006,9999,117,234,0,39,39,robustness_contrasts|run=base|sample=full_valid|stratum=m05_for_this_reason|outcome=movement|kind=marker|quantity=RS_minus_RP,RS − RP
base,full_valid,m06_that_is_why,movement,marker,NS_minus_NP,-0.07826576576576577,-0.12202380952380952,-0.039828431372549024,0.0002,9999,111,222,0,37,37,robustness_contrasts|run=base|sample=full_valid|stratum=m06_that_is_why|outcome=movement|kind=marker|quantity=NS_minus_NP,NS − NP
base,full_valid,m06_that_is_why,movement,marker,RS_minus_RP,-0.2601351351351351,-0.2989864864864865,-0.22149122807017543,0.0002,9999,111,222,0,37,37,robustness_contrasts|run=base|sample=full_valid|stratum=m06_that_is_why|outcome=movement|kind=marker|quantity=RS_minus_RP,RS − RP
base,full_valid,m07_this_implies_that,movement,marker,NS_minus_NP,-0.17135416666666664,-0.24057539682539672,-0.1024751313813814,0.0002,9999,120,240,0,40,40,robustness_contrasts|run=base|sample=full_valid|stratum=m07_this_implies_that|outcome=movement|kind=marker|quantity=NS_minus_NP,NS − NP
base,full_valid,m07_this_implies_that,movement,marker,RS_minus_RP,0.019791666666666662,-0.02500534188034187,0.0661473651960784,0.401,9999,120,240,0,40,40,robustness_contrasts|run=base|sample=full_valid|stratum=m07_this_implies_that|outcome=movement|kind=marker|quantity=RS_minus_RP,RS − RP
base,full_valid,m08_it_follows_that,movement,marker,NS_minus_NP,0.219017094017094,0.1745489239239239,0.26801989489489486,0.0002,9999,120,240,0,39,40,robustness_contrasts|run=base|sample=full_valid|stratum=m08_it_follows_that|outcome=movement|kind=marker|quantity=NS_minus_NP,NS − NP
base,full_valid,m08_it_follows_that,movement,marker,RS_minus_RP,0.0657051282051282,0.028409090909090905,0.10419034090909059,0.0006,9999,120,240,0,39,40,robustness_contrasts|run=base|sample=full_valid|stratum=m08_it_follows_that|outcome=movement|kind=marker|quantity=RS_minus_RP,RS − RP
base,full_valid,m09_on_that_basis,movement,marker,NS_minus_NP,0.11041666666666668,0.06150793650793651,0.15705344767844764,0.0002,9999,123,246,0,40,41,robustness_contrasts|run=base|sample=full_valid|stratum=m09_on_that_basis|outcome=movement|kind=marker|quantity=NS_minus_NP,NS − NP
base,full_valid,m09_on_that_basis,movement,marker,RS_minus_RP,-0.025520833333333336,-0.07346491228070175,0.022727272727272728,0.292,9999,123,246,0,40,41,robustness_contrasts|run=base|sample=full_valid|stratum=m09_on_that_basis|outcome=movement|kind=marker|quantity=RS_minus_RP,RS − RP
base,full_valid,m10_based_on_this,movement,marker,NS_minus_NP,0.15460526315789477,0.11431623931623933,0.19707423769923768,0.0002,9999,114,228,0,38,38,robustness_contrasts|run=base|sample=full_valid|stratum=m10_based_on_this|outcome=movement|kind=marker|quantity=NS_minus_NP,NS − NP
base,full_valid,m10_based_on_this,movement,marker,RS_minus_RP,0.042214912280701754,0.00470346102150538,0.07882882882882883,0.0242,9999,114,228,0,38,38,robustness_contrasts|run=base|sample=full_valid|stratum=m10_based_on_this|outcome=movement|kind=marker|quantity=RS_minus_RP,RS − RP
base,full_valid,m11_given_this,movement,marker,NS_minus_NP,0.24183558558558552,0.20565476190476195,0.2796052631578947,0.0002,9999,117,234,0,37,39,robustness_contrasts|run=base|sample=full_valid|stratum=m11_given_this|outcome=movement|kind=marker|quantity=NS_minus_NP,NS − NP
base,full_valid,m11_given_this,movement,marker,RS_minus_RP,0.04279279279279279,0.015476190476190475,0.07196969696969698,0.002,9999,117,234,0,37,39,robustness_contrasts|run=base|sample=full_valid|stratum=m11_given_this|outcome=movement|kind=marker|quantity=RS_minus_RP,RS − RP
base,full_valid,m12_in_view_of_this,movement,marker,NS_minus_NP,0.21217105263157895,0.1619754464285714,0.26157747821350763,0.0002,9999,117,234,0,38,39,robustness_contrasts|run=base|sample=full_valid|stratum=m12_in_view_of_this|outcome=movement|kind=marker|quantity=NS_minus_NP,NS − NP
base,full_valid,m12_in_view_of_this,movement,marker,RS_minus_RP,0.06962719298245615,0.030448717948717955,0.10800438596491227,0.0004,9999,117,234,0,38,39,robustness_contrasts|run=base|sample=full_valid|stratum=m12_in_view_of_this|outcome=movement|kind=marker|quantity=RS_minus_RP,RS − RP
base,full_valid,o1_minus_o2,movement,order_difference,NS_minus_NP,0.012760416666666663,-0.032986111111111105,0.05850694444444446,0.5848,9999,711,2133,0,60,237,robustness_contrasts|run=base|sample=full_valid|stratum=o1_minus_o2|outcome=movement|kind=order_difference|quantity=NS_minus_NP,NS − NP
base,full_valid,o1_minus_o2,movement,order_difference,RP_minus_NP,0.1498263888888889,0.08211805555555551,0.21857638888888875,0.0002,9999,711,1422,0,60,237,robustness_contrasts|run=base|sample=full_valid|stratum=o1_minus_o2|outcome=movement|kind=order_difference|quantity=RP_minus_NP,RP − NP
base,full_valid,o1_minus_o2,movement,order_difference,RS_minus_NS,0.11154513888888888,0.043923611111111135,0.18012152777777785,0.0016,9999,711,2844,0,60,237,robustness_contrasts|run=base|sample=full_valid|stratum=o1_minus_o2|outcome=movement|kind=order_difference|quantity=RS_minus_NS,RS − NS
base,full_valid,o1_minus_o2,movement,order_difference,RS_minus_RP,-0.025520833333333336,-0.05963541666666667,0.008862847222222092,0.1488,9999,711,2133,0,60,237,robustness_contrasts|run=base|sample=full_valid|stratum=o1_minus_o2|outcome=movement|kind=order_difference|quantity=RS_minus_RP,RS − RP
base,full_valid,o1_minus_o2,movement,order_difference,interaction,-0.038281249999999975,-0.08124999999999995,0.005386284722222171,0.0838,9999,711,4266,0,60,237,robustness_contrasts|run=base|sample=full_valid|stratum=o1_minus_o2|outcome=movement|kind=order_difference|quantity=interaction,(RS − RP) − (NS − NP)
minimal_ab,full_valid,all,flip,cell,NP,0.6611886724386724,0.5876108405483405,0.7322921476671476,0.0002,9999,554,554,554,60,208,robustness_contrasts|run=minimal_ab|sample=full_valid|stratum=all|outcome=flip|kind=cell|quantity=NP,
minimal_ab,full_valid,all,flip,cell,NS,0.8778829966329966,0.8260911195286195,0.922249579124579,0.0002,9999,614,1228,1163,60,208,robustness_contrasts|run=minimal_ab|sample=full_valid|stratum=all|outcome=flip|kind=cell|quantity=NS,
minimal_ab,full_valid,all,flip,cell,RP,0.8954882154882156,0.8419090909090907,0.9422348484848484,0.0002,9999,601,601,601,60,208,robustness_contrasts|run=minimal_ab|sample=full_valid|stratum=all|outcome=flip|kind=cell|quantity=RP,
minimal_ab,full_valid,all,flip,cell,RS,0.827199074074074,0.7689814814814814,0.8809085648148147,0.0002,9999,619,1238,1179,60,208,robustness_contrasts|run=minimal_ab|sample=full_valid|stratum=all|outcome=flip|kind=cell|quantity=RS,
minimal_ab,full_valid,all,flip,contrast,NS_minus_NP,0.19434042809042806,0.15025683922558924,0.24090351430976426,0.0002,9999,547,1641,1586,60,208,robustness_contrasts|run=minimal_ab|sample=full_valid|stratum=all|outcome=flip|kind=contrast|quantity=NS_minus_NP,NS − NP
minimal_ab,full_valid,all,flip,contrast,RP_minus_NP,0.2103348965848966,0.15573373617123618,0.26826794733044734,0.0002,9999,534,1068,1068,60,206,robustness_contrasts|run=minimal_ab|sample=full_valid|stratum=all|outcome=flip|kind=contrast|quantity=RP_minus_NP,RP − NP
minimal_ab,full_valid,all,flip,contrast,RS_minus_NS,-0.047868265993266,-0.08331691919191918,-0.014339015151515156,0.0044,9999,609,2436,2316,60,208,robustness_contrasts|run=minimal_ab|sample=full_valid|stratum=all|outcome=flip|kind=contrast|quantity=RS_minus_NS,RS − NS
minimal_ab,full_valid,all,flip,contrast,RS_minus_RP,-0.04724206349206349,-0.06557515632515633,-0.029809689153439164,0.0002,9999,596,1788,1736,60,208,robustness_contrasts|run=minimal_ab|sample=full_valid|stratum=all|outcome=flip|kind=contrast|quantity=RS_minus_RP,RS − RP
minimal_ab,full_valid,all,flip,contrast,interaction,-0.23250751563251562,-0.286475499037999,-0.18047665644540645,0.0002,9999,523,3138,3051,60,206,robustness_contrasts|run=minimal_ab|sample=full_valid|stratum=all|outcome=flip|kind=contrast|quantity=interaction,(RS − RP) − (NS − NP)
minimal_ab,full_valid,o1,flip,contrast,NS_minus_NP,0.13644067796610168,0.0905536398467433,0.1865931026365347,0.0002,9999,267,801,783,59,104,robustness_contrasts|run=minimal_ab|sample=full_valid|stratum=o1|outcome=flip|kind=contrast|quantity=NS_minus_NP,NS − NP
minimal_ab,full_valid,o1,flip,contrast,RP_minus_NP,0.17542372881355936,0.10632183908045979,0.2494350282485876,0.0002,9999,264,528,528,59,104,robustness_contrasts|run=minimal_ab|sample=full_valid|stratum=o1|outcome=flip|kind=contrast|quantity=RP_minus_NP,RP − NP
minimal_ab,full_valid,o1,flip,contrast,RS_minus_NS,-0.046045197740112995,-0.1016680790960452,0.003333333333333333,0.0706,9999,303,1212,1165,59,104,robustness_contrasts|run=minimal_ab|sample=full_valid|stratum=o1|outcome=flip|kind=contrast|quantity=RS_minus_NS,RS − NS
minimal_ab,full_valid,o1,flip,contrast,RS_minus_RP,-0.05988700564971751,-0.08785310734463277,-0.03446327683615819,0.0002,9999,302,906,885,59,104,robustness_contrasts|run=minimal_ab|sample=full_valid|stratum=o1|outcome=flip|kind=contrast|quantity=RS_minus_RP,RS − RP
minimal_ab,full_valid,o1,flip,contrast,interaction,-0.19759887005649718,-0.2562146892655367,-0.143326388888889,0.0002,9999,259,1554,1523,59,104,robustness_contrasts|run=minimal_ab|sample=full_valid|stratum=o1|outcome=flip|kind=contrast|quantity=interaction,(RS − RP) − (NS − NP)
minimal_ab,full_valid,o2,flip,contrast,NS_minus_NP,0.2504310344827586,0.189303554613936,0.31564500941619583,0.0002,9999,280,840,803,58,104,robustness_contrasts|run=minimal_ab|sample=full_valid|stratum=o2|outcome=flip|kind=contrast|quantity=NS_minus_NP,NS − NP
minimal_ab,full_valid,o2,flip,contrast,RP_minus_NP,0.2540229885057471,0.1852777777777778,0.32542372881355924,0.0002,9999,270,540,540,58,102,robustness_contrasts|run=minimal_ab|sample=full_valid|stratum=o2|outcome=flip|kind=contrast|quantity=RP_minus_NP,RP − NP
minimal_ab,full_valid,o2,flip,contrast,RS_minus_NS,-0.060632183908045985,-0.1136176900584795,-0.012643678160919542,0.0094,9999,306,1224,1151,58,104,robustness_contrasts|run=minimal_ab|sample=full_valid|stratum=o2|outcome=flip|kind=contrast|quantity=RS_minus_NS,RS − NS
minimal_ab,full_valid,o2,flip,contrast,RS_minus_RP,-0.04195402298850575,-0.06839080459770114,-0.016090927750410523,0.0012,9999,294,882,851,58,104,robustness_contrasts|run=minimal_ab|sample=full_valid|stratum=o2|outcome=flip|kind=contrast|quantity=RS_minus_RP,RS − RP
minimal_ab,full_valid,o2,flip,contrast,interaction,-0.28908045977011493,-0.3682499486863711,-0.21326977401129954,0.0002,9999,264,1584,1528,58,102,robustness_contrasts|run=minimal_ab|sample=full_valid|stratum=o2|outcome=flip|kind=contrast|quantity=interaction,(RS − RP) − (NS − NP)
minimal_ab,full_valid,o1_minus_o2,flip,order_difference,NS_minus_NP,-0.11399035651665693,-0.1828568454120397,-0.048614483895058194,0.0004,9999,547,1641,1586,60,208,robustness_contrasts|run=minimal_ab|sample=full_valid|stratum=o1_minus_o2|outcome=flip|kind=order_difference|quantity=NS_minus_NP,NS − NP
minimal_ab,full_valid,o1_minus_o2,flip,order_difference,RP_minus_NP,-0.07859925969218776,-0.1565989906580205,-0.003107182284564046,0.042,9999,534,1068,1068,60,206,robustness_contrasts|run=minimal_ab|sample=full_valid|stratum=o1_minus_o2|outcome=flip|kind=order_difference|quantity=RP_minus_NP,RP − NP
minimal_ab,full_valid,o1_minus_o2,flip,order_difference,RS_minus_NS,0.01458698616793299,-0.05342097701149423,0.08292419962335217,0.6756,9999,609,2436,2316,60,208,robustness_contrasts|run=minimal_ab|sample=full_valid|stratum=o1_minus_o2|outcome=flip|kind=order_difference|quantity=RS_minus_NS,RS − NS
minimal_ab,full_valid,o1_minus_o2,flip,order_difference,RS_minus_RP,-0.01793298266121176,-0.053108410149667946,0.0181243612879852,0.3242,9999,596,1788,1736,60,208,robustness_contrasts|run=minimal_ab|sample=full_valid|stratum=o1_minus_o2|outcome=flip|kind=order_difference|quantity=RS_minus_RP,RS − RP
minimal_ab,full_valid,o1_minus_o2,flip,order_difference,interaction,0.09148158971361775,0.01264343869731801,0.17326712773556718,0.021,9999,523,3138,3051,60,206,robustness_contrasts|run=minimal_ab|sample=full_valid|stratum=o1_minus_o2|outcome=flip|kind=order_difference|quantity=interaction,(RS − RP) − (NS − NP)
minimal_ab,full_valid,all,movement,cell,NP,0.5686921296296297,0.4805555555555557,0.6584519675925925,0.0002,9999,624,624,0,60,208,robustness_contrasts|run=minimal_ab|sample=full_valid|stratum=all|outcome=movement|kind=cell|quantity=NP,
minimal_ab,full_valid,all,movement,cell,NS,0.9009837962962963,0.8097106481481481,0.9901331018518517,0.0002,9999,624,1248,0,60,208,robustness_contrasts|run=minimal_ab|sample=full_valid|stratum=all|outcome=movement|kind=cell|quantity=NS,
minimal_ab,full_valid,all,movement,cell,RP,1.104108796296296,0.989403935185185,1.2188078703703702,0.0002,9999,624,624,0,60,208,robustness_contrasts|run=minimal_ab|sample=full_valid|stratum=all|outcome=movement|kind=cell|quantity=RP,
minimal_ab,full_valid,all,movement,cell,RS,0.8828125,0.769039351851852,0.9958116319444447,0.0002,9999,624,1248,0,60,208,robustness_contrasts|run=minimal_ab|sample=full_valid|stratum=all|outcome=movement|kind=cell|quantity=RS,
minimal_ab,full_valid,all,movement,contrast,NS_minus_NP,0.33229166666666665,0.2956293402777778,0.3691840277777778,0.0002,9999,624,1872,0,60,208,robustness_contrasts|run=minimal_ab|sample=full_valid|stratum=all|outcome=movement|kind=contrast|quantity=NS_minus_NP,NS − NP
minimal_ab,full_valid,all,movement,contrast,RP_minus_NP,0.5354166666666667,0.4784114583333334,0.591440972222222,0.0002,9999,624,1248,0,60,208,robustness_contrasts|run=minimal_ab|sample=full_valid|stratum=all|outcome=movement|kind=contrast|quantity=RP_minus_NP,RP − NP
minimal_ab,full_valid,all,movement,contrast,RS_minus_NS,-0.018171296296296303,-0.0725144675925926,0.03764612268518517,0.514,9999,624,2496,0,60,208,robustness_contrasts|run=minimal_ab|sample=full_valid|stratum=all|outcome=movement|kind=contrast|quantity=RS_minus_NS,RS − NS
minimal_ab,full_valid,all,movement,contrast,RS_minus_RP,-0.22129629629629624,-0.2507552083333333,-0.1932566550925926,0.0002,9999,624,1872,0,60,208,robustness_contrasts|run=minimal_ab|sample=full_valid|stratum=all|outcome=movement|kind=contrast|quantity=RS_minus_RP,RS − RP
minimal_ab,full_valid,all,movement,contrast,interaction,-0.553587962962963,-0.5893518518518518,-0.5169820601851852,0.0002,9999,624,3744,0,60,208,robustness_contrasts|run=minimal_ab|sample=full_valid|stratum=all|outcome=movement|kind=contrast|quantity=interaction,(RS − RP) − (NS − NP)
minimal_ab,full_valid,directive_reconsideration,movement,contrast,NS_minus_NP,0.3810763888888889,0.33437500000000014,0.42743055555555554,0.0002,9999,208,624,0,60,208,robustness_contrasts|run=minimal_ab|sample=full_valid|stratum=directive_reconsideration|outcome=movement|kind=contrast|quantity=NS_minus_NP,NS − NP
minimal_ab,full_valid,directive_reconsideration,movement,contrast,RP_minus_NP,0.47343749999999996,0.41024305555555557,0.5366319444444445,0.0002,9999,208,416,0,60,208,robustness_contrasts|run=minimal_ab|sample=full_valid|stratum=directive_reconsideration|outcome=movement|kind=contrast|quantity=RP_minus_NP,RP − NP
minimal_ab,full_valid,directive_reconsideration,movement,contrast,RS_minus_NS,-0.06901041666666667,-0.12994791666666666,-0.006857638888888883,0.0312,9999,208,832,0,60,208,robustness_contrasts|run=minimal_ab|sample=full_valid|stratum=directive_reconsideration|outcome=movement|kind=contrast|quantity=RS_minus_NS,RS − NS
minimal_ab,full_valid,directive_reconsideration,movement,contrast,RS_minus_RP,-0.1613715277777778,-0.1980902777777778,-0.12586805555555555,0.0002,9999,208,624,0,60,208,robustness_contrasts|run=minimal_ab|sample=full_valid|stratum=directive_reconsideration|outcome=movement|kind=contrast|quantity=RS_minus_RP,RS − RP
minimal_ab,full_valid,directive_reconsideration,movement,contrast,interaction,-0.5424479166666667,-0.5850694444444444,-0.49964843749999993,0.0002,9999,208,1248,0,60,208,robustness_contrasts|run=minimal_ab|sample=full_valid|stratum=directive_reconsideration|outcome=movement|kind=contrast|quantity=interaction,(RS − RP) − (NS − NP)
minimal_ab,full_valid,o1,movement,contrast,NS_minus_NP,0.317090395480226,0.2703036723163842,0.36458333333333326,0.0002,9999,312,936,0,59,104,robustness_contrasts|run=minimal_ab|sample=full_valid|stratum=o1|outcome=movement|kind=contrast|quantity=NS_minus_NP,NS − NP
minimal_ab,full_valid,o1,movement,contrast,RP_minus_NP,0.5550847457627117,0.47622999058380416,0.6317090395480224,0.0002,9999,312,624,0,59,104,robustness_contrasts|run=minimal_ab|sample=full_valid|stratum=o1|outcome=movement|kind=contrast|quantity=RP_minus_NP,RP − NP
minimal_ab,full_valid,o1,movement,contrast,RS_minus_NS,-0.0014124293785310704,-0.08315972222222222,0.07589411824051652,0.9836,9999,312,1248,0,59,104,robustness_contrasts|run=minimal_ab|sample=full_valid|stratum=o1|outcome=movement|kind=contrast|quantity=RS_minus_NS,RS − NS
minimal_ab,full_valid,o1,movement,contrast,RS_minus_RP,-0.239406779661017,-0.28001412429378525,-0.19982390873015873,0.0002,9999,312,936,0,59,104,robustness_contrasts|run=minimal_ab|sample=full_valid|stratum=o1|outcome=movement|kind=contrast|quantity=RS_minus_RP,RS − RP
minimal_ab,full_valid,o1,movement,contrast,interaction,-0.556497175141243,-0.6009894887510088,-0.5114759887005651,0.0002,9999,312,1872,0,59,104,robustness_contrasts|run=minimal_ab|sample=full_valid|stratum=o1|outcome=movement|kind=contrast|quantity=interaction,(RS − RP) − (NS − NP)
minimal_ab,full_valid,o2,movement,contrast,NS_minus_NP,0.35704022988505746,0.3177966101694915,0.39706920903954795,0.0002,9999,312,936,0,58,104,robustness_contrasts|run=minimal_ab|sample=full_valid|stratum=o2|outcome=movement|kind=contrast|quantity=NS_minus_NP,NS − NP
minimal_ab,full_valid,o2,movement,contrast,RP_minus_NP,0.49173850574712646,0.42761299435028255,0.5577526340996167,0.0002,9999,312,624,0,58,104,robustness_contrasts|run=minimal_ab|sample=full_valid|stratum=o2|outcome=movement|kind=contrast|quantity=RP_minus_NP,RP − NP
minimal_ab,full_valid,o2,movement,contrast,RS_minus_NS,-0.06788793103448275,-0.13348030652195458,-0.0012908584770116493,0.0466,9999,312,1248,0,58,104,robustness_contrasts|run=minimal_ab|sample=full_valid|stratum=o2|outcome=movement|kind=contrast|quantity=RS_minus_NS,RS − NS
minimal_ab,full_valid,o2,movement,contrast,RS_minus_RP,-0.20258620689655168,-0.2383040935672515,-0.16613700564971756,0.0002,9999,312,936,0,58,104,robustness_contrasts|run=minimal_ab|sample=full_valid|stratum=o2|outcome=movement|kind=contrast|quantity=RS_minus_RP,RS − RP
minimal_ab,full_valid,o2,movement,contrast,interaction,-0.5596264367816093,-0.6067251461988303,-0.5111476608187135,0.0002,9999,312,1872,0,58,104,robustness_contrasts|run=minimal_ab|sample=full_valid|stratum=o2|outcome=movement|kind=contrast|quantity=interaction,(RS − RP) − (NS − NP)
minimal_ab,full_valid,stance_alternative,movement,contrast,NS_minus_NP,0.33246527777777785,0.2894097222222223,0.37638888888888894,0.0002,9999,208,624,0,60,208,robustness_contrasts|run=minimal_ab|sample=full_valid|stratum=stance_alternative|outcome=movement|kind=contrast|quantity=NS_minus_NP,NS − NP
minimal_ab,full_valid,stance_alternative,movement,contrast,RP_minus_NP,0.6640625,0.6031163194444444,0.7225694444444444,0.0002,9999,208,416,0,60,208,robustness_contrasts|run=minimal_ab|sample=full_valid|stratum=stance_alternative|outcome=movement|kind=contrast|quantity=RP_minus_NP,RP − NP
minimal_ab,full_valid,stance_alternative,movement,contrast,RS_minus_NS,0.10616319444444443,0.04800347222222222,0.16510416666666666,0.0006,9999,208,832,0,60,208,robustness_contrasts|run=minimal_ab|sample=full_valid|stratum=stance_alternative|outcome=movement|kind=contrast|quantity=RS_minus_NS,RS − NS
minimal_ab,full_valid,stance_alternative,movement,contrast,RS_minus_RP,-0.22543402777777777,-0.25599826388888886,-0.19661458333333334,0.0002,9999,208,624,0,60,208,robustness_contrasts|run=minimal_ab|sample=full_valid|stratum=stance_alternative|outcome=movement|kind=contrast|quantity=RS_minus_RP,RS − RP
minimal_ab,full_valid,stance_alternative,movement,contrast,interaction,-0.5578993055555556,-0.6023524305555553,-0.5131944444444445,0.0002,9999,208,1248,0,60,208,robustness_contrasts|run=minimal_ab|sample=full_valid|stratum=stance_alternative|outcome=movement|kind=contrast|quantity=interaction,(RS − RP) − (NS − NP)
minimal_ab,full_valid,stance_disagreement,movement,contrast,NS_minus_NP,0.2833333333333333,0.24687500000000004,0.3194444444444445,0.0002,9999,208,624,0,60,208,robustness_contrasts|run=minimal_ab|sample=full_valid|stratum=stance_disagreement|outcome=movement|kind=contrast|quantity=NS_minus_NP,NS − NP
minimal_ab,full_valid,stance_disagreement,movement,contrast,RP_minus_NP,0.46874999999999994,0.4059027777777777,0.5310763888888889,0.0002,9999,208,416,0,60,208,robustness_contrasts|run=minimal_ab|sample=full_valid|stratum=stance_disagreement|outcome=movement|kind=contrast|quantity=RP_minus_NP,RP − NP
minimal_ab,full_valid,stance_disagreement,movement,contrast,RS_minus_NS,-0.09166666666666666,-0.14844618055555556,-0.034895833333333334,0.002,9999,208,832,0,60,208,robustness_contrasts|run=minimal_ab|sample=full_valid|stratum=stance_disagreement|outcome=movement|kind=contrast|quantity=RS_minus_NS,RS − NS
minimal_ab,full_valid,stance_disagreement,movement,contrast,RS_minus_RP,-0.27708333333333335,-0.30711805555555555,-0.2482638888888889,0.0002,9999,208,624,0,60,208,robustness_contrasts|run=minimal_ab|sample=full_valid|stratum=stance_disagreement|outcome=movement|kind=contrast|quantity=RS_minus_RP,RS − RP
minimal_ab,full_valid,stance_disagreement,movement,contrast,interaction,-0.5604166666666668,-0.6004340277777778,-0.5198697916666667,0.0002,9999,208,1248,0,60,208,robustness_contrasts|run=minimal_ab|sample=full_valid|stratum=stance_disagreement|outcome=movement|kind=contrast|quantity=interaction,(RS − RP) − (NS − NP)
minimal_ab,full_valid,conclusion_result,movement,family_mean,NS_minus_NP,0.3293126622172785,0.29352976985339485,0.3644133403765752,0.0002,9999,624,1248,0,60,208,robustness_contrasts|run=minimal_ab|sample=full_valid|stratum=conclusion_result|outcome=movement|kind=family_mean|quantity=NS_minus_NP,NS − NP
minimal_ab,full_valid,conclusion_result,movement,family_mean,RS_minus_RP,-0.21864254484700815,-0.2478183606320108,-0.19163312424029755,0.0002,9999,624,1248,0,60,208,robustness_contrasts|run=minimal_ab|sample=full_valid|stratum=conclusion_result|outcome=movement|kind=family_mean|quantity=RS_minus_RP,RS − RP
minimal_ab,full_valid,inference_basis,movement,family_mean,NS_minus_NP,0.3706511509456911,0.3405293709292019,0.3996328418931854,0.0002,9999,624,1248,0,60,208,robustness_contrasts|run=minimal_ab|sample=full_valid|stratum=inference_basis|outcome=movement|kind=family_mean|quantity=NS_minus_NP,NS − NP
minimal_ab,full_valid,inference_basis,movement,family_mean,RS_minus_RP,-0.19427832132214318,-0.22569118116687564,-0.16383903551307982,0.0002,9999,624,1248,0,60,208,robustness_contrasts|run=minimal_ab|sample=full_valid|stratum=inference_basis|outcome=movement|kind=family_mean|quantity=RS_minus_RP,RS − RP
minimal_ab,full_valid,m01_therefore,movement,marker,NS_minus_NP,0.537202380952381,0.46166447368421054,0.6121880723443223,0.0002,9999,96,192,0,28,32,robustness_contrasts|run=minimal_ab|sample=full_valid|stratum=m01_therefore|outcome=movement|kind=marker|quantity=NS_minus_NP,NS − NP
minimal_ab,full_valid,m01_therefore,movement,marker,RS_minus_RP,-0.1443452380952381,-0.20536227422003284,-0.08620689655172416,0.0002,9999,96,192,0,28,32,robustness_contrasts|run=minimal_ab|sample=full_valid|stratum=m01_therefore|outcome=movement|kind=marker|quantity=RS_minus_RP,RS − RP
minimal_ab,full_valid,m02_consequently,movement,marker,NS_minus_NP,0.4906609195402299,0.4151758156966491,0.5657916666666665,0.0002,9999,99,198,0,29,33,robustness_contrasts|run=minimal_ab|sample=full_valid|stratum=m02_consequently|outcome=movement|kind=marker|quantity=NS_minus_NP,NS − NP
minimal_ab,full_valid,m02_consequently,movement,marker,RS_minus_RP,-0.08189655172413793,-0.14518420649509803,-0.019287155745489126,0.011,9999,99,198,0,29,33,robustness_contrasts|run=minimal_ab|sample=full_valid|stratum=m02_consequently|outcome=movement|kind=marker|quantity=RS_minus_RP,RS − RP
minimal_ab,full_valid,m03_thus,movement,marker,NS_minus_NP,0.30357142857142866,0.24305555555555555,0.36290499434069035,0.0002,9999,99,198,0,28,33,robustness_contrasts|run=minimal_ab|sample=full_valid|stratum=m03_thus|outcome=movement|kind=marker|quantity=NS_minus_NP,NS − NP
minimal_ab,full_valid,m03_thus,movement,marker,RS_minus_RP,-0.24479166666666666,-0.2943593189964158,-0.1941964285714286,0.0002,9999,99,198,0,28,33,robustness_contrasts|run=minimal_ab|sample=full_valid|stratum=m03_thus|outcome=movement|kind=marker|quantity=RS_minus_RP,RS − RP
minimal_ab,full_valid,m04_accordingly,movement,marker,NS_minus_NP,0.3467261904761904,0.279320987654321,0.4173863403119869,0.0002,9999,105,210,0,28,35,robustness_contrasts|run=minimal_ab|sample=full_valid|stratum=m04_accordingly|outcome=movement|kind=marker|quantity=NS_minus_NP,NS − NP
minimal_ab,full_valid,m04_accordingly,movement,marker,RS_minus_RP,-0.22842261904761907,-0.3001543209876543,-0.15950270432692312,0.0002,9999,105,210,0,28,35,robustness_contrasts|run=minimal_ab|sample=full_valid|stratum=m04_accordingly|outcome=movement|kind=marker|quantity=RS_minus_RP,RS − RP
minimal_ab,full_valid,m05_for_this_reason,movement,marker,NS_minus_NP,0.125,0.06696428571428571,0.18583442982456141,0.0004,9999,108,216,0,32,36,robustness_contrasts|run=minimal_ab|sample=full_valid|stratum=m05_for_this_reason|outcome=movement|kind=marker|quantity=NS_minus_NP,NS − NP
minimal_ab,full_valid,m05_for_this_reason,movement,marker,RS_minus_RP,-0.24479166666666669,-0.3006944444444445,-0.1867530906593407,0.0002,9999,108,216,0,32,36,robustness_contrasts|run=minimal_ab|sample=full_valid|stratum=m05_for_this_reason|outcome=movement|kind=marker|quantity=RS_minus_RP,RS − RP
minimal_ab,full_valid,m06_that_is_why,movement,marker,NS_minus_NP,0.1727150537634409,0.10118609943977593,0.24128360215053735,0.0002,9999,117,234,0,31,39,robustness_contrasts|run=minimal_ab|sample=full_valid|stratum=m06_that_is_why|outcome=movement|kind=marker|quantity=NS_minus_NP,NS − NP
minimal_ab,full_valid,m06_that_is_why,movement,marker,RS_minus_RP,-0.36760752688172044,-0.430316091954023,-0.30989163306451617,0.0002,9999,117,234,0,31,39,robustness_contrasts|run=minimal_ab|sample=full_valid|stratum=m06_that_is_why|outcome=movement|kind=marker|quantity=RS_minus_RP,RS − RP
minimal_ab,full_valid,m07_this_implies_that,movement,marker,NS_minus_NP,0.4418103448275862,0.3591633771929824,0.5229923542692939,0.0002,9999,99,198,0,29,33,robustness_contrasts|run=minimal_ab|sample=full_valid|stratum=m07_this_implies_that|outcome=movement|kind=marker|quantity=NS_minus_NP,NS − NP
minimal_ab,full_valid,m07_this_implies_that,movement,marker,RS_minus_RP,-0.26364942528735635,-0.35978816105769224,-0.1684027777777778,0.0002,9999,99,198,0,29,33,robustness_contrasts|run=minimal_ab|sample=full_valid|stratum=m07_this_implies_that|outcome=movement|kind=marker|quantity=RS_minus_RP,RS − RP
minimal_ab,full_valid,m08_it_follows_that,movement,marker,NS_minus_NP,0.394675925925926,0.3377953643578644,0.4503717872284049,0.0002,9999,138,276,0,36,46,robustness_contrasts|run=minimal_ab|sample=full_valid|stratum=m08_it_follows_that|outcome=movement|kind=marker|quantity=NS_minus_NP,NS − NP
minimal_ab,full_valid,m08_it_follows_that,movement,marker,RS_minus_RP,-0.24421296296296294,-0.3038194444444444,-0.18391774891774906,0.0002,9999,138,276,0,36,46,robustness_contrasts|run=minimal_ab|sample=full_valid|stratum=m08_it_follows_that|outcome=movement|kind=marker|quantity=RS_minus_RP,RS − RP
minimal_ab,full_valid,m09_on_that_basis,movement,marker,NS_minus_NP,0.21319444444444444,0.16601562499999997,0.2682291666666667,0.0002,9999,108,216,0,30,36,robustness_contrasts|run=minimal_ab|sample=full_valid|stratum=m09_on_that_basis|outcome=movement|kind=marker|quantity=NS_minus_NP,NS − NP
minimal_ab,full_valid,m09_on_that_basis,movement,marker,RS_minus_RP,-0.33402777777777787,-0.40995673723118276,-0.2665415645424837,0.0002,9999,108,216,0,30,36,robustness_contrasts|run=minimal_ab|sample=full_valid|stratum=m09_on_that_basis|outcome=movement|kind=marker|quantity=RS_minus_RP,RS − RP
minimal_ab,full_valid,m10_based_on_this,movement,marker,NS_minus_NP,0.2619047619047619,0.18910256410256412,0.33583333333333326,0.0002,9999,96,192,0,28,32,robustness_contrasts|run=minimal_ab|sample=full_valid|stratum=m10_based_on_this|outcome=movement|kind=marker|quantity=NS_minus_NP,NS − NP
minimal_ab,full_valid,m10_based_on_this,movement,marker,RS_minus_RP,-0.25074404761904767,-0.32226753982843137,-0.17666666666666667,0.0002,9999,96,192,0,28,32,robustness_contrasts|run=minimal_ab|sample=full_valid|stratum=m10_based_on_this|outcome=movement|kind=marker|quantity=RS_minus_RP,RS − RP
minimal_ab,full_valid,m11_given_this,movement,marker,NS_minus_NP,0.3556547619047619,0.2862514029180696,0.4284420289855073,0.0002,9999,99,198,0,28,33,robustness_contrasts|run=minimal_ab|sample=full_valid|stratum=m11_given_this|outcome=movement|kind=marker|quantity=NS_minus_NP,NS − NP
minimal_ab,full_valid,m11_given_this,movement,marker,RS_minus_RP,-0.07886904761904763,-0.13646412037037037,-0.021634615384615388,0.0068,9999,99,198,0,28,33,robustness_contrasts|run=minimal_ab|sample=full_valid|stratum=m11_given_this|outcome=movement|kind=marker|quantity=RS_minus_RP,RS − RP
minimal_ab,full_valid,m12_in_view_of_this,movement,marker,NS_minus_NP,0.5566666666666666,0.4676684227330779,0.6411120129870127,0.0002,9999,84,168,0,25,28,robustness_contrasts|run=minimal_ab|sample=full_valid|stratum=m12_in_view_of_this|outcome=movement|kind=marker|quantity=NS_minus_NP,NS − NP
minimal_ab,full_valid,m12_in_view_of_this,movement,marker,RS_minus_RP,0.005833333333333333,-0.07416666666666667,0.09115203373015864,0.904,9999,84,168,0,25,28,robustness_contrasts|run=minimal_ab|sample=full_valid|stratum=m12_in_view_of_this|outcome=movement|kind=marker|quantity=RS_minus_RP,RS − RP
minimal_ab,full_valid,o1_minus_o2,movement,order_difference,NS_minus_NP,-0.039949834404831464,-0.09551751534190533,0.01490660919540216,0.163,9999,624,1872,0,60,208,robustness_contrasts|run=minimal_ab|sample=full_valid|stratum=o1_minus_o2|outcome=movement|kind=order_difference|quantity=NS_minus_NP,NS − NP
minimal_ab,full_valid,o1_minus_o2,movement,order_difference,RP_minus_NP,0.06334624001558525,-0.030391439716388715,0.15470352921498648,0.1778,9999,624,1248,0,60,208,robustness_contrasts|run=minimal_ab|sample=full_valid|stratum=o1_minus_o2|outcome=movement|kind=order_difference|quantity=RP_minus_NP,RP − NP
minimal_ab,full_valid,o1_minus_o2,movement,order_difference,RS_minus_NS,0.06647550165595167,-0.03649952919020707,0.1640581622589129,0.191,9999,624,2496,0,60,208,robustness_contrasts|run=minimal_ab|sample=full_valid|stratum=o1_minus_o2|outcome=movement|kind=order_difference|quantity=RS_minus_NS,RS − NS
minimal_ab,full_valid,o1_minus_o2,movement,order_difference,RS_minus_RP,-0.03682057276446532,-0.0904330739820767,0.014371707375478883,0.1654,9999,624,1872,0,60,208,robustness_contrasts|run=minimal_ab|sample=full_valid|stratum=o1_minus_o2|outcome=movement|kind=order_difference|quantity=RS_minus_RP,RS − RP
minimal_ab,full_valid,o1_minus_o2,movement,order_difference,interaction,0.00312926164036631,-0.0518703527826483,0.05781323564030135,0.9098,9999,624,3744,0,60,208,robustness_contrasts|run=minimal_ab|sample=full_valid|stratum=o1_minus_o2|outcome=movement|kind=order_difference|quantity=interaction,(RS − RP) − (NS − NP)
