outcome,kind,quantity,estimate,ci_low,ci_high,p_boot,replicates_defined,n_blocks,n_movement_rows,n_flip_rows,n_decisions,n_initials,statistic_id,base_estimate,instruct_estimate,difference,interpretation,quantity_label
flip,cell,NP,0.037491582491582576,0.015833333333333366,0.06424452861952888,0.0004,9999,1339,1339,1339,60,454,base_vs_instruct|outcome=flip|kind=cell|quantity=NP,0.9625084175084174,1.0,instruct_minus_base,association between checkpoints and prompt formats,
flip,cell,NS,0.018308080808080884,0.007070707070707116,0.031376262626262585,0.0004,9999,1359,2718,2694,60,454,base_vs_instruct|outcome=flip|kind=cell|quantity=NS,0.9816919191919191,1.0,instruct_minus_base,association between checkpoints and prompt formats,
flip,cell,RP,0.027159090909090966,0.01069444444444445,0.04724747474747482,0.0006,9999,1350,1350,1350,60,453,base_vs_instruct|outcome=flip|kind=cell|quantity=RP,0.972840909090909,1.0,instruct_minus_base,association between checkpoints and prompt formats,
flip,cell,RS,0.023194444444444406,0.00833333333333341,0.04171296296296301,0.0002,9999,1354,2708,2691,60,453,base_vs_instruct|outcome=flip|kind=cell|quantity=RS,0.9768055555555556,1.0,instruct_minus_base,association between checkpoints and prompt formats,
flip,contrast,NS_minus_NP,-0.014313973063973062,-0.02886132154882154,-0.0021296296296296293,0.013,9999,1336,4008,3994,60,454,base_vs_instruct|outcome=flip|kind=contrast|quantity=NS_minus_NP,0.014313973063973062,0.0,instruct_minus_base,association between checkpoints and prompt formats,NS − NP
flip,contrast,RP_minus_NP,-0.007348484848484848,-0.022356902356902353,0.007004629629629611,0.3268,9999,1330,2660,2660,60,453,base_vs_instruct|outcome=flip|kind=contrast|quantity=RP_minus_NP,0.007348484848484848,0.0,instruct_minus_base,association between checkpoints and prompt formats,RP − NP
flip,contrast,RS_minus_NS,0.010416666666666666,-0.0013888888888888887,0.025694444444444443,0.094,9999,1353,5412,5373,60,453,base_vs_instruct|outcome=flip|kind=contrast|quantity=RS_minus_NS,-0.010416666666666666,0.0,instruct_minus_base,association between checkpoints and prompt formats,RS − NS
flip,contrast,RS_minus_RP,0.0006944444444444443,-0.007870370370370371,0.00949074074074074,0.9232,9999,1346,4038,4024,60,453,base_vs_instruct|outcome=flip|kind=contrast|quantity=RS_minus_RP,-0.0006944444444444443,0.0,instruct_minus_base,association between checkpoints and prompt formats,RS − RP
flip,contrast,interaction,0.011346801346801346,-0.0027356902356902354,0.02829166666666666,0.1304,9999,1325,7950,7928,60,452,base_vs_instruct|outcome=flip|kind=contrast|quantity=interaction,-0.011346801346801346,0.0,instruct_minus_base,association between checkpoints and prompt formats,(RS − RP) − (NS − NP)
movement,cell,NP,6.560590277777778,6.3018981481481475,6.830966435185185,0.0002,9999,1362,1362,0,60,454,base_vs_instruct|outcome=movement|kind=cell|quantity=NP,1.3220775462962961,7.882667824074074,instruct_minus_base,association between checkpoints and prompt formats,
movement,cell,NS,5.686400462962961,5.431365740740739,5.955991753472222,0.0002,9999,1362,2724,0,60,454,base_vs_instruct|outcome=movement|kind=cell|quantity=NS,1.4400607638888887,7.12646122685185,instruct_minus_base,association between checkpoints and prompt formats,
movement,cell,RP,6.0969039351851855,5.831614583333334,6.3680584490740735,0.0002,9999,1362,1362,0,60,454,base_vs_instruct|outcome=movement|kind=cell|quantity=RP,1.597974537037037,7.694878472222222,instruct_minus_base,association between checkpoints and prompt formats,
movement,cell,RS,6.091174768518519,5.836190682870372,6.3546310763888885,0.0002,9999,1362,2724,0,60,454,base_vs_instruct|outcome=movement|kind=cell|quantity=RS,1.5858651620370372,7.677039930555556,instruct_minus_base,association between checkpoints and prompt formats,
movement,contrast,NS_minus_NP,-0.8741898148148148,-0.9422048611111113,-0.806898871527778,0.0002,9999,1362,4086,0,60,454,base_vs_instruct|outcome=movement|kind=contrast|quantity=NS_minus_NP,0.1179832175925926,-0.7562065972222223,instruct_minus_base,association between checkpoints and prompt formats,NS − NP
movement,contrast,RP_minus_NP,-0.46368634259259256,-0.5366898148148147,-0.39206886574074074,0.0002,9999,1362,2724,0,60,454,base_vs_instruct|outcome=movement|kind=contrast|quantity=RP_minus_NP,0.27589699074074076,-0.18778935185185183,instruct_minus_base,association between checkpoints and prompt formats,RP − NP
movement,contrast,RS_minus_NS,0.4047743055555556,0.31303457754629616,0.4974406828703703,0.0002,9999,1362,5448,0,60,454,base_vs_instruct|outcome=movement|kind=contrast|quantity=RS_minus_NS,0.14580439814814816,0.5505787037037038,instruct_minus_base,association between checkpoints and prompt formats,RS − NS
movement,contrast,RS_minus_RP,-0.005729166666666664,-0.04116608796296293,0.03119285300925925,0.7556,9999,1362,4086,0,60,454,base_vs_instruct|outcome=movement|kind=contrast|quantity=RS_minus_RP,-0.012109375000000002,-0.017838541666666666,instruct_minus_base,association between checkpoints and prompt formats,RS − RP
movement,contrast,interaction,0.8684606481481482,0.7979521122685186,0.9409107349537036,0.0002,9999,1362,8172,0,60,454,base_vs_instruct|outcome=movement|kind=contrast|quantity=interaction,-0.13009259259259262,0.7383680555555555,instruct_minus_base,association between checkpoints and prompt formats,(RS − RP) − (NS − NP)
