run,quantity,estimate,ci_low,ci_high,p_boot,replicates_defined,n_blocks,n_movement_rows,n_flip_rows,n_decisions,n_initials,statistic_id,raw_rows,raw_flip_defined,raw_flips,raw_flip_rate,raw_exact_post_ties
ab_bfirst,NP,0.8430309042809043,0.7930176767676769,0.8906335678210678,0.0002,9999,640,640,640,60,233,condition_descriptives_flip|run=ab_bfirst|quantity=NP,702,640,542,0.846875,62
ab_bfirst,NS,0.8422558922558924,0.7978303872053871,0.8854608585858585,0.0002,9999,688,1376,1293,60,234,condition_descriptives_flip|run=ab_bfirst|quantity=NS,1404,1293,1106,0.8553750966744006,111
ab_bfirst,RP,0.7948484848484848,0.7404785353535355,0.8475265151515152,0.0002,9999,668,668,668,60,233,condition_descriptives_flip|run=ab_bfirst|quantity=RP,702,668,530,0.7934131736526946,34
ab_bfirst,RS,0.7920424482924483,0.7387612734487732,0.8435236291486291,0.0002,9999,684,1368,1323,60,234,condition_descriptives_flip|run=ab_bfirst|quantity=RS,1404,1323,1057,0.798941798941799,81
base,NP,0.9638973063973064,0.9383661616161616,0.984682239057239,0.0002,9999,688,688,688,60,237,condition_descriptives_flip|run=base|quantity=NP,711,688,665,0.9665697674418605,23
base,NS,0.9822601010101011,0.9693181818181817,0.9930555555555556,0.0002,9999,708,1416,1392,60,237,condition_descriptives_flip|run=base|quantity=NS,1422,1392,1371,0.9849137931034483,30
base,RP,0.9740909090909091,0.9544166666666666,0.9898989898989898,0.0002,9999,698,698,698,60,236,condition_descriptives_flip|run=base|quantity=RP,711,698,681,0.9756446991404012,13
base,RS,0.9781734006734006,0.960727904040404,0.9920833333333333,0.0002,9999,703,1406,1387,60,236,condition_descriptives_flip|run=base|quantity=RS,1422,1387,1362,0.9819754866618601,35
instruct,NP,1.0,1.0,1.0,0.0002,9999,690,690,690,60,230,condition_descriptives_flip|run=instruct|quantity=NP,690,690,690,1.0,0
instruct,NS,1.0,1.0,1.0,0.0002,9999,690,1380,1380,60,230,condition_descriptives_flip|run=instruct|quantity=NS,1380,1380,1380,1.0,0
instruct,RP,1.0,1.0,1.0,0.0002,9999,690,690,690,60,230,condition_descriptives_flip|run=instruct|quantity=RP,690,690,690,1.0,0
instruct,RS,1.0,1.0,1.0,0.0002,9999,690,1380,1380,60,230,condition_descriptives_flip|run=instruct|quantity=RS,1380,1380,1380,1.0,0
minimal_ab,NP,0.6611886724386724,0.5876108405483405,0.7322921476671476,0.0002,9999,554,554,554,60,208,condition_descriptives_flip|run=minimal_ab|quantity=NP,624,554,380,0.6859205776173285,70
minimal_ab,NS,0.8778829966329966,0.8260911195286195,0.922249579124579,0.0002,9999,614,1228,1163,60,208,condition_descriptives_flip|run=minimal_ab|quantity=NS,1248,1163,1059,0.9105760963026656,85
minimal_ab,RP,0.8954882154882156,0.8419090909090907,0.9422348484848484,0.0002,9999,601,601,601,60,208,condition_descriptives_flip|run=minimal_ab|quantity=RP,624,601,552,0.9184692179700499,23
minimal_ab,RS,0.827199074074074,0.7689814814814814,0.8809085648148147,0.0002,9999,619,1238,1179,60,208,condition_descriptives_flip|run=minimal_ab|quantity=RS,1248,1179,1004,0.8515691263782866,69
