run,quantity,estimate,ci_low,ci_high,p_boot,replicates_defined,n_blocks,n_movement_rows,n_flip_rows,n_decisions,n_initials,statistic_id,raw_rows,raw_mean,raw_sd,raw_min,raw_q25,raw_median,raw_q75,raw_max,raw_positive
ab_bfirst,NP,0.7948784722222224,0.7303197337962966,0.8624710648148146,0.0002,9999,702,702,0,60,234,condition_descriptives_movement|run=ab_bfirst|quantity=NP,702,0.8003027065527065,0.529826875911125,-0.625,0.4375,0.8125,1.1875,2.25,656
ab_bfirst,NS,0.84765625,0.7814952256944445,0.9146961805555556,0.0002,9999,702,1404,0,60,234,condition_descriptives_movement|run=ab_bfirst|quantity=NS,1404,0.8532763532763533,0.5528428304096684,-0.4375,0.4375,0.8125,1.1875,2.625,1338
ab_bfirst,RP,0.8828125,0.8128182870370371,0.9541681134259261,0.0002,9999,702,702,0,60,234,condition_descriptives_movement|run=ab_bfirst|quantity=RP,702,0.8871082621082621,0.6532644813216634,-0.5625,0.375,0.875,1.375,2.6875,642
ab_bfirst,RS,0.8730902777777777,0.8012579571759259,0.9464416956018519,0.0002,9999,702,1404,0,60,234,condition_descriptives_movement|run=ab_bfirst|quantity=RS,1404,0.8774038461538461,0.644099479119173,-0.4375,0.375,0.8125,1.3125,2.9375,1281
base,NP,1.323813657407407,1.245745081018518,1.4049797453703705,0.0002,9999,711,711,0,60,237,condition_descriptives_movement|run=base|quantity=NP,711,1.3295534458509142,0.5794543201248471,-0.4375,0.9375,1.3125,1.6875,3.0,701
base,NS,1.447236689814815,1.3726540798611113,1.5261299189814819,0.0002,9999,711,1422,0,60,237,condition_descriptives_movement|run=base|quantity=NS,1422,1.452487693389592,0.5791533250495924,-0.3125,1.0625,1.4375,1.8125,3.1875,1413
base,RP,1.5966724537037036,1.5129904513888888,1.684700520833333,0.0002,9999,711,711,0,60,237,condition_descriptives_movement|run=base|quantity=RP,711,1.6030239099859354,0.6755935039105238,-0.1875,1.125,1.5625,2.0625,3.375,707
base,RS,1.584085648148148,1.5006278935185187,1.6706561053240734,0.0002,9999,711,1422,0,60,237,condition_descriptives_movement|run=base|quantity=RS,1422,1.590365682137834,0.6480600943484349,-0.0625,1.125,1.5625,2.0625,3.5,1417
instruct,NP,7.869155092592593,7.618949652777779,8.135619212962963,0.0002,9999,690,690,0,60,230,condition_descriptives_movement|run=instruct|quantity=NP,690,7.895471014492753,1.378286366580729,4.125,6.875,7.625,8.6875,12.125,690
instruct,NS,7.1148437499999995,6.867385706018518,7.379762008101849,0.0002,9999,690,1380,0,60,230,condition_descriptives_movement|run=instruct|quantity=NS,1380,7.140126811594203,1.434559058397034,3.0,6.125,7.0,7.9375,11.875,1380
instruct,RP,7.688483796296296,7.43113425925926,7.96214988425926,0.0002,9999,690,690,0,60,230,condition_descriptives_movement|run=instruct|quantity=RP,690,7.714855072463768,1.4036746097386785,4.25,6.703125,7.5,8.5,12.0,690
instruct,RS,7.668721064814816,7.424195601851856,7.931000434027777,0.0002,9999,690,1380,0,60,230,condition_descriptives_movement|run=instruct|quantity=RS,1380,7.694927536231884,1.369910845104225,4.75,6.734375,7.4375,8.4375,12.125,1380
minimal_ab,NP,0.5686921296296297,0.4805555555555557,0.6584519675925925,0.0002,9999,624,624,0,60,208,condition_descriptives_movement|run=minimal_ab|quantity=NP,624,0.5729166666666666,0.5200067008869811,-0.875,0.25,0.5,0.875,2.375,536
minimal_ab,NS,0.9009837962962963,0.8097106481481481,0.9901331018518517,0.0002,9999,624,1248,0,60,208,condition_descriptives_movement|run=minimal_ab|quantity=NS,1248,0.9189703525641025,0.5469462148246593,-0.375,0.5,0.875,1.25,2.875,1196
minimal_ab,RP,1.104108796296296,0.989403935185185,1.2188078703703702,0.0002,9999,624,624,0,60,208,condition_descriptives_movement|run=minimal_ab|quantity=RP,624,1.1189903846153846,0.6477705486478357,-0.625,0.75,1.125,1.5,3.375,597
minimal_ab,RS,0.8828125,0.769039351851852,0.9958116319444447,0.0002,9999,624,1248,0,60,208,condition_descriptives_movement|run=minimal_ab|quantity=RS,1248,0.9004407051282052,0.6572217762684275,-1.125,0.5,0.875,1.25,3.375,1144
