run,domain,outcome,kind,quantity,estimate,ci_low,ci_high,p_boot,replicates_defined,n_blocks,n_movement_rows,n_flip_rows,n_decisions,n_initials,statistic_id,quantity_label
base,climate,flip,cell,NP,0.9722222222222221,0.9374999999999998,1.0,0.0002,9999,234,234,234,20,80,contrasts_by_domain|run=base|domain=climate|outcome=flip|kind=cell|quantity=NP,
base,climate,flip,cell,NS,0.9871212121212121,0.9734848484848484,1.0,0.0002,9999,239,478,469,20,80,contrasts_by_domain|run=base|domain=climate|outcome=flip|kind=cell|quantity=NS,
base,climate,flip,cell,RP,0.9908333333333331,0.9766666666666668,1.0,0.0002,9999,237,237,237,20,80,contrasts_by_domain|run=base|domain=climate|outcome=flip|kind=cell|quantity=RP,
base,climate,flip,cell,RS,0.9895833333333334,0.9708333333333334,1.0,0.0002,9999,238,476,467,20,80,contrasts_by_domain|run=base|domain=climate|outcome=flip|kind=cell|quantity=RS,
base,energy,flip,cell,NP,0.9888888888888889,0.9666666666666668,1.0,0.0002,9999,229,229,229,20,79,contrasts_by_domain|run=base|domain=energy|outcome=flip|kind=cell|quantity=NP,
base,energy,flip,cell,NS,0.9895833333333334,0.9708333333333334,1.0,0.0002,9999,237,474,468,20,79,contrasts_by_domain|run=base|domain=energy|outcome=flip|kind=cell|quantity=NS,
base,energy,flip,cell,RP,0.9609848484848487,0.9121212121212121,1.0,0.0002,9999,236,236,236,20,79,contrasts_by_domain|run=base|domain=energy|outcome=flip|kind=cell|quantity=RP,
base,energy,flip,cell,RS,0.96875,0.925,1.0,0.0002,9999,237,474,472,20,79,contrasts_by_domain|run=base|domain=energy|outcome=flip|kind=cell|quantity=RS,
base,technology,flip,cell,NP,0.9305808080808081,0.864090909090909,0.9803535353535354,0.0002,9999,225,225,225,20,78,contrasts_by_domain|run=base|domain=technology|outcome=flip|kind=cell|quantity=NP,
base,technology,flip,cell,NS,0.9700757575757576,0.9371212121212121,0.9954545454545455,0.0002,9999,232,464,455,20,78,contrasts_by_domain|run=base|domain=technology|outcome=flip|kind=cell|quantity=NS,
base,technology,flip,cell,RP,0.9704545454545455,0.9392045454545453,0.99375,0.0002,9999,225,225,225,20,77,contrasts_by_domain|run=base|domain=technology|outcome=flip|kind=cell|quantity=RP,
base,technology,flip,cell,RS,0.9761868686868688,0.9521717171717172,0.9958333333333332,0.0002,9999,228,456,448,20,77,contrasts_by_domain|run=base|domain=technology|outcome=flip|kind=cell|quantity=RS,
base,climate,flip,contrast,NS_minus_NP,0.0125,-0.008333333333333333,0.04166666666666667,0.4896,9999,233,699,694,20,80,contrasts_by_domain|run=base|domain=climate|outcome=flip|kind=contrast|quantity=NS_minus_NP,NS − NP
base,climate,flip,contrast,RP_minus_NP,0.018055555555555554,0.0,0.04027777777777778,0.0816,9999,233,466,466,20,80,contrasts_by_domain|run=base|domain=climate|outcome=flip|kind=contrast|quantity=RP_minus_NP,RP − NP
base,climate,flip,contrast,RS_minus_NS,-0.0020833333333333337,-0.014583333333333334,0.010416666666666668,0.8866,9999,237,948,931,20,80,contrasts_by_domain|run=base|domain=climate|outcome=flip|kind=contrast|quantity=RS_minus_NS,RS − NS
base,climate,flip,contrast,RS_minus_RP,-0.010416666666666666,-0.029166666666666667,0.0,0.2496,9999,235,705,699,20,80,contrasts_by_domain|run=base|domain=climate|outcome=flip|kind=contrast|quantity=RS_minus_RP,RS − RP
base,climate,flip,contrast,interaction,-0.01571969696969697,-0.04715909090909091,0.008333333333333333,0.3128,9999,230,1380,1373,20,79,contrasts_by_domain|run=base|domain=climate|outcome=flip|kind=contrast|quantity=interaction,(RS − RP) − (NS − NP)
base,energy,flip,contrast,NS_minus_NP,0.0,0.0,0.0,1.0,9999,229,687,683,20,79,contrasts_by_domain|run=base|domain=energy|outcome=flip|kind=contrast|quantity=NS_minus_NP,NS − NP
base,energy,flip,contrast,RP_minus_NP,-0.0202020202020202,-0.051515151515151514,0.0,0.2302,9999,228,456,456,20,79,contrasts_by_domain|run=base|domain=energy|outcome=flip|kind=contrast|quantity=RP_minus_NP,RP − NP
base,energy,flip,contrast,RS_minus_NS,-0.020833333333333332,-0.06041666666666666,0.004166666666666667,0.2516,9999,237,948,940,20,79,contrasts_by_domain|run=base|domain=energy|outcome=flip|kind=contrast|quantity=RS_minus_NS,RS − NS
base,energy,flip,contrast,RS_minus_RP,0.008333333333333333,0.0,0.022916666666666665,0.233,9999,236,708,706,20,79,contrasts_by_domain|run=base|domain=energy|outcome=flip|kind=contrast|quantity=RS_minus_RP,RS − RP
base,energy,flip,contrast,interaction,0.009595959595959595,0.0,0.026010101010101004,0.233,9999,228,1368,1362,20,79,contrasts_by_domain|run=base|domain=energy|outcome=flip|kind=contrast|quantity=interaction,(RS − RP) − (NS − NP)
base,technology,flip,contrast,NS_minus_NP,0.028737373737373735,0.004545454545454545,0.06212121212121212,0.0184,9999,223,669,664,20,78,contrasts_by_domain|run=base|domain=technology|outcome=flip|kind=contrast|quantity=NS_minus_NP,NS − NP
base,technology,flip,contrast,RP_minus_NP,0.024191919191919188,0.0,0.05702020202020201,0.0834,9999,217,434,434,20,77,contrasts_by_domain|run=base|domain=technology|outcome=flip|kind=contrast|quantity=RP_minus_NP,RP − NP
base,technology,flip,contrast,RS_minus_NS,-0.005934343434343434,-0.0226010101010101,0.008333333333333333,0.4482,9999,228,912,896,20,77,contrasts_by_domain|run=base|domain=technology|outcome=flip|kind=contrast|quantity=RS_minus_NS,RS − NS
base,technology,flip,contrast,RS_minus_RP,0.0006944444444444448,-0.016666666666666666,0.01875,0.9352,9999,223,669,662,20,77,contrasts_by_domain|run=base|domain=technology|outcome=flip|kind=contrast|quantity=RS_minus_RP,RS − RP
base,technology,flip,contrast,interaction,-0.027222222222222224,-0.06611111111111112,0.0,0.0836,9999,215,1290,1280,20,77,contrasts_by_domain|run=base|domain=technology|outcome=flip|kind=contrast|quantity=interaction,(RS − RP) − (NS − NP)
base,climate,movement,cell,NP,1.5268229166666667,1.4187500000000002,1.6450520833333333,0.0002,9999,240,240,0,20,80,contrasts_by_domain|run=base|domain=climate|outcome=movement|kind=cell|quantity=NP,
base,climate,movement,cell,NS,1.6356770833333332,1.528899739583333,1.7535156250000004,0.0002,9999,240,480,0,20,80,contrasts_by_domain|run=base|domain=climate|outcome=movement|kind=cell|quantity=NS,
base,climate,movement,cell,RP,1.8312500000000003,1.7231770833333335,1.9638020833333332,0.0002,9999,240,240,0,20,80,contrasts_by_domain|run=base|domain=climate|outcome=movement|kind=cell|quantity=RP,
base,climate,movement,cell,RS,1.7983072916666665,1.6881445312499999,1.9333333333333331,0.0002,9999,240,480,0,20,80,contrasts_by_domain|run=base|domain=climate|outcome=movement|kind=cell|quantity=RS,
base,energy,movement,cell,NP,1.4217881944444446,1.3052083333333333,1.5418402777777778,0.0002,9999,237,237,0,20,79,contrasts_by_domain|run=base|domain=energy|outcome=movement|kind=cell|quantity=NP,
base,energy,movement,cell,NS,1.5582465277777777,1.4473003472222223,1.675891927083333,0.0002,9999,237,474,0,20,79,contrasts_by_domain|run=base|domain=energy|outcome=movement|kind=cell|quantity=NS,
base,energy,movement,cell,RP,1.7166666666666668,1.5841145833333334,1.84609375,0.0002,9999,237,237,0,20,79,contrasts_by_domain|run=base|domain=energy|outcome=movement|kind=cell|quantity=RP,
base,energy,movement,cell,RS,1.7015625,1.582421875,1.8204427083333332,0.0002,9999,237,474,0,20,79,contrasts_by_domain|run=base|domain=energy|outcome=movement|kind=cell|quantity=RS,
base,technology,movement,cell,NP,1.022829861111111,0.8569270833333335,1.1927951388888887,0.0002,9999,234,234,0,20,78,contrasts_by_domain|run=base|domain=technology|outcome=movement|kind=cell|quantity=NP,
base,technology,movement,cell,NS,1.1477864583333335,0.9917534722222223,1.3076410590277776,0.0002,9999,234,468,0,20,78,contrasts_by_domain|run=base|domain=technology|outcome=movement|kind=cell|quantity=NS,
base,technology,movement,cell,RP,1.2421006944444444,1.064058159722222,1.4237022569444444,0.0002,9999,234,234,0,20,78,contrasts_by_domain|run=base|domain=technology|outcome=movement|kind=cell|quantity=RP,
base,technology,movement,cell,RS,1.2523871527777777,1.070217013888889,1.437892795138889,0.0002,9999,234,468,0,20,78,contrasts_by_domain|run=base|domain=technology|outcome=movement|kind=cell|quantity=RS,
base,climate,movement,contrast,NS_minus_NP,0.10885416666666665,0.07278645833333333,0.14440104166666665,0.0002,9999,240,720,0,20,80,contrasts_by_domain|run=base|domain=climate|outcome=movement|kind=contrast|quantity=NS_minus_NP,NS − NP
base,climate,movement,contrast,RP_minus_NP,0.3044270833333334,0.25078125,0.3617317708333332,0.0002,9999,240,480,0,20,80,contrasts_by_domain|run=base|domain=climate|outcome=movement|kind=contrast|quantity=RP_minus_NP,RP − NP
base,climate,movement,contrast,RS_minus_NS,0.16263020833333336,0.109765625,0.2169270833333333,0.0002,9999,240,960,0,20,80,contrasts_by_domain|run=base|domain=climate|outcome=movement|kind=contrast|quantity=RS_minus_NS,RS − NS
base,climate,movement,contrast,RS_minus_RP,-0.03294270833333333,-0.05455729166666666,-0.009635416666666667,0.0062,9999,240,720,0,20,80,contrasts_by_domain|run=base|domain=climate|outcome=movement|kind=contrast|quantity=RS_minus_RP,RS − RP
base,climate,movement,contrast,interaction,-0.141796875,-0.17330729166666664,-0.11028645833333332,0.0002,9999,240,1440,0,20,80,contrasts_by_domain|run=base|domain=climate|outcome=movement|kind=contrast|quantity=interaction,(RS − RP) − (NS − NP)
base,energy,movement,contrast,NS_minus_NP,0.13645833333333335,0.09895833333333334,0.173046875,0.0002,9999,237,711,0,20,79,contrasts_by_domain|run=base|domain=energy|outcome=movement|kind=contrast|quantity=NS_minus_NP,NS − NP
base,energy,movement,contrast,RP_minus_NP,0.2948784722222223,0.23098958333333336,0.3599826388888888,0.0002,9999,237,474,0,20,79,contrasts_by_domain|run=base|domain=energy|outcome=movement|kind=contrast|quantity=RP_minus_NP,RP − NP
base,energy,movement,contrast,RS_minus_NS,0.14331597222222223,0.08320095486111112,0.20247395833333331,0.0002,9999,237,948,0,20,79,contrasts_by_domain|run=base|domain=energy|outcome=movement|kind=contrast|quantity=RS_minus_NS,RS − NS
base,energy,movement,contrast,RS_minus_RP,-0.015104166666666665,-0.04011067708333331,0.010677083333333334,0.2694,9999,237,711,0,20,79,contrasts_by_domain|run=base|domain=energy|outcome=movement|kind=contrast|quantity=RS_minus_RP,RS − RP
base,energy,movement,contrast,interaction,-0.1515625,-0.18646484374999997,-0.11535807291666675,0.0002,9999,237,1422,0,20,79,contrasts_by_domain|run=base|domain=energy|outcome=movement|kind=contrast|quantity=interaction,(RS − RP) − (NS − NP)
base,technology,movement,contrast,NS_minus_NP,0.12495659722222223,0.08433159722222222,0.17317708333333331,0.0002,9999,234,702,0,20,78,contrasts_by_domain|run=base|domain=technology|outcome=movement|kind=contrast|quantity=NS_minus_NP,NS − NP
base,technology,movement,contrast,RP_minus_NP,0.21927083333333336,0.1588411458333334,0.28125,0.0002,9999,234,468,0,20,78,contrasts_by_domain|run=base|domain=technology|outcome=movement|kind=contrast|quantity=RP_minus_NP,RP − NP
base,technology,movement,contrast,RS_minus_NS,0.10460069444444445,0.045781250000000044,0.1595486111111111,0.0002,9999,234,936,0,20,78,contrasts_by_domain|run=base|domain=technology|outcome=movement|kind=contrast|quantity=RS_minus_NS,RS − NS
base,technology,movement,contrast,RS_minus_RP,0.010286458333333333,-0.010243055555555557,0.02986111111111111,0.3252,9999,234,702,0,20,78,contrasts_by_domain|run=base|domain=technology|outcome=movement|kind=contrast|quantity=RS_minus_RP,RS − RP
base,technology,movement,contrast,interaction,-0.11467013888888891,-0.16159505208333333,-0.07052951388888888,0.0002,9999,234,1404,0,20,78,contrasts_by_domain|run=base|domain=technology|outcome=movement|kind=contrast|quantity=interaction,(RS − RP) − (NS − NP)
instruct,climate,flip,cell,NP,1.0,1.0,1.0,0.0002,9999,231,231,231,20,77,contrasts_by_domain|run=instruct|domain=climate|outcome=flip|kind=cell|quantity=NP,
instruct,climate,flip,cell,NS,1.0,1.0,1.0,0.0002,9999,231,462,462,20,77,contrasts_by_domain|run=instruct|domain=climate|outcome=flip|kind=cell|quantity=NS,
instruct,climate,flip,cell,RP,1.0,1.0,1.0,0.0002,9999,231,231,231,20,77,contrasts_by_domain|run=instruct|domain=climate|outcome=flip|kind=cell|quantity=RP,
instruct,climate,flip,cell,RS,1.0,1.0,1.0,0.0002,9999,231,462,462,20,77,contrasts_by_domain|run=instruct|domain=climate|outcome=flip|kind=cell|quantity=RS,
instruct,energy,flip,cell,NP,1.0,1.0,1.0,0.0002,9999,228,228,228,20,76,contrasts_by_domain|run=instruct|domain=energy|outcome=flip|kind=cell|quantity=NP,
instruct,energy,flip,cell,NS,1.0,1.0,1.0,0.0002,9999,228,456,456,20,76,contrasts_by_domain|run=instruct|domain=energy|outcome=flip|kind=cell|quantity=NS,
instruct,energy,flip,cell,RP,1.0,1.0,1.0,0.0002,9999,228,228,228,20,76,contrasts_by_domain|run=instruct|domain=energy|outcome=flip|kind=cell|quantity=RP,
instruct,energy,flip,cell,RS,1.0,1.0,1.0,0.0002,9999,228,456,456,20,76,contrasts_by_domain|run=instruct|domain=energy|outcome=flip|kind=cell|quantity=RS,
instruct,technology,flip,cell,NP,1.0,1.0,1.0,0.0002,9999,231,231,231,20,77,contrasts_by_domain|run=instruct|domain=technology|outcome=flip|kind=cell|quantity=NP,
instruct,technology,flip,cell,NS,1.0,1.0,1.0,0.0002,9999,231,462,462,20,77,contrasts_by_domain|run=instruct|domain=technology|outcome=flip|kind=cell|quantity=NS,
instruct,technology,flip,cell,RP,1.0,1.0,1.0,0.0002,9999,231,231,231,20,77,contrasts_by_domain|run=instruct|domain=technology|outcome=flip|kind=cell|quantity=RP,
instruct,technology,flip,cell,RS,1.0,1.0,1.0,0.0002,9999,231,462,462,20,77,contrasts_by_domain|run=instruct|domain=technology|outcome=flip|kind=cell|quantity=RS,
instruct,climate,flip,contrast,NS_minus_NP,0.0,0.0,0.0,1.0,9999,231,693,693,20,77,contrasts_by_domain|run=instruct|domain=climate|outcome=flip|kind=contrast|quantity=NS_minus_NP,NS − NP
instruct,climate,flip,contrast,RP_minus_NP,0.0,0.0,0.0,1.0,9999,231,462,462,20,77,contrasts_by_domain|run=instruct|domain=climate|outcome=flip|kind=contrast|quantity=RP_minus_NP,RP − NP
instruct,climate,flip,contrast,RS_minus_NS,0.0,0.0,0.0,1.0,9999,231,924,924,20,77,contrasts_by_domain|run=instruct|domain=climate|outcome=flip|kind=contrast|quantity=RS_minus_NS,RS − NS
instruct,climate,flip,contrast,RS_minus_RP,0.0,0.0,0.0,1.0,9999,231,693,693,20,77,contrasts_by_domain|run=instruct|domain=climate|outcome=flip|kind=contrast|quantity=RS_minus_RP,RS − RP
instruct,climate,flip,contrast,interaction,0.0,0.0,0.0,1.0,9999,231,1386,1386,20,77,contrasts_by_domain|run=instruct|domain=climate|outcome=flip|kind=contrast|quantity=interaction,(RS − RP) − (NS − NP)
instruct,energy,flip,contrast,NS_minus_NP,0.0,0.0,0.0,1.0,9999,228,684,684,20,76,contrasts_by_domain|run=instruct|domain=energy|outcome=flip|kind=contrast|quantity=NS_minus_NP,NS − NP
instruct,energy,flip,contrast,RP_minus_NP,0.0,0.0,0.0,1.0,9999,228,456,456,20,76,contrasts_by_domain|run=instruct|domain=energy|outcome=flip|kind=contrast|quantity=RP_minus_NP,RP − NP
instruct,energy,flip,contrast,RS_minus_NS,0.0,0.0,0.0,1.0,9999,228,912,912,20,76,contrasts_by_domain|run=instruct|domain=energy|outcome=flip|kind=contrast|quantity=RS_minus_NS,RS − NS
instruct,energy,flip,contrast,RS_minus_RP,0.0,0.0,0.0,1.0,9999,228,684,684,20,76,contrasts_by_domain|run=instruct|domain=energy|outcome=flip|kind=contrast|quantity=RS_minus_RP,RS − RP
instruct,energy,flip,contrast,interaction,0.0,0.0,0.0,1.0,9999,228,1368,1368,20,76,contrasts_by_domain|run=instruct|domain=energy|outcome=flip|kind=contrast|quantity=interaction,(RS − RP) − (NS − NP)
instruct,technology,flip,contrast,NS_minus_NP,0.0,0.0,0.0,1.0,9999,231,693,693,20,77,contrasts_by_domain|run=instruct|domain=technology|outcome=flip|kind=contrast|quantity=NS_minus_NP,NS − NP
instruct,technology,flip,contrast,RP_minus_NP,0.0,0.0,0.0,1.0,9999,231,462,462,20,77,contrasts_by_domain|run=instruct|domain=technology|outcome=flip|kind=contrast|quantity=RP_minus_NP,RP − NP
instruct,technology,flip,contrast,RS_minus_NS,0.0,0.0,0.0,1.0,9999,231,924,924,20,77,contrasts_by_domain|run=instruct|domain=technology|outcome=flip|kind=contrast|quantity=RS_minus_NS,RS − NS
instruct,technology,flip,contrast,RS_minus_RP,0.0,0.0,0.0,1.0,9999,231,693,693,20,77,contrasts_by_domain|run=instruct|domain=technology|outcome=flip|kind=contrast|quantity=RS_minus_RP,RS − RP
instruct,technology,flip,contrast,interaction,0.0,0.0,0.0,1.0,9999,231,1386,1386,20,77,contrasts_by_domain|run=instruct|domain=technology|outcome=flip|kind=contrast|quantity=interaction,(RS − RP) − (NS − NP)
instruct,climate,movement,cell,NP,7.706684027777778,7.312894965277777,8.144357638888888,0.0002,9999,231,231,0,20,77,contrasts_by_domain|run=instruct|domain=climate|outcome=movement|kind=cell|quantity=NP,
instruct,climate,movement,cell,NS,6.925607638888889,6.533930121527777,7.373634982638888,0.0002,9999,231,462,0,20,77,contrasts_by_domain|run=instruct|domain=climate|outcome=movement|kind=cell|quantity=NS,
instruct,climate,movement,cell,RP,7.505121527777779,7.077990451388889,7.975616319444444,0.0002,9999,231,231,0,20,77,contrasts_by_domain|run=instruct|domain=climate|outcome=movement|kind=cell|quantity=RP,
instruct,climate,movement,cell,RS,7.439496527777779,7.0239887152777785,7.8978819444444435,0.0002,9999,231,462,0,20,77,contrasts_by_domain|run=instruct|domain=climate|outcome=movement|kind=cell|quantity=RS,
instruct,energy,movement,cell,NP,8.060069444444443,7.654079861111112,8.506276041666666,0.0002,9999,228,228,0,20,76,contrasts_by_domain|run=instruct|domain=energy|outcome=movement|kind=cell|quantity=NP,
instruct,energy,movement,cell,NS,7.259244791666665,6.829685329861111,7.728912760416666,0.0002,9999,228,456,0,20,76,contrasts_by_domain|run=instruct|domain=energy|outcome=movement|kind=cell|quantity=NS,
instruct,energy,movement,cell,RP,7.861458333333333,7.453177083333332,8.316588541666667,0.0002,9999,228,228,0,20,76,contrasts_by_domain|run=instruct|domain=energy|outcome=movement|kind=cell|quantity=RP,
instruct,energy,movement,cell,RS,7.872352430555556,7.471590711805557,8.324589843749997,0.0002,9999,228,456,0,20,76,contrasts_by_domain|run=instruct|domain=energy|outcome=movement|kind=cell|quantity=RS,
instruct,technology,movement,cell,NP,7.8407118055555545,7.380199652777778,8.371970486111111,0.0002,9999,231,231,0,20,77,contrasts_by_domain|run=instruct|domain=technology|outcome=movement|kind=cell|quantity=NP,
instruct,technology,movement,cell,NS,7.159678819444444,6.73945529513889,7.647983940972222,0.0002,9999,231,462,0,20,77,contrasts_by_domain|run=instruct|domain=technology|outcome=movement|kind=cell|quantity=NS,
instruct,technology,movement,cell,RP,7.698871527777778,7.244778645833334,8.222599826388889,0.0002,9999,231,231,0,20,77,contrasts_by_domain|run=instruct|domain=technology|outcome=movement|kind=cell|quantity=RP,
instruct,technology,movement,cell,RS,7.694314236111111,7.266228298611112,8.182860243055556,0.0002,9999,231,462,0,20,77,contrasts_by_domain|run=instruct|domain=technology|outcome=movement|kind=cell|quantity=RS,
instruct,climate,movement,contrast,NS_minus_NP,-0.781076388888889,-0.8895985243055555,-0.6802517361111111,0.0002,9999,231,693,0,20,77,contrasts_by_domain|run=instruct|domain=climate|outcome=movement|kind=contrast|quantity=NS_minus_NP,NS − NP
instruct,climate,movement,contrast,RP_minus_NP,-0.2015625,-0.32552517361111105,-0.0956553819444445,0.0002,9999,231,462,0,20,77,contrasts_by_domain|run=instruct|domain=climate|outcome=movement|kind=contrast|quantity=RP_minus_NP,RP − NP
instruct,climate,movement,contrast,RS_minus_NS,0.5138888888888891,0.35819661458333335,0.6648068576388888,0.0002,9999,231,924,0,20,77,contrasts_by_domain|run=instruct|domain=climate|outcome=movement|kind=contrast|quantity=RS_minus_NS,RS − NS
instruct,climate,movement,contrast,RS_minus_RP,-0.06562499999999999,-0.12604600694444443,-0.004123263888888889,0.0368,9999,231,693,0,20,77,contrasts_by_domain|run=instruct|domain=climate|outcome=movement|kind=contrast|quantity=RS_minus_RP,RS − RP
instruct,climate,movement,contrast,interaction,0.7154513888888888,0.5917925347222223,0.8362890624999999,0.0002,9999,231,1386,0,20,77,contrasts_by_domain|run=instruct|domain=climate|outcome=movement|kind=contrast|quantity=interaction,(RS − RP) − (NS − NP)
instruct,energy,movement,contrast,NS_minus_NP,-0.8008246527777778,-0.9443033854166666,-0.6717447916666666,0.0002,9999,228,684,0,20,76,contrasts_by_domain|run=instruct|domain=energy|outcome=movement|kind=contrast|quantity=NS_minus_NP,NS − NP
instruct,energy,movement,contrast,RP_minus_NP,-0.19861111111111113,-0.3265625,-0.0812456597222223,0.0006,9999,228,456,0,20,76,contrasts_by_domain|run=instruct|domain=energy|outcome=movement|kind=contrast|quantity=RP_minus_NP,RP − NP
instruct,energy,movement,contrast,RS_minus_NS,0.6131076388888889,0.4412326388888889,0.8023480902777778,0.0002,9999,228,912,0,20,76,contrasts_by_domain|run=instruct|domain=energy|outcome=movement|kind=contrast|quantity=RS_minus_NS,RS − NS
instruct,energy,movement,contrast,RS_minus_RP,0.010894097222222222,-0.04843967013888889,0.07686631944444444,0.7582,9999,228,684,0,20,76,contrasts_by_domain|run=instruct|domain=energy|outcome=movement|kind=contrast|quantity=RS_minus_RP,RS − RP
instruct,energy,movement,contrast,interaction,0.81171875,0.6632790798611111,0.9712261284722223,0.0002,9999,228,1368,0,20,76,contrasts_by_domain|run=instruct|domain=energy|outcome=movement|kind=contrast|quantity=interaction,(RS − RP) − (NS − NP)
instruct,technology,movement,contrast,NS_minus_NP,-0.6810329861111111,-0.7864583333333333,-0.5810742187500001,0.0002,9999,231,693,0,20,77,contrasts_by_domain|run=instruct|domain=technology|outcome=movement|kind=contrast|quantity=NS_minus_NP,NS − NP
instruct,technology,movement,contrast,RP_minus_NP,-0.1418402777777778,-0.2508680555555555,-0.013884548611111176,0.031,9999,231,462,0,20,77,contrasts_by_domain|run=instruct|domain=technology|outcome=movement|kind=contrast|quantity=RP_minus_NP,RP − NP
instruct,technology,movement,contrast,RS_minus_NS,0.5346354166666667,0.38228949652777783,0.6862912326388888,0.0002,9999,231,924,0,20,77,contrasts_by_domain|run=instruct|domain=technology|outcome=movement|kind=contrast|quantity=RS_minus_NS,RS − NS
instruct,technology,movement,contrast,RS_minus_RP,-0.004557291666666667,-0.05756727430555549,0.04974175347222219,0.8602,9999,231,693,0,20,77,contrasts_by_domain|run=instruct|domain=technology|outcome=movement|kind=contrast|quantity=RS_minus_RP,RS − RP
instruct,technology,movement,contrast,interaction,0.6764756944444444,0.590234375,0.7624153645833333,0.0002,9999,231,1386,0,20,77,contrasts_by_domain|run=instruct|domain=technology|outcome=movement|kind=contrast|quantity=interaction,(RS − RP) − (NS − NP)
