run,outcome,marker_id,quantity,estimate,ci_low,ci_high,p_boot,replicates_defined,n_blocks,n_movement_rows,n_flip_rows,n_decisions,n_initials,statistic_id,quantity_label,marker_family,marker_subtype,marker_string,p_holm_48
base,flip,m01_therefore,NS_minus_NP,0.017499999999999998,0.0,0.04722222222222222,0.2396,9999,122,244,244,40,42,contrasts_by_individual_marker|run=base|outcome=flip|marker_id=m01_therefore|quantity=NS_minus_NP,NS − NP,conclusion_result,conclusive_adverb,therefore,
base,flip,m01_therefore,RS_minus_NS,-0.016666666666666666,-0.05405405405405406,0.0,0.7044,9999,124,248,248,40,42,contrasts_by_individual_marker|run=base|outcome=flip|marker_id=m01_therefore|quantity=RS_minus_NS,RS − NS,conclusion_result,conclusive_adverb,therefore,
base,flip,m01_therefore,RS_minus_RP,0.0,0.0,0.0,1.0,9999,122,244,244,40,41,contrasts_by_individual_marker|run=base|outcome=flip|marker_id=m01_therefore|quantity=RS_minus_RP,RS − RP,conclusion_result,conclusive_adverb,therefore,
base,flip,m01_therefore,interaction,-0.0125,-0.04054054054054054,0.0,0.7248,9999,119,476,476,40,41,contrasts_by_individual_marker|run=base|outcome=flip|marker_id=m01_therefore|quantity=interaction,(RS − RP) − (NS − NP),conclusion_result,conclusive_adverb,therefore,
base,flip,m02_consequently,NS_minus_NP,0.00625,0.0,0.020833333333333332,0.7218,9999,116,232,232,40,41,contrasts_by_individual_marker|run=base|outcome=flip|marker_id=m02_consequently|quantity=NS_minus_NP,NS − NP,conclusion_result,conclusive_adverb,consequently,
base,flip,m02_consequently,RS_minus_NS,-0.03333333333333333,-0.09302325581395349,0.0,0.2466,9999,117,234,234,40,41,contrasts_by_individual_marker|run=base|outcome=flip|marker_id=m02_consequently|quantity=RS_minus_NS,RS − NS,conclusion_result,conclusive_adverb,consequently,
base,flip,m02_consequently,RS_minus_RP,-0.016666666666666666,-0.05405405405405406,0.0,0.7174,9999,117,234,234,40,41,contrasts_by_individual_marker|run=base|outcome=flip|marker_id=m02_consequently|quantity=RS_minus_RP,RS − RP,conclusion_result,conclusive_adverb,consequently,
base,flip,m02_consequently,interaction,0.0,0.0,0.0,1.0,9999,112,448,448,40,40,contrasts_by_individual_marker|run=base|outcome=flip|marker_id=m02_consequently|quantity=interaction,(RS − RP) − (NS − NP),conclusion_result,conclusive_adverb,consequently,
base,flip,m03_thus,NS_minus_NP,0.025,0.0,0.07894736842105263,0.7168,9999,118,236,236,40,41,contrasts_by_individual_marker|run=base|outcome=flip|marker_id=m03_thus|quantity=NS_minus_NP,NS − NP,conclusion_result,conclusive_adverb,thus,
base,flip,m03_thus,RS_minus_NS,0.0,0.0,0.0,1.0,9999,117,234,234,39,40,contrasts_by_individual_marker|run=base|outcome=flip|marker_id=m03_thus|quantity=RS_minus_NS,RS − NS,conclusion_result,conclusive_adverb,thus,
base,flip,m03_thus,RS_minus_RP,0.0,0.0,0.0,1.0,9999,118,236,236,39,40,contrasts_by_individual_marker|run=base|outcome=flip|marker_id=m03_thus|quantity=RS_minus_RP,RS − RP,conclusion_result,conclusive_adverb,thus,
base,flip,m03_thus,interaction,-0.02564102564102564,-0.08108108108108109,0.0,0.7168,9999,115,460,460,39,40,contrasts_by_individual_marker|run=base|outcome=flip|marker_id=m03_thus|quantity=interaction,(RS − RP) − (NS − NP),conclusion_result,conclusive_adverb,thus,
base,flip,m04_accordingly,NS_minus_NP,0.0,0.0,0.0,1.0,9999,104,208,208,36,36,contrasts_by_individual_marker|run=base|outcome=flip|marker_id=m04_accordingly|quantity=NS_minus_NP,NS − NP,conclusion_result,conclusive_adverb,accordingly,
base,flip,m04_accordingly,RS_minus_NS,0.0,0.0,0.0,1.0,9999,105,210,210,36,36,contrasts_by_individual_marker|run=base|outcome=flip|marker_id=m04_accordingly|quantity=RS_minus_NS,RS − NS,conclusion_result,conclusive_adverb,accordingly,
base,flip,m04_accordingly,RS_minus_RP,0.0,0.0,0.0,1.0,9999,107,214,214,36,36,contrasts_by_individual_marker|run=base|outcome=flip|marker_id=m04_accordingly|quantity=RS_minus_RP,RS − RP,conclusion_result,conclusive_adverb,accordingly,
base,flip,m04_accordingly,interaction,0.0,0.0,0.0,1.0,9999,104,416,416,36,36,contrasts_by_individual_marker|run=base|outcome=flip|marker_id=m04_accordingly|quantity=interaction,(RS − RP) − (NS − NP),conclusion_result,conclusive_adverb,accordingly,
base,flip,m05_for_this_reason,NS_minus_NP,0.0,0.0,0.0,1.0,9999,110,220,220,39,39,contrasts_by_individual_marker|run=base|outcome=flip|marker_id=m05_for_this_reason|quantity=NS_minus_NP,NS − NP,conclusion_result,anaphoric_reason_phrase,for this reason,
base,flip,m05_for_this_reason,RS_minus_NS,-0.017094017094017092,-0.05555555555555555,0.0,0.7006,9999,115,230,230,39,39,contrasts_by_individual_marker|run=base|outcome=flip|marker_id=m05_for_this_reason|quantity=RS_minus_NS,RS − NS,conclusion_result,anaphoric_reason_phrase,for this reason,
base,flip,m05_for_this_reason,RS_minus_RP,0.008547008547008546,0.0,0.027777777777777776,0.7006,9999,115,230,230,39,39,contrasts_by_individual_marker|run=base|outcome=flip|marker_id=m05_for_this_reason|quantity=RS_minus_RP,RS − RP,conclusion_result,anaphoric_reason_phrase,for this reason,
base,flip,m05_for_this_reason,interaction,0.01282051282051282,0.0,0.041666666666666664,0.7006,9999,109,436,436,39,39,contrasts_by_individual_marker|run=base|outcome=flip|marker_id=m05_for_this_reason|quantity=interaction,(RS − RP) − (NS − NP),conclusion_result,anaphoric_reason_phrase,for this reason,
base,flip,m06_that_is_why,NS_minus_NP,0.0,0.0,0.0,1.0,9999,107,214,214,37,37,contrasts_by_individual_marker|run=base|outcome=flip|marker_id=m06_that_is_why|quantity=NS_minus_NP,NS − NP,conclusion_result,causal_conversational_result,that is why,
base,flip,m06_that_is_why,RS_minus_NS,-0.036036036036036036,-0.07894736842105263,0.0,0.0904,9999,103,206,206,37,37,contrasts_by_individual_marker|run=base|outcome=flip|marker_id=m06_that_is_why|quantity=RS_minus_NS,RS − NS,conclusion_result,causal_conversational_result,that is why,
base,flip,m06_that_is_why,RS_minus_RP,-0.02252252252252252,-0.05833333333333333,0.0,0.2608,9999,104,208,208,37,37,contrasts_by_individual_marker|run=base|outcome=flip|marker_id=m06_that_is_why|quantity=RS_minus_RP,RS − RP,conclusion_result,causal_conversational_result,that is why,
base,flip,m06_that_is_why,interaction,-0.02252252252252252,-0.05833333333333333,0.0,0.2608,9999,102,408,408,37,37,contrasts_by_individual_marker|run=base|outcome=flip|marker_id=m06_that_is_why|quantity=interaction,(RS − RP) − (NS − NP),conclusion_result,causal_conversational_result,that is why,
base,flip,m07_this_implies_that,NS_minus_NP,0.008547008547008548,-0.04878048780487805,0.075,0.9446,9999,113,226,226,39,39,contrasts_by_individual_marker|run=base|outcome=flip|marker_id=m07_this_implies_that|quantity=NS_minus_NP,NS − NP,inference_basis,explicit_inference,this implies that,
base,flip,m07_this_implies_that,RS_minus_NS,0.020833333333333332,-0.017094017094017092,0.06910569105691056,0.423,9999,114,228,228,40,40,contrasts_by_individual_marker|run=base|outcome=flip|marker_id=m07_this_implies_that|quantity=RS_minus_NS,RS − NS,inference_basis,explicit_inference,this implies that,
base,flip,m07_this_implies_that,RS_minus_RP,-0.008333333333333333,-0.02702702702702703,0.0,0.7044,9999,118,236,236,40,40,contrasts_by_individual_marker|run=base|outcome=flip|marker_id=m07_this_implies_that|quantity=RS_minus_RP,RS − RP,inference_basis,explicit_inference,this implies that,
base,flip,m07_this_implies_that,interaction,-0.008547008547008548,-0.075,0.04878048780487805,0.9446,9999,111,444,444,39,39,contrasts_by_individual_marker|run=base|outcome=flip|marker_id=m07_this_implies_that|quantity=interaction,(RS − RP) − (NS − NP),inference_basis,explicit_inference,this implies that,
base,flip,m08_it_follows_that,NS_minus_NP,0.01282051282051282,0.0,0.04059684684684603,0.7248,9999,114,228,228,39,40,contrasts_by_individual_marker|run=base|outcome=flip|marker_id=m08_it_follows_that|quantity=NS_minus_NP,NS − NP,inference_basis,explicit_inference,it follows that,
base,flip,m08_it_follows_that,RS_minus_NS,0.004273504273504274,-0.024390243902439025,0.0375,0.9274,9999,117,234,234,39,40,contrasts_by_individual_marker|run=base|outcome=flip|marker_id=m08_it_follows_that|quantity=RS_minus_NS,RS − NS,inference_basis,explicit_inference,it follows that,
base,flip,m08_it_follows_that,RS_minus_RP,0.029914529914529912,0.0,0.075,0.233,9999,117,234,234,39,40,contrasts_by_individual_marker|run=base|outcome=flip|marker_id=m08_it_follows_that|quantity=RS_minus_RP,RS − RP,inference_basis,explicit_inference,it follows that,
base,flip,m08_it_follows_that,interaction,0.038461538461538464,-0.02564102564102564,0.11842105263157894,0.3866,9999,114,456,456,39,40,contrasts_by_individual_marker|run=base|outcome=flip|marker_id=m08_it_follows_that|quantity=interaction,(RS − RP) − (NS − NP),inference_basis,explicit_inference,it follows that,
base,flip,m09_on_that_basis,NS_minus_NP,0.008333333333333333,0.0,0.027777777777777776,0.7218,9999,119,238,238,40,41,contrasts_by_individual_marker|run=base|outcome=flip|marker_id=m09_on_that_basis|quantity=NS_minus_NP,NS − NP,inference_basis,anaphoric_basis,on that basis,
base,flip,m09_on_that_basis,RS_minus_NS,-0.008333333333333333,-0.02702702702702703,0.0,0.7044,9999,119,238,238,40,41,contrasts_by_individual_marker|run=base|outcome=flip|marker_id=m09_on_that_basis|quantity=RS_minus_NS,RS − NS,inference_basis,anaphoric_basis,on that basis,
base,flip,m09_on_that_basis,RS_minus_RP,0.0125,0.0,0.04054054054054054,0.7044,9999,117,234,234,40,41,contrasts_by_individual_marker|run=base|outcome=flip|marker_id=m09_on_that_basis|quantity=RS_minus_RP,RS − RP,inference_basis,anaphoric_basis,on that basis,
base,flip,m09_on_that_basis,interaction,0.004273504273504274,-0.023809523809523808,0.0375,0.9426,9999,114,456,456,39,40,contrasts_by_individual_marker|run=base|outcome=flip|marker_id=m09_on_that_basis|quantity=interaction,(RS − RP) − (NS − NP),inference_basis,anaphoric_basis,on that basis,
base,flip,m10_based_on_this,NS_minus_NP,0.0,0.0,0.0,1.0,9999,111,222,222,37,37,contrasts_by_individual_marker|run=base|outcome=flip|marker_id=m10_based_on_this|quantity=NS_minus_NP,NS − NP,inference_basis,anaphoric_basis,based on this,
base,flip,m10_based_on_this,RS_minus_NS,0.0,0.0,0.0,1.0,9999,111,222,222,38,38,contrasts_by_individual_marker|run=base|outcome=flip|marker_id=m10_based_on_this|quantity=RS_minus_NS,RS − NS,inference_basis,anaphoric_basis,based on this,
base,flip,m10_based_on_this,RS_minus_RP,0.0,0.0,0.0,1.0,9999,112,224,224,38,38,contrasts_by_individual_marker|run=base|outcome=flip|marker_id=m10_based_on_this|quantity=RS_minus_RP,RS − RP,inference_basis,anaphoric_basis,based on this,
base,flip,m10_based_on_this,interaction,0.0,0.0,0.0,1.0,9999,110,440,440,37,37,contrasts_by_individual_marker|run=base|outcome=flip|marker_id=m10_based_on_this|quantity=interaction,(RS − RP) − (NS − NP),inference_basis,anaphoric_basis,based on this,
base,flip,m11_given_this,NS_minus_NP,0.005405405405405406,0.0,0.017647058823529415,0.6996,9999,108,216,216,37,39,contrasts_by_individual_marker|run=base|outcome=flip|marker_id=m11_given_this|quantity=NS_minus_NP,NS − NP,inference_basis,anaphoric_basis,given this,
base,flip,m11_given_this,RS_minus_NS,0.0,0.0,0.0,1.0,9999,111,222,222,37,38,contrasts_by_individual_marker|run=base|outcome=flip|marker_id=m11_given_this|quantity=RS_minus_NS,RS − NS,inference_basis,anaphoric_basis,given this,
base,flip,m11_given_this,RS_minus_RP,0.0,0.0,0.0,1.0,9999,111,222,222,37,38,contrasts_by_individual_marker|run=base|outcome=flip|marker_id=m11_given_this|quantity=RS_minus_RP,RS − RP,inference_basis,anaphoric_basis,given this,
base,flip,m11_given_this,interaction,0.0,0.0,0.0,1.0,9999,105,420,420,37,38,contrasts_by_individual_marker|run=base|outcome=flip|marker_id=m11_given_this|quantity=interaction,(RS − RP) − (NS − NP),inference_basis,anaphoric_basis,given this,
base,flip,m12_in_view_of_this,NS_minus_NP,0.008771929824561403,0.0,0.02857142857142857,0.7264,9999,114,228,228,38,38,contrasts_by_individual_marker|run=base|outcome=flip|marker_id=m12_in_view_of_this|quantity=NS_minus_NP,NS − NP,inference_basis,anaphoric_basis,in view of this,
base,flip,m12_in_view_of_this,RS_minus_NS,0.0,0.0,0.0,1.0,9999,116,232,232,38,39,contrasts_by_individual_marker|run=base|outcome=flip|marker_id=m12_in_view_of_this|quantity=RS_minus_NS,RS − NS,inference_basis,anaphoric_basis,in view of this,
base,flip,m12_in_view_of_this,RS_minus_RP,0.013157894736842105,0.0,0.04285714285714286,0.7264,9999,115,230,230,38,39,contrasts_by_individual_marker|run=base|outcome=flip|marker_id=m12_in_view_of_this|quantity=RS_minus_RP,RS − RP,inference_basis,anaphoric_basis,in view of this,
base,flip,m12_in_view_of_this,interaction,0.0,0.0,0.0,1.0,9999,112,448,448,38,38,contrasts_by_individual_marker|run=base|outcome=flip|marker_id=m12_in_view_of_this|quantity=interaction,(RS − RP) − (NS − NP),inference_basis,anaphoric_basis,in view of this,
base,movement,m01_therefore,NS_minus_NP,0.19140625,0.14582031250000005,0.23837313122923587,0.0002,9999,126,252,0,40,42,contrasts_by_individual_marker|run=base|outcome=movement|marker_id=m01_therefore|quantity=NS_minus_NP,NS − NP,conclusion_result,conclusive_adverb,therefore,0.009600000000000001
base,movement,m01_therefore,RS_minus_NS,0.14609375,0.06554324317281635,0.22997748778998756,0.0004,9999,126,252,0,40,42,contrasts_by_individual_marker|run=base|outcome=movement|marker_id=m01_therefore|quantity=RS_minus_NS,RS − NS,conclusion_result,conclusive_adverb,therefore,
base,movement,m01_therefore,RS_minus_RP,0.010937499999999998,-0.02185086382113821,0.04583806818181811,0.5268,9999,126,252,0,40,42,contrasts_by_individual_marker|run=base|outcome=movement|marker_id=m01_therefore|quantity=RS_minus_RP,RS − RP,conclusion_result,conclusive_adverb,therefore,1.0
base,movement,m01_therefore,interaction,-0.18046874999999998,-0.23627018540669859,-0.12500000000000006,0.0002,9999,126,504,0,40,42,contrasts_by_individual_marker|run=base|outcome=movement|marker_id=m01_therefore|quantity=interaction,(RS − RP) − (NS − NP),conclusion_result,conclusive_adverb,therefore,
base,movement,m02_consequently,NS_minus_NP,0.1971354166666667,0.1519381585249042,0.2412792088963963,0.0002,9999,126,252,0,40,42,contrasts_by_individual_marker|run=base|outcome=movement|marker_id=m02_consequently|quantity=NS_minus_NP,NS − NP,conclusion_result,conclusive_adverb,consequently,0.009600000000000001
base,movement,m02_consequently,RS_minus_NS,0.0625,-0.031531531531531536,0.15430104834401706,0.1918,9999,126,252,0,40,42,contrasts_by_individual_marker|run=base|outcome=movement|marker_id=m02_consequently|quantity=RS_minus_NS,RS − NS,conclusion_result,conclusive_adverb,consequently,
base,movement,m02_consequently,RS_minus_RP,-0.009895833333333336,-0.03935185185185186,0.020285087719298243,0.504,9999,126,252,0,40,42,contrasts_by_individual_marker|run=base|outcome=movement|marker_id=m02_consequently|quantity=RS_minus_RP,RS − RP,conclusion_result,conclusive_adverb,consequently,1.0
base,movement,m02_consequently,interaction,-0.20703125,-0.2445709990749306,-0.16988450504075508,0.0002,9999,126,504,0,40,42,contrasts_by_individual_marker|run=base|outcome=movement|marker_id=m02_consequently|quantity=interaction,(RS − RP) − (NS − NP),conclusion_result,conclusive_adverb,consequently,
base,movement,m03_thus,NS_minus_NP,0.19166666666666668,0.14387623856707318,0.241989536199095,0.0002,9999,123,246,0,40,41,contrasts_by_individual_marker|run=base|outcome=movement|marker_id=m03_thus|quantity=NS_minus_NP,NS − NP,conclusion_result,conclusive_adverb,thus,0.009600000000000001
base,movement,m03_thus,RS_minus_NS,0.0921875,0.034552176936243045,0.15312640765765764,0.0016,9999,123,246,0,40,41,contrasts_by_individual_marker|run=base|outcome=movement|marker_id=m03_thus|quantity=RS_minus_NS,RS − NS,conclusion_result,conclusive_adverb,thus,
base,movement,m03_thus,RS_minus_RP,-0.008333333333333335,-0.03590591755319148,0.019791666666666662,0.5438,9999,123,246,0,40,41,contrasts_by_individual_marker|run=base|outcome=movement|marker_id=m03_thus|quantity=RS_minus_RP,RS − RP,conclusion_result,conclusive_adverb,thus,1.0
base,movement,m03_thus,interaction,-0.2,-0.24305555555555555,-0.157984092377261,0.0002,9999,123,492,0,40,41,contrasts_by_individual_marker|run=base|outcome=movement|marker_id=m03_thus|quantity=interaction,(RS − RP) − (NS − NP),conclusion_result,conclusive_adverb,thus,
base,movement,m04_accordingly,NS_minus_NP,0.11168981481481481,0.06756671444171444,0.15914574430199427,0.0002,9999,108,216,0,36,36,contrasts_by_individual_marker|run=base|outcome=movement|marker_id=m04_accordingly|quantity=NS_minus_NP,NS − NP,conclusion_result,conclusive_adverb,accordingly,0.009600000000000001
base,movement,m04_accordingly,RS_minus_NS,0.08854166666666667,0.0028116109530583406,0.17431051587301583,0.0436,9999,108,216,0,36,36,contrasts_by_individual_marker|run=base|outcome=movement|marker_id=m04_accordingly|quantity=RS_minus_NS,RS − NS,conclusion_result,conclusive_adverb,accordingly,
base,movement,m04_accordingly,RS_minus_RP,-0.06886574074074076,-0.10595238095238095,-0.031564754689754705,0.0002,9999,108,216,0,36,36,contrasts_by_individual_marker|run=base|outcome=movement|marker_id=m04_accordingly|quantity=RS_minus_RP,RS − RP,conclusion_result,conclusive_adverb,accordingly,0.009600000000000001
base,movement,m04_accordingly,interaction,-0.18055555555555555,-0.23869505494505497,-0.1228604363472785,0.0002,9999,108,432,0,36,36,contrasts_by_individual_marker|run=base|outcome=movement|marker_id=m04_accordingly|quantity=interaction,(RS − RP) − (NS − NP),conclusion_result,conclusive_adverb,accordingly,
base,movement,m05_for_this_reason,NS_minus_NP,0.06250000000000001,0.024479166666666666,0.0982914329594017,0.0028,9999,117,234,0,39,39,contrasts_by_individual_marker|run=base|outcome=movement|marker_id=m05_for_this_reason|quantity=NS_minus_NP,NS − NP,conclusion_result,anaphoric_reason_phrase,for this reason,0.0448
base,movement,m05_for_this_reason,RS_minus_NS,0.11752136752136752,0.039765798226164106,0.1950231481481481,0.0022,9999,117,234,0,39,39,contrasts_by_individual_marker|run=base|outcome=movement|marker_id=m05_for_this_reason|quantity=RS_minus_NS,RS − NS,conclusion_result,anaphoric_reason_phrase,for this reason,
base,movement,m05_for_this_reason,RS_minus_RP,-0.05502136752136751,-0.08523338220918865,-0.024224806201550386,0.0006,9999,117,234,0,39,39,contrasts_by_individual_marker|run=base|outcome=movement|marker_id=m05_for_this_reason|quantity=RS_minus_RP,RS − RP,conclusion_result,anaphoric_reason_phrase,for this reason,0.011999999999999999
base,movement,m05_for_this_reason,interaction,-0.11752136752136752,-0.1652148299859056,-0.0698184121621622,0.0002,9999,117,468,0,39,39,contrasts_by_individual_marker|run=base|outcome=movement|marker_id=m05_for_this_reason|quantity=interaction,(RS − RP) − (NS − NP),conclusion_result,anaphoric_reason_phrase,for this reason,
base,movement,m06_that_is_why,NS_minus_NP,-0.07826576576576577,-0.12202380952380952,-0.039828431372549024,0.0002,9999,111,222,0,37,37,contrasts_by_individual_marker|run=base|outcome=movement|marker_id=m06_that_is_why|quantity=NS_minus_NP,NS − NP,conclusion_result,causal_conversational_result,that is why,0.009600000000000001
base,movement,m06_that_is_why,RS_minus_NS,0.06418918918918919,-0.006252422480620141,0.13517530487804857,0.0776,9999,111,222,0,37,37,contrasts_by_individual_marker|run=base|outcome=movement|marker_id=m06_that_is_why|quantity=RS_minus_NS,RS − NS,conclusion_result,causal_conversational_result,that is why,
base,movement,m06_that_is_why,RS_minus_RP,-0.2601351351351351,-0.2989864864864865,-0.22149122807017543,0.0002,9999,111,222,0,37,37,contrasts_by_individual_marker|run=base|outcome=movement|marker_id=m06_that_is_why|quantity=RS_minus_RP,RS − RP,conclusion_result,causal_conversational_result,that is why,0.009600000000000001
base,movement,m06_that_is_why,interaction,-0.18186936936936937,-0.23479729729729729,-0.12768731044940723,0.0002,9999,111,444,0,37,37,contrasts_by_individual_marker|run=base|outcome=movement|marker_id=m06_that_is_why|quantity=interaction,(RS − RP) − (NS − NP),conclusion_result,causal_conversational_result,that is why,
base,movement,m07_this_implies_that,NS_minus_NP,-0.17135416666666664,-0.24057539682539672,-0.1024751313813814,0.0002,9999,120,240,0,40,40,contrasts_by_individual_marker|run=base|outcome=movement|marker_id=m07_this_implies_that|quantity=NS_minus_NP,NS − NP,inference_basis,explicit_inference,this implies that,0.009600000000000001
base,movement,m07_this_implies_that,RS_minus_NS,0.4104166666666667,0.3322903311965812,0.4876343816773504,0.0002,9999,120,240,0,40,40,contrasts_by_individual_marker|run=base|outcome=movement|marker_id=m07_this_implies_that|quantity=RS_minus_NS,RS − NS,inference_basis,explicit_inference,this implies that,
base,movement,m07_this_implies_that,RS_minus_RP,0.019791666666666662,-0.02500534188034187,0.0661473651960784,0.401,9999,120,240,0,40,40,contrasts_by_individual_marker|run=base|outcome=movement|marker_id=m07_this_implies_that|quantity=RS_minus_RP,RS − RP,inference_basis,explicit_inference,this implies that,1.0
base,movement,m07_this_implies_that,interaction,0.19114583333333335,0.13425925925925927,0.24733859890109877,0.0002,9999,120,480,0,40,40,contrasts_by_individual_marker|run=base|outcome=movement|marker_id=m07_this_implies_that|quantity=interaction,(RS − RP) − (NS − NP),inference_basis,explicit_inference,this implies that,
base,movement,m08_it_follows_that,NS_minus_NP,0.219017094017094,0.1745489239239239,0.26801989489489486,0.0002,9999,120,240,0,39,40,contrasts_by_individual_marker|run=base|outcome=movement|marker_id=m08_it_follows_that|quantity=NS_minus_NP,NS − NP,inference_basis,explicit_inference,it follows that,0.009600000000000001
base,movement,m08_it_follows_that,RS_minus_NS,0.1111111111111111,0.03668135155906897,0.18597915484968797,0.0046,9999,120,240,0,39,40,contrasts_by_individual_marker|run=base|outcome=movement|marker_id=m08_it_follows_that|quantity=RS_minus_NS,RS − NS,inference_basis,explicit_inference,it follows that,
base,movement,m08_it_follows_that,RS_minus_RP,0.0657051282051282,0.028409090909090905,0.10419034090909059,0.0006,9999,120,240,0,39,40,contrasts_by_individual_marker|run=base|outcome=movement|marker_id=m08_it_follows_that|quantity=RS_minus_RP,RS − RP,inference_basis,explicit_inference,it follows that,0.011999999999999999
base,movement,m08_it_follows_that,interaction,-0.15331196581196585,-0.20138888888888884,-0.10542743612596556,0.0002,9999,120,480,0,39,40,contrasts_by_individual_marker|run=base|outcome=movement|marker_id=m08_it_follows_that|quantity=interaction,(RS − RP) − (NS − NP),inference_basis,explicit_inference,it follows that,
base,movement,m09_on_that_basis,NS_minus_NP,0.11041666666666668,0.06150793650793651,0.15705344767844764,0.0002,9999,123,246,0,40,41,contrasts_by_individual_marker|run=base|outcome=movement|marker_id=m09_on_that_basis|quantity=NS_minus_NP,NS − NP,inference_basis,anaphoric_basis,on that basis,0.009600000000000001
base,movement,m09_on_that_basis,RS_minus_NS,0.1640625,0.07994158220720725,0.24226503759398485,0.0006,9999,123,246,0,40,41,contrasts_by_individual_marker|run=base|outcome=movement|marker_id=m09_on_that_basis|quantity=RS_minus_NS,RS − NS,inference_basis,anaphoric_basis,on that basis,
base,movement,m09_on_that_basis,RS_minus_RP,-0.025520833333333336,-0.07346491228070175,0.022727272727272728,0.292,9999,123,246,0,40,41,contrasts_by_individual_marker|run=base|outcome=movement|marker_id=m09_on_that_basis|quantity=RS_minus_RP,RS − RP,inference_basis,anaphoric_basis,on that basis,1.0
base,movement,m09_on_that_basis,interaction,-0.1359375,-0.19817138315613927,-0.07126937984496128,0.0002,9999,123,492,0,40,41,contrasts_by_individual_marker|run=base|outcome=movement|marker_id=m09_on_that_basis|quantity=interaction,(RS − RP) − (NS − NP),inference_basis,anaphoric_basis,on that basis,
base,movement,m10_based_on_this,NS_minus_NP,0.15460526315789477,0.11431623931623933,0.19707423769923768,0.0002,9999,114,228,0,38,38,contrasts_by_individual_marker|run=base|outcome=movement|marker_id=m10_based_on_this|quantity=NS_minus_NP,NS − NP,inference_basis,anaphoric_basis,based on this,0.009600000000000001
base,movement,m10_based_on_this,RS_minus_NS,0.1343201754385965,0.07823495370370374,0.1917742898441428,0.0002,9999,114,228,0,38,38,contrasts_by_individual_marker|run=base|outcome=movement|marker_id=m10_based_on_this|quantity=RS_minus_NS,RS − NS,inference_basis,anaphoric_basis,based on this,
base,movement,m10_based_on_this,RS_minus_RP,0.042214912280701754,0.00470346102150538,0.07882882882882883,0.0242,9999,114,228,0,38,38,contrasts_by_individual_marker|run=base|outcome=movement|marker_id=m10_based_on_this|quantity=RS_minus_RP,RS − RP,inference_basis,anaphoric_basis,based on this,0.3146
base,movement,m10_based_on_this,interaction,-0.112390350877193,-0.15679824561403508,-0.06853070175438596,0.0002,9999,114,456,0,38,38,contrasts_by_individual_marker|run=base|outcome=movement|marker_id=m10_based_on_this|quantity=interaction,(RS − RP) − (NS − NP),inference_basis,anaphoric_basis,based on this,
base,movement,m11_given_this,NS_minus_NP,0.24183558558558552,0.20565476190476195,0.2796052631578947,0.0002,9999,117,234,0,37,39,contrasts_by_individual_marker|run=base|outcome=movement|marker_id=m11_given_this|quantity=NS_minus_NP,NS − NP,inference_basis,anaphoric_basis,given this,0.009600000000000001
base,movement,m11_given_this,RS_minus_NS,0.11824324324324324,0.03630325814536344,0.20182792467948713,0.0052,9999,117,234,0,37,39,contrasts_by_individual_marker|run=base|outcome=movement|marker_id=m11_given_this|quantity=RS_minus_NS,RS − NS,inference_basis,anaphoric_basis,given this,
base,movement,m11_given_this,RS_minus_RP,0.04279279279279279,0.015476190476190475,0.07196969696969698,0.002,9999,117,234,0,37,39,contrasts_by_individual_marker|run=base|outcome=movement|marker_id=m11_given_this|quantity=RS_minus_RP,RS − RP,inference_basis,anaphoric_basis,given this,0.036000000000000004
base,movement,m11_given_this,interaction,-0.19904279279279277,-0.2393162393162393,-0.1606168794802868,0.0002,9999,117,468,0,37,39,contrasts_by_individual_marker|run=base|outcome=movement|marker_id=m11_given_this|quantity=interaction,(RS − RP) − (NS − NP),inference_basis,anaphoric_basis,given this,
base,movement,m12_in_view_of_this,NS_minus_NP,0.21217105263157895,0.1619754464285714,0.26157747821350763,0.0002,9999,117,234,0,38,39,contrasts_by_individual_marker|run=base|outcome=movement|marker_id=m12_in_view_of_this|quantity=NS_minus_NP,NS − NP,inference_basis,anaphoric_basis,in view of this,0.009600000000000001
base,movement,m12_in_view_of_this,RS_minus_NS,0.15460526315789472,0.06835937500000001,0.24792162698412695,0.0006,9999,117,234,0,38,39,contrasts_by_individual_marker|run=base|outcome=movement|marker_id=m12_in_view_of_this|quantity=RS_minus_NS,RS − NS,inference_basis,anaphoric_basis,in view of this,
base,movement,m12_in_view_of_this,RS_minus_RP,0.06962719298245615,0.030448717948717955,0.10800438596491227,0.0004,9999,117,234,0,38,39,contrasts_by_individual_marker|run=base|outcome=movement|marker_id=m12_in_view_of_this|quantity=RS_minus_RP,RS − RP,inference_basis,anaphoric_basis,in view of this,0.009600000000000001
base,movement,m12_in_view_of_this,interaction,-0.14254385964912278,-0.21264618417535422,-0.06993444337194346,0.0002,9999,117,468,0,38,39,contrasts_by_individual_marker|run=base|outcome=movement|marker_id=m12_in_view_of_this|quantity=interaction,(RS − RP) − (NS − NP),inference_basis,anaphoric_basis,in view of this,
instruct,flip,m01_therefore,NS_minus_NP,0.0,0.0,0.0,1.0,9999,126,252,252,24,42,contrasts_by_individual_marker|run=instruct|outcome=flip|marker_id=m01_therefore|quantity=NS_minus_NP,NS − NP,conclusion_result,conclusive_adverb,therefore,
instruct,flip,m01_therefore,RS_minus_NS,0.0,0.0,0.0,1.0,9999,126,252,252,24,42,contrasts_by_individual_marker|run=instruct|outcome=flip|marker_id=m01_therefore|quantity=RS_minus_NS,RS − NS,conclusion_result,conclusive_adverb,therefore,
instruct,flip,m01_therefore,RS_minus_RP,0.0,0.0,0.0,1.0,9999,126,252,252,24,42,contrasts_by_individual_marker|run=instruct|outcome=flip|marker_id=m01_therefore|quantity=RS_minus_RP,RS − RP,conclusion_result,conclusive_adverb,therefore,
instruct,flip,m01_therefore,interaction,0.0,0.0,0.0,1.0,9999,126,504,504,24,42,contrasts_by_individual_marker|run=instruct|outcome=flip|marker_id=m01_therefore|quantity=interaction,(RS − RP) − (NS − NP),conclusion_result,conclusive_adverb,therefore,
instruct,flip,m02_consequently,NS_minus_NP,0.0,0.0,0.0,1.0,9999,108,216,216,21,36,contrasts_by_individual_marker|run=instruct|outcome=flip|marker_id=m02_consequently|quantity=NS_minus_NP,NS − NP,conclusion_result,conclusive_adverb,consequently,
instruct,flip,m02_consequently,RS_minus_NS,0.0,0.0,0.0,1.0,9999,108,216,216,21,36,contrasts_by_individual_marker|run=instruct|outcome=flip|marker_id=m02_consequently|quantity=RS_minus_NS,RS − NS,conclusion_result,conclusive_adverb,consequently,
instruct,flip,m02_consequently,RS_minus_RP,0.0,0.0,0.0,1.0,9999,108,216,216,21,36,contrasts_by_individual_marker|run=instruct|outcome=flip|marker_id=m02_consequently|quantity=RS_minus_RP,RS − RP,conclusion_result,conclusive_adverb,consequently,
instruct,flip,m02_consequently,interaction,0.0,0.0,0.0,1.0,9999,108,432,432,21,36,contrasts_by_individual_marker|run=instruct|outcome=flip|marker_id=m02_consequently|quantity=interaction,(RS − RP) − (NS − NP),conclusion_result,conclusive_adverb,consequently,
instruct,flip,m03_thus,NS_minus_NP,0.0,0.0,0.0,1.0,9999,120,240,240,23,40,contrasts_by_individual_marker|run=instruct|outcome=flip|marker_id=m03_thus|quantity=NS_minus_NP,NS − NP,conclusion_result,conclusive_adverb,thus,
instruct,flip,m03_thus,RS_minus_NS,0.0,0.0,0.0,1.0,9999,120,240,240,23,40,contrasts_by_individual_marker|run=instruct|outcome=flip|marker_id=m03_thus|quantity=RS_minus_NS,RS − NS,conclusion_result,conclusive_adverb,thus,
instruct,flip,m03_thus,RS_minus_RP,0.0,0.0,0.0,1.0,9999,120,240,240,23,40,contrasts_by_individual_marker|run=instruct|outcome=flip|marker_id=m03_thus|quantity=RS_minus_RP,RS − RP,conclusion_result,conclusive_adverb,thus,
instruct,flip,m03_thus,interaction,0.0,0.0,0.0,1.0,9999,120,480,480,23,40,contrasts_by_individual_marker|run=instruct|outcome=flip|marker_id=m03_thus|quantity=interaction,(RS − RP) − (NS − NP),conclusion_result,conclusive_adverb,thus,
instruct,flip,m04_accordingly,NS_minus_NP,0.0,0.0,0.0,1.0,9999,84,168,168,18,28,contrasts_by_individual_marker|run=instruct|outcome=flip|marker_id=m04_accordingly|quantity=NS_minus_NP,NS − NP,conclusion_result,conclusive_adverb,accordingly,
instruct,flip,m04_accordingly,RS_minus_NS,0.0,0.0,0.0,1.0,9999,84,168,168,18,28,contrasts_by_individual_marker|run=instruct|outcome=flip|marker_id=m04_accordingly|quantity=RS_minus_NS,RS − NS,conclusion_result,conclusive_adverb,accordingly,
instruct,flip,m04_accordingly,RS_minus_RP,0.0,0.0,0.0,1.0,9999,84,168,168,18,28,contrasts_by_individual_marker|run=instruct|outcome=flip|marker_id=m04_accordingly|quantity=RS_minus_RP,RS − RP,conclusion_result,conclusive_adverb,accordingly,
instruct,flip,m04_accordingly,interaction,0.0,0.0,0.0,1.0,9999,84,336,336,18,28,contrasts_by_individual_marker|run=instruct|outcome=flip|marker_id=m04_accordingly|quantity=interaction,(RS − RP) − (NS − NP),conclusion_result,conclusive_adverb,accordingly,
instruct,flip,m05_for_this_reason,NS_minus_NP,0.0,0.0,0.0,1.0,9999,108,216,216,21,36,contrasts_by_individual_marker|run=instruct|outcome=flip|marker_id=m05_for_this_reason|quantity=NS_minus_NP,NS − NP,conclusion_result,anaphoric_reason_phrase,for this reason,
instruct,flip,m05_for_this_reason,RS_minus_NS,0.0,0.0,0.0,1.0,9999,108,216,216,21,36,contrasts_by_individual_marker|run=instruct|outcome=flip|marker_id=m05_for_this_reason|quantity=RS_minus_NS,RS − NS,conclusion_result,anaphoric_reason_phrase,for this reason,
instruct,flip,m05_for_this_reason,RS_minus_RP,0.0,0.0,0.0,1.0,9999,108,216,216,21,36,contrasts_by_individual_marker|run=instruct|outcome=flip|marker_id=m05_for_this_reason|quantity=RS_minus_RP,RS − RP,conclusion_result,anaphoric_reason_phrase,for this reason,
instruct,flip,m05_for_this_reason,interaction,0.0,0.0,0.0,1.0,9999,108,432,432,21,36,contrasts_by_individual_marker|run=instruct|outcome=flip|marker_id=m05_for_this_reason|quantity=interaction,(RS − RP) − (NS − NP),conclusion_result,anaphoric_reason_phrase,for this reason,
instruct,flip,m06_that_is_why,NS_minus_NP,0.0,0.0,0.0,1.0,9999,144,288,288,26,48,contrasts_by_individual_marker|run=instruct|outcome=flip|marker_id=m06_that_is_why|quantity=NS_minus_NP,NS − NP,conclusion_result,causal_conversational_result,that is why,
instruct,flip,m06_that_is_why,RS_minus_NS,0.0,0.0,0.0,1.0,9999,144,288,288,26,48,contrasts_by_individual_marker|run=instruct|outcome=flip|marker_id=m06_that_is_why|quantity=RS_minus_NS,RS − NS,conclusion_result,causal_conversational_result,that is why,
instruct,flip,m06_that_is_why,RS_minus_RP,0.0,0.0,0.0,1.0,9999,144,288,288,26,48,contrasts_by_individual_marker|run=instruct|outcome=flip|marker_id=m06_that_is_why|quantity=RS_minus_RP,RS − RP,conclusion_result,causal_conversational_result,that is why,
instruct,flip,m06_that_is_why,interaction,0.0,0.0,0.0,1.0,9999,144,576,576,26,48,contrasts_by_individual_marker|run=instruct|outcome=flip|marker_id=m06_that_is_why|quantity=interaction,(RS − RP) − (NS − NP),conclusion_result,causal_conversational_result,that is why,
instruct,flip,m07_this_implies_that,NS_minus_NP,0.0,0.0,0.0,1.0,9999,114,228,228,23,38,contrasts_by_individual_marker|run=instruct|outcome=flip|marker_id=m07_this_implies_that|quantity=NS_minus_NP,NS − NP,inference_basis,explicit_inference,this implies that,
instruct,flip,m07_this_implies_that,RS_minus_NS,0.0,0.0,0.0,1.0,9999,114,228,228,23,38,contrasts_by_individual_marker|run=instruct|outcome=flip|marker_id=m07_this_implies_that|quantity=RS_minus_NS,RS − NS,inference_basis,explicit_inference,this implies that,
instruct,flip,m07_this_implies_that,RS_minus_RP,0.0,0.0,0.0,1.0,9999,114,228,228,23,38,contrasts_by_individual_marker|run=instruct|outcome=flip|marker_id=m07_this_implies_that|quantity=RS_minus_RP,RS − RP,inference_basis,explicit_inference,this implies that,
instruct,flip,m07_this_implies_that,interaction,0.0,0.0,0.0,1.0,9999,114,456,456,23,38,contrasts_by_individual_marker|run=instruct|outcome=flip|marker_id=m07_this_implies_that|quantity=interaction,(RS − RP) − (NS − NP),inference_basis,explicit_inference,this implies that,
instruct,flip,m08_it_follows_that,NS_minus_NP,0.0,0.0,0.0,1.0,9999,144,288,288,27,48,contrasts_by_individual_marker|run=instruct|outcome=flip|marker_id=m08_it_follows_that|quantity=NS_minus_NP,NS − NP,inference_basis,explicit_inference,it follows that,
instruct,flip,m08_it_follows_that,RS_minus_NS,0.0,0.0,0.0,1.0,9999,144,288,288,27,48,contrasts_by_individual_marker|run=instruct|outcome=flip|marker_id=m08_it_follows_that|quantity=RS_minus_NS,RS − NS,inference_basis,explicit_inference,it follows that,
instruct,flip,m08_it_follows_that,RS_minus_RP,0.0,0.0,0.0,1.0,9999,144,288,288,27,48,contrasts_by_individual_marker|run=instruct|outcome=flip|marker_id=m08_it_follows_that|quantity=RS_minus_RP,RS − RP,inference_basis,explicit_inference,it follows that,
instruct,flip,m08_it_follows_that,interaction,0.0,0.0,0.0,1.0,9999,144,576,576,27,48,contrasts_by_individual_marker|run=instruct|outcome=flip|marker_id=m08_it_follows_that|quantity=interaction,(RS − RP) − (NS − NP),inference_basis,explicit_inference,it follows that,
instruct,flip,m09_on_that_basis,NS_minus_NP,0.0,0.0,0.0,1.0,9999,99,198,198,19,33,contrasts_by_individual_marker|run=instruct|outcome=flip|marker_id=m09_on_that_basis|quantity=NS_minus_NP,NS − NP,inference_basis,anaphoric_basis,on that basis,
instruct,flip,m09_on_that_basis,RS_minus_NS,0.0,0.0,0.0,1.0,9999,99,198,198,19,33,contrasts_by_individual_marker|run=instruct|outcome=flip|marker_id=m09_on_that_basis|quantity=RS_minus_NS,RS − NS,inference_basis,anaphoric_basis,on that basis,
instruct,flip,m09_on_that_basis,RS_minus_RP,0.0,0.0,0.0,1.0,9999,99,198,198,19,33,contrasts_by_individual_marker|run=instruct|outcome=flip|marker_id=m09_on_that_basis|quantity=RS_minus_RP,RS − RP,inference_basis,anaphoric_basis,on that basis,
instruct,flip,m09_on_that_basis,interaction,0.0,0.0,0.0,1.0,9999,99,396,396,19,33,contrasts_by_individual_marker|run=instruct|outcome=flip|marker_id=m09_on_that_basis|quantity=interaction,(RS − RP) − (NS − NP),inference_basis,anaphoric_basis,on that basis,
instruct,flip,m10_based_on_this,NS_minus_NP,0.0,0.0,0.0,1.0,9999,120,240,240,23,40,contrasts_by_individual_marker|run=instruct|outcome=flip|marker_id=m10_based_on_this|quantity=NS_minus_NP,NS − NP,inference_basis,anaphoric_basis,based on this,
instruct,flip,m10_based_on_this,RS_minus_NS,0.0,0.0,0.0,1.0,9999,120,240,240,23,40,contrasts_by_individual_marker|run=instruct|outcome=flip|marker_id=m10_based_on_this|quantity=RS_minus_NS,RS − NS,inference_basis,anaphoric_basis,based on this,
instruct,flip,m10_based_on_this,RS_minus_RP,0.0,0.0,0.0,1.0,9999,120,240,240,23,40,contrasts_by_individual_marker|run=instruct|outcome=flip|marker_id=m10_based_on_this|quantity=RS_minus_RP,RS − RP,inference_basis,anaphoric_basis,based on this,
instruct,flip,m10_based_on_this,interaction,0.0,0.0,0.0,1.0,9999,120,480,480,23,40,contrasts_by_individual_marker|run=instruct|outcome=flip|marker_id=m10_based_on_this|quantity=interaction,(RS − RP) − (NS − NP),inference_basis,anaphoric_basis,based on this,
instruct,flip,m11_given_this,NS_minus_NP,0.0,0.0,0.0,1.0,9999,111,222,222,20,37,contrasts_by_individual_marker|run=instruct|outcome=flip|marker_id=m11_given_this|quantity=NS_minus_NP,NS − NP,inference_basis,anaphoric_basis,given this,
instruct,flip,m11_given_this,RS_minus_NS,0.0,0.0,0.0,1.0,9999,111,222,222,20,37,contrasts_by_individual_marker|run=instruct|outcome=flip|marker_id=m11_given_this|quantity=RS_minus_NS,RS − NS,inference_basis,anaphoric_basis,given this,
instruct,flip,m11_given_this,RS_minus_RP,0.0,0.0,0.0,1.0,9999,111,222,222,20,37,contrasts_by_individual_marker|run=instruct|outcome=flip|marker_id=m11_given_this|quantity=RS_minus_RP,RS − RP,inference_basis,anaphoric_basis,given this,
instruct,flip,m11_given_this,interaction,0.0,0.0,0.0,1.0,9999,111,444,444,20,37,contrasts_by_individual_marker|run=instruct|outcome=flip|marker_id=m11_given_this|quantity=interaction,(RS − RP) − (NS − NP),inference_basis,anaphoric_basis,given this,
instruct,flip,m12_in_view_of_this,NS_minus_NP,0.0,0.0,0.0,1.0,9999,102,204,204,21,34,contrasts_by_individual_marker|run=instruct|outcome=flip|marker_id=m12_in_view_of_this|quantity=NS_minus_NP,NS − NP,inference_basis,anaphoric_basis,in view of this,
instruct,flip,m12_in_view_of_this,RS_minus_NS,0.0,0.0,0.0,1.0,9999,102,204,204,21,34,contrasts_by_individual_marker|run=instruct|outcome=flip|marker_id=m12_in_view_of_this|quantity=RS_minus_NS,RS − NS,inference_basis,anaphoric_basis,in view of this,
instruct,flip,m12_in_view_of_this,RS_minus_RP,0.0,0.0,0.0,1.0,9999,102,204,204,21,34,contrasts_by_individual_marker|run=instruct|outcome=flip|marker_id=m12_in_view_of_this|quantity=RS_minus_RP,RS − RP,inference_basis,anaphoric_basis,in view of this,
instruct,flip,m12_in_view_of_this,interaction,0.0,0.0,0.0,1.0,9999,102,408,408,21,34,contrasts_by_individual_marker|run=instruct|outcome=flip|marker_id=m12_in_view_of_this|quantity=interaction,(RS − RP) − (NS − NP),inference_basis,anaphoric_basis,in view of this,
instruct,movement,m01_therefore,NS_minus_NP,-0.7092013888888888,-0.7988212719298243,-0.6127378034547154,0.0002,9999,126,252,0,24,42,contrasts_by_individual_marker|run=instruct|outcome=movement|marker_id=m01_therefore|quantity=NS_minus_NP,NS − NP,conclusion_result,conclusive_adverb,therefore,0.009600000000000001
instruct,movement,m01_therefore,RS_minus_NS,0.7269965277777777,0.5854957717293907,0.8791666666666667,0.0002,9999,126,252,0,24,42,contrasts_by_individual_marker|run=instruct|outcome=movement|marker_id=m01_therefore|quantity=RS_minus_NS,RS − NS,conclusion_result,conclusive_adverb,therefore,
instruct,movement,m01_therefore,RS_minus_RP,0.12890624999999997,0.026560132575757584,0.24763772233201578,0.0074,9999,126,252,0,24,42,contrasts_by_individual_marker|run=instruct|outcome=movement|marker_id=m01_therefore|quantity=RS_minus_RP,RS − RP,conclusion_result,conclusive_adverb,therefore,0.1036
instruct,movement,m01_therefore,interaction,0.838107638888889,0.7359775641025641,0.9417675937001592,0.0002,9999,126,504,0,24,42,contrasts_by_individual_marker|run=instruct|outcome=movement|marker_id=m01_therefore|quantity=interaction,(RS − RP) − (NS − NP),conclusion_result,conclusive_adverb,therefore,
instruct,movement,m02_consequently,NS_minus_NP,-0.5868055555555555,-0.65515625,-0.5188368055555557,0.0002,9999,108,216,0,21,36,contrasts_by_individual_marker|run=instruct|outcome=movement|marker_id=m02_consequently|quantity=NS_minus_NP,NS − NP,conclusion_result,conclusive_adverb,consequently,0.009600000000000001
instruct,movement,m02_consequently,RS_minus_NS,0.27182539682539686,0.15104166666666669,0.39792824074074057,0.0002,9999,108,216,0,21,36,contrasts_by_individual_marker|run=instruct|outcome=movement|marker_id=m02_consequently|quantity=RS_minus_NS,RS − NS,conclusion_result,conclusive_adverb,consequently,
instruct,movement,m02_consequently,RS_minus_RP,-0.0054563492063492095,-0.07393725198412686,0.06311465992647056,0.8692,9999,108,216,0,21,36,contrasts_by_individual_marker|run=instruct|outcome=movement|marker_id=m02_consequently|quantity=RS_minus_RP,RS − RP,conclusion_result,conclusive_adverb,consequently,1.0
instruct,movement,m02_consequently,interaction,0.5813492063492064,0.4985119047619048,0.6600942460317459,0.0002,9999,108,432,0,21,36,contrasts_by_individual_marker|run=instruct|outcome=movement|marker_id=m02_consequently|quantity=interaction,(RS − RP) − (NS − NP),conclusion_result,conclusive_adverb,consequently,
instruct,movement,m03_thus,NS_minus_NP,-0.5760869565217392,-0.6703125,-0.482633288530466,0.0002,9999,120,240,0,23,40,contrasts_by_individual_marker|run=instruct|outcome=movement|marker_id=m03_thus|quantity=NS_minus_NP,NS − NP,conclusion_result,conclusive_adverb,thus,0.009600000000000001
instruct,movement,m03_thus,RS_minus_NS,0.47599637681159424,0.32249818840579714,0.6499139492753624,0.0002,9999,120,240,0,23,40,contrasts_by_individual_marker|run=instruct|outcome=movement|marker_id=m03_thus|quantity=RS_minus_NS,RS − NS,conclusion_result,conclusive_adverb,thus,
instruct,movement,m03_thus,RS_minus_RP,0.004076086956521742,-0.07511574074074072,0.09704861111111096,0.974,9999,120,240,0,23,40,contrasts_by_individual_marker|run=instruct|outcome=movement|marker_id=m03_thus|quantity=RS_minus_RP,RS − RP,conclusion_result,conclusive_adverb,thus,1.0
instruct,movement,m03_thus,interaction,0.5801630434782609,0.44625,0.7224379595588234,0.0002,9999,120,480,0,23,40,contrasts_by_individual_marker|run=instruct|outcome=movement|marker_id=m03_thus|quantity=interaction,(RS − RP) − (NS − NP),conclusion_result,conclusive_adverb,thus,
instruct,movement,m04_accordingly,NS_minus_NP,-0.42071759259259256,-0.5583413461538461,-0.2767857142857143,0.0002,9999,84,168,0,18,28,contrasts_by_individual_marker|run=instruct|outcome=movement|marker_id=m04_accordingly|quantity=NS_minus_NP,NS − NP,conclusion_result,conclusive_adverb,accordingly,0.009600000000000001
instruct,movement,m04_accordingly,RS_minus_NS,0.1678240740740741,-0.004302619485294067,0.35289248511904725,0.0564,9999,84,168,0,18,28,contrasts_by_individual_marker|run=instruct|outcome=movement|marker_id=m04_accordingly|quantity=RS_minus_NS,RS − NS,conclusion_result,conclusive_adverb,accordingly,
instruct,movement,m04_accordingly,RS_minus_RP,-0.10821759259259259,-0.17845221920289853,-0.03905564692982466,0.002,9999,84,168,0,18,28,contrasts_by_individual_marker|run=instruct|outcome=movement|marker_id=m04_accordingly|quantity=RS_minus_RP,RS − RP,conclusion_result,conclusive_adverb,accordingly,0.036000000000000004
instruct,movement,m04_accordingly,interaction,0.31250000000000006,0.15869417211328982,0.47443418560606065,0.0006,9999,84,336,0,18,28,contrasts_by_individual_marker|run=instruct|outcome=movement|marker_id=m04_accordingly|quantity=interaction,(RS − RP) − (NS − NP),conclusion_result,conclusive_adverb,accordingly,
instruct,movement,m05_for_this_reason,NS_minus_NP,-1.1066468253968254,-1.2277792874396136,-0.9916666666666668,0.0002,9999,108,216,0,21,36,contrasts_by_individual_marker|run=instruct|outcome=movement|marker_id=m05_for_this_reason|quantity=NS_minus_NP,NS − NP,conclusion_result,anaphoric_reason_phrase,for this reason,0.009600000000000001
instruct,movement,m05_for_this_reason,RS_minus_NS,0.9379960317460316,0.7569368961352657,1.121944784858388,0.0002,9999,108,216,0,21,36,contrasts_by_individual_marker|run=instruct|outcome=movement|marker_id=m05_for_this_reason|quantity=RS_minus_NS,RS − NS,conclusion_result,anaphoric_reason_phrase,for this reason,
instruct,movement,m05_for_this_reason,RS_minus_RP,0.020337301587301588,-0.06597222222222222,0.10763888888888888,0.6432,9999,108,216,0,21,36,contrasts_by_individual_marker|run=instruct|outcome=movement|marker_id=m05_for_this_reason|quantity=RS_minus_RP,RS − RP,conclusion_result,anaphoric_reason_phrase,for this reason,1.0
instruct,movement,m05_for_this_reason,interaction,1.1269841269841272,0.9920275054466231,1.2630208333333333,0.0002,9999,108,432,0,21,36,contrasts_by_individual_marker|run=instruct|outcome=movement|marker_id=m05_for_this_reason|quantity=interaction,(RS − RP) − (NS − NP),conclusion_result,anaphoric_reason_phrase,for this reason,
instruct,movement,m06_that_is_why,NS_minus_NP,-1.1282051282051282,-1.2471280694879834,-1.0044037126068377,0.0002,9999,144,288,0,26,48,contrasts_by_individual_marker|run=instruct|outcome=movement|marker_id=m06_that_is_why|quantity=NS_minus_NP,NS − NP,conclusion_result,causal_conversational_result,that is why,0.009600000000000001
instruct,movement,m06_that_is_why,RS_minus_NS,0.7856570512820513,0.662589770962733,0.903994565217391,0.0002,9999,144,288,0,26,48,contrasts_by_individual_marker|run=instruct|outcome=movement|marker_id=m06_that_is_why|quantity=RS_minus_NS,RS − NS,conclusion_result,causal_conversational_result,that is why,
instruct,movement,m06_that_is_why,RS_minus_RP,-0.11017628205128206,-0.17940145502645502,-0.04970856191222582,0.0004,9999,144,288,0,26,48,contrasts_by_individual_marker|run=instruct|outcome=movement|marker_id=m06_that_is_why|quantity=RS_minus_RP,RS − RP,conclusion_result,causal_conversational_result,that is why,0.009600000000000001
instruct,movement,m06_that_is_why,interaction,1.0180288461538463,0.8850001381520779,1.1409360859728506,0.0002,9999,144,576,0,26,48,contrasts_by_individual_marker|run=instruct|outcome=movement|marker_id=m06_that_is_why|quantity=interaction,(RS − RP) − (NS − NP),conclusion_result,causal_conversational_result,that is why,
instruct,movement,m07_this_implies_that,NS_minus_NP,-2.076992753623189,-2.273884091739766,-1.8929449337831086,0.0002,9999,114,228,0,23,38,contrasts_by_individual_marker|run=instruct|outcome=movement|marker_id=m07_this_implies_that|quantity=NS_minus_NP,NS − NP,inference_basis,explicit_inference,this implies that,0.009600000000000001
instruct,movement,m07_this_implies_that,RS_minus_NS,1.6000905797101448,1.4097143308080806,1.7944729749417248,0.0002,9999,114,228,0,23,38,contrasts_by_individual_marker|run=instruct|outcome=movement|marker_id=m07_this_implies_that|quantity=RS_minus_NS,RS − NS,inference_basis,explicit_inference,this implies that,
instruct,movement,m07_this_implies_that,RS_minus_RP,-0.3029891304347826,-0.4254071029776675,-0.16776221264367816,0.0002,9999,114,228,0,23,38,contrasts_by_individual_marker|run=instruct|outcome=movement|marker_id=m07_this_implies_that|quantity=RS_minus_RP,RS − RP,inference_basis,explicit_inference,this implies that,0.009600000000000001
instruct,movement,m07_this_implies_that,interaction,1.774003623188406,1.5848214285714286,1.9775331439393935,0.0002,9999,114,456,0,23,38,contrasts_by_individual_marker|run=instruct|outcome=movement|marker_id=m07_this_implies_that|quantity=interaction,(RS − RP) − (NS − NP),inference_basis,explicit_inference,this implies that,
instruct,movement,m08_it_follows_that,NS_minus_NP,-0.44637345679012347,-0.49327956989247296,-0.40154219870071695,0.0002,9999,144,288,0,27,48,contrasts_by_individual_marker|run=instruct|outcome=movement|marker_id=m08_it_follows_that|quantity=NS_minus_NP,NS − NP,inference_basis,explicit_inference,it follows that,0.009600000000000001
instruct,movement,m08_it_follows_that,RS_minus_NS,0.2839506172839506,0.18428151709401713,0.3872323781291172,0.0002,9999,144,288,0,27,48,contrasts_by_individual_marker|run=instruct|outcome=movement|marker_id=m08_it_follows_that|quantity=RS_minus_NS,RS − NS,inference_basis,explicit_inference,it follows that,
instruct,movement,m08_it_follows_that,RS_minus_RP,-0.04282407407407408,-0.12083333333333333,0.03806089743589744,0.2824,9999,144,288,0,27,48,contrasts_by_individual_marker|run=instruct|outcome=movement|marker_id=m08_it_follows_that|quantity=RS_minus_RP,RS − RP,inference_basis,explicit_inference,it follows that,1.0
instruct,movement,m08_it_follows_that,interaction,0.4035493827160494,0.33288043478260865,0.47415123456790126,0.0002,9999,144,576,0,27,48,contrasts_by_individual_marker|run=instruct|outcome=movement|marker_id=m08_it_follows_that|quantity=interaction,(RS − RP) − (NS − NP),inference_basis,explicit_inference,it follows that,
instruct,movement,m09_on_that_basis,NS_minus_NP,-0.5805921052631579,-0.6846122685185185,-0.4781222587719299,0.0002,9999,99,198,0,19,33,contrasts_by_individual_marker|run=instruct|outcome=movement|marker_id=m09_on_that_basis|quantity=NS_minus_NP,NS − NP,inference_basis,anaphoric_basis,on that basis,0.009600000000000001
instruct,movement,m09_on_that_basis,RS_minus_NS,0.39583333333333337,0.19791666666666666,0.5975403708133971,0.0002,9999,99,198,0,19,33,contrasts_by_individual_marker|run=instruct|outcome=movement|marker_id=m09_on_that_basis|quantity=RS_minus_NS,RS − NS,inference_basis,anaphoric_basis,on that basis,
instruct,movement,m09_on_that_basis,RS_minus_RP,-0.06469298245614034,-0.17318050986842104,0.04350768716577536,0.2464,9999,99,198,0,19,33,contrasts_by_individual_marker|run=instruct|outcome=movement|marker_id=m09_on_that_basis|quantity=RS_minus_RP,RS − RP,inference_basis,anaphoric_basis,on that basis,1.0
instruct,movement,m09_on_that_basis,interaction,0.5158991228070174,0.36840277777777786,0.6562499999999999,0.0002,9999,99,396,0,19,33,contrasts_by_individual_marker|run=instruct|outcome=movement|marker_id=m09_on_that_basis|quantity=interaction,(RS − RP) − (NS − NP),inference_basis,anaphoric_basis,on that basis,
instruct,movement,m10_based_on_this,NS_minus_NP,-0.2445652173913043,-0.3296961805555555,-0.16123080572808834,0.0002,9999,120,240,0,23,40,contrasts_by_individual_marker|run=instruct|outcome=movement|marker_id=m10_based_on_this|quantity=NS_minus_NP,NS − NP,inference_basis,anaphoric_basis,based on this,0.009600000000000001
instruct,movement,m10_based_on_this,RS_minus_NS,0.15443840579710144,-0.05042283950617281,0.390625,0.1576,9999,120,240,0,23,40,contrasts_by_individual_marker|run=instruct|outcome=movement|marker_id=m10_based_on_this|quantity=RS_minus_NS,RS − NS,inference_basis,anaphoric_basis,based on this,
instruct,movement,m10_based_on_this,RS_minus_RP,0.08197463768115941,0.0021918402777777865,0.1625099206349205,0.0442,9999,120,240,0,23,40,contrasts_by_individual_marker|run=instruct|outcome=movement|marker_id=m10_based_on_this|quantity=RS_minus_RP,RS − RP,inference_basis,anaphoric_basis,based on this,0.5304
instruct,movement,m10_based_on_this,interaction,0.3265398550724638,0.2045226571268239,0.454747365900383,0.0002,9999,120,480,0,23,40,contrasts_by_individual_marker|run=instruct|outcome=movement|marker_id=m10_based_on_this|quantity=interaction,(RS − RP) − (NS − NP),inference_basis,anaphoric_basis,based on this,
instruct,movement,m11_given_this,NS_minus_NP,-0.4572916666666667,-0.5373303345959597,-0.3801909722222225,0.0002,9999,111,222,0,20,37,contrasts_by_individual_marker|run=instruct|outcome=movement|marker_id=m11_given_this|quantity=NS_minus_NP,NS − NP,inference_basis,anaphoric_basis,given this,0.009600000000000001
instruct,movement,m11_given_this,RS_minus_NS,0.2791666666666667,0.13541666666666669,0.427827380952381,0.0004,9999,111,222,0,20,37,contrasts_by_individual_marker|run=instruct|outcome=movement|marker_id=m11_given_this|quantity=RS_minus_NS,RS − NS,inference_basis,anaphoric_basis,given this,
instruct,movement,m11_given_this,RS_minus_RP,0.1109375,0.03854166666666666,0.19083468614718582,0.0034,9999,111,222,0,20,37,contrasts_by_individual_marker|run=instruct|outcome=movement|marker_id=m11_given_this|quantity=RS_minus_RP,RS − RP,inference_basis,anaphoric_basis,given this,0.051
instruct,movement,m11_given_this,interaction,0.5682291666666667,0.4761830357142857,0.6618589743589743,0.0002,9999,111,444,0,20,37,contrasts_by_individual_marker|run=instruct|outcome=movement|marker_id=m11_given_this|quantity=interaction,(RS − RP) − (NS − NP),inference_basis,anaphoric_basis,given this,
instruct,movement,m12_in_view_of_this,NS_minus_NP,-0.6264880952380953,-0.7232142857142857,-0.5367063492063493,0.0002,9999,102,204,0,21,34,contrasts_by_individual_marker|run=instruct|outcome=movement|marker_id=m12_in_view_of_this|quantity=NS_minus_NP,NS − NP,inference_basis,anaphoric_basis,in view of this,0.009600000000000001
instruct,movement,m12_in_view_of_this,RS_minus_NS,0.5124007936507936,0.3859375,0.6406363224637678,0.0002,9999,102,204,0,21,34,contrasts_by_individual_marker|run=instruct|outcome=movement|marker_id=m12_in_view_of_this|quantity=RS_minus_NS,RS − NS,inference_basis,anaphoric_basis,in view of this,
instruct,movement,m12_in_view_of_this,RS_minus_RP,0.12053571428571426,0.0021875000000000275,0.24107715201465196,0.0464,9999,102,204,0,21,34,contrasts_by_individual_marker|run=instruct|outcome=movement|marker_id=m12_in_view_of_this|quantity=RS_minus_RP,RS − RP,inference_basis,anaphoric_basis,in view of this,0.5304
instruct,movement,m12_in_view_of_this,interaction,0.7470238095238095,0.607054398148148,0.8777876984126983,0.0002,9999,102,408,0,21,34,contrasts_by_individual_marker|run=instruct|outcome=movement|marker_id=m12_in_view_of_this|quantity=interaction,(RS − RP) − (NS − NP),inference_basis,anaphoric_basis,in view of this,
