run,opening_id,outcome,kind,quantity,estimate,ci_low,ci_high,p_boot,replicates_defined,n_blocks,n_movement_rows,n_flip_rows,n_decisions,n_initials,statistic_id,quantity_label
base,directive_reconsideration,flip,cell,NP,0.9486111111111111,0.9097222222222222,0.9805555555555556,0.0002,9999,224,224,224,60,224,contrasts_by_opening|run=base|opening_id=directive_reconsideration|outcome=flip|kind=cell|quantity=NP,
base,directive_reconsideration,flip,cell,NS,0.975,0.9520833333333333,0.99375,0.0002,9999,236,472,461,60,236,contrasts_by_opening|run=base|opening_id=directive_reconsideration|outcome=flip|kind=cell|quantity=NS,
base,directive_reconsideration,flip,cell,RP,0.9597222222222221,0.9305555555555556,0.9847222222222223,0.0002,9999,233,233,233,60,233,contrasts_by_opening|run=base|opening_id=directive_reconsideration|outcome=flip|kind=cell|quantity=RP,
base,directive_reconsideration,flip,cell,RS,0.9673611111111112,0.9409722222222222,0.9895833333333334,0.0002,9999,232,464,454,60,232,contrasts_by_opening|run=base|opening_id=directive_reconsideration|outcome=flip|kind=cell|quantity=RS,
base,stance_alternative,flip,cell,NP,0.9652777777777778,0.9375,0.9875,0.0002,9999,232,232,232,60,232,contrasts_by_opening|run=base|opening_id=stance_alternative|outcome=flip|kind=cell|quantity=NP,
base,stance_alternative,flip,cell,NS,0.9791666666666666,0.9625,0.9958333333333333,0.0002,9999,236,472,461,60,236,contrasts_by_opening|run=base|opening_id=stance_alternative|outcome=flip|kind=cell|quantity=NS,
base,stance_alternative,flip,cell,RP,0.9736111111111112,0.9486111111111111,0.9944444444444444,0.0002,9999,234,234,234,60,234,contrasts_by_opening|run=base|opening_id=stance_alternative|outcome=flip|kind=cell|quantity=RP,
base,stance_alternative,flip,cell,RS,0.9715277777777779,0.9486111111111111,0.9902777777777777,0.0002,9999,236,472,465,60,236,contrasts_by_opening|run=base|opening_id=stance_alternative|outcome=flip|kind=cell|quantity=RS,
base,stance_disagreement,flip,cell,NP,0.9791666666666666,0.9583333333333334,0.9958333333333333,0.0002,9999,232,232,232,60,232,contrasts_by_opening|run=base|opening_id=stance_disagreement|outcome=flip|kind=cell|quantity=NP,
base,stance_disagreement,flip,cell,NS,0.99375,0.9833333333333333,1.0,0.0002,9999,236,472,470,60,236,contrasts_by_opening|run=base|opening_id=stance_disagreement|outcome=flip|kind=cell|quantity=NS,
base,stance_disagreement,flip,cell,RP,0.9916666666666667,0.9791666666666666,1.0,0.0002,9999,231,231,231,60,231,contrasts_by_opening|run=base|opening_id=stance_disagreement|outcome=flip|kind=cell|quantity=RP,
base,stance_disagreement,flip,cell,RS,0.9958333333333333,0.9875,1.0,0.0002,9999,235,470,468,60,235,contrasts_by_opening|run=base|opening_id=stance_disagreement|outcome=flip|kind=cell|quantity=RS,
base,directive_reconsideration,flip,contrast,NS_minus_NP,0.01736111111111111,0.0,0.03819444444444444,0.0622,9999,223,669,663,60,223,contrasts_by_opening|run=base|opening_id=directive_reconsideration|outcome=flip|kind=contrast|quantity=NS_minus_NP,NS − NP
base,directive_reconsideration,flip,contrast,RP_minus_NP,0.00972222222222222,-0.01111111111111111,0.030555555555555555,0.4344,9999,222,444,444,60,222,contrasts_by_opening|run=base|opening_id=directive_reconsideration|outcome=flip|kind=contrast|quantity=RP_minus_NP,RP − NP
base,directive_reconsideration,flip,contrast,RS_minus_NS,-0.01597222222222222,-0.04027777777777777,0.004166666666666667,0.1536,9999,232,928,907,60,232,contrasts_by_opening|run=base|opening_id=directive_reconsideration|outcome=flip|kind=contrast|quantity=RS_minus_NS,RS − NS
base,directive_reconsideration,flip,contrast,RS_minus_RP,-0.0006944444444444448,-0.013194444444444446,0.014583333333333334,0.9162,9999,230,690,681,60,230,contrasts_by_opening|run=base|opening_id=directive_reconsideration|outcome=flip|kind=contrast|quantity=RS_minus_RP,RS − RP
base,directive_reconsideration,flip,contrast,interaction,-0.018055555555555554,-0.041666666666666664,0.0,0.0782,9999,219,1314,1301,60,219,contrasts_by_opening|run=base|opening_id=directive_reconsideration|outcome=flip|kind=contrast|quantity=interaction,(RS − RP) − (NS − NP)
base,stance_alternative,flip,contrast,NS_minus_NP,0.0125,0.0,0.029166666666666667,0.098,9999,231,693,686,60,231,contrasts_by_opening|run=base|opening_id=stance_alternative|outcome=flip|kind=contrast|quantity=NS_minus_NP,NS − NP
base,stance_alternative,flip,contrast,RP_minus_NP,0.006944444444444445,-0.013888888888888888,0.02777777777777778,0.5594,9999,229,458,458,60,229,contrasts_by_opening|run=base|opening_id=stance_alternative|outcome=flip|kind=contrast|quantity=RP_minus_NP,RP − NP
base,stance_alternative,flip,contrast,RS_minus_NS,-0.011805555555555554,-0.03125,0.0020833333333333333,0.1826,9999,235,940,924,60,235,contrasts_by_opening|run=base|opening_id=stance_alternative|outcome=flip|kind=contrast|quantity=RS_minus_NS,RS − NS
base,stance_alternative,flip,contrast,RS_minus_RP,-0.003472222222222222,-0.01944444444444444,0.010416666666666666,0.774,9999,234,702,696,60,234,contrasts_by_opening|run=base|opening_id=stance_alternative|outcome=flip|kind=contrast|quantity=RS_minus_RP,RS − RP
base,stance_alternative,flip,contrast,interaction,-0.010416666666666666,-0.029861111111111113,0.006944444444444444,0.2824,9999,228,1368,1359,60,228,contrasts_by_opening|run=base|opening_id=stance_alternative|outcome=flip|kind=contrast|quantity=interaction,(RS − RP) − (NS − NP)
base,stance_disagreement,flip,contrast,NS_minus_NP,0.010416666666666666,-0.0020833333333333333,0.025,0.1678,9999,231,693,692,60,231,contrasts_by_opening|run=base|opening_id=stance_disagreement|outcome=flip|kind=contrast|quantity=NS_minus_NP,NS − NP
base,stance_disagreement,flip,contrast,RP_minus_NP,0.004166666666666667,-0.008333333333333333,0.016666666666666666,0.7958,9999,227,454,454,60,227,contrasts_by_opening|run=base|opening_id=stance_disagreement|outcome=flip|kind=contrast|quantity=RP_minus_NP,RP − NP
base,stance_disagreement,flip,contrast,RS_minus_NS,-0.0020833333333333333,-0.0125,0.00625,0.9076,9999,235,940,936,60,235,contrasts_by_opening|run=base|opening_id=stance_disagreement|outcome=flip|kind=contrast|quantity=RS_minus_NS,RS − NS
base,stance_disagreement,flip,contrast,RS_minus_RP,0.001388888888888889,-0.008333333333333333,0.0125,0.9346,9999,230,690,690,60,230,contrasts_by_opening|run=base|opening_id=stance_disagreement|outcome=flip|kind=contrast|quantity=RS_minus_RP,RS − RP
base,stance_disagreement,flip,contrast,interaction,-0.0062499999999999995,-0.024305555555555556,0.009722222222222222,0.5154,9999,226,1356,1355,60,226,contrasts_by_opening|run=base|opening_id=stance_disagreement|outcome=flip|kind=contrast|quantity=interaction,(RS − RP) − (NS − NP)
base,directive_reconsideration,movement,cell,NP,1.0939236111111112,1.0219574652777776,1.167105034722222,0.0002,9999,237,237,0,60,237,contrasts_by_opening|run=base|opening_id=directive_reconsideration|outcome=movement|kind=cell|quantity=NP,
base,directive_reconsideration,movement,cell,NS,1.2904079861111113,1.2200520833333333,1.3640234375,0.0002,9999,237,474,0,60,237,contrasts_by_opening|run=base|opening_id=directive_reconsideration|outcome=movement|kind=cell|quantity=NS,
base,directive_reconsideration,movement,cell,RP,1.4341145833333333,1.3507682291666667,1.5234375,0.0002,9999,237,237,0,60,237,contrasts_by_opening|run=base|opening_id=directive_reconsideration|outcome=movement|kind=cell|quantity=RP,
base,directive_reconsideration,movement,cell,RS,1.4436631944444445,1.3624110243055554,1.5292122395833332,0.0002,9999,237,474,0,60,237,contrasts_by_opening|run=base|opening_id=directive_reconsideration|outcome=movement|kind=cell|quantity=RS,
base,stance_alternative,movement,cell,NP,1.3750868055555554,1.2923611111111113,1.4602473958333333,0.0002,9999,237,237,0,60,237,contrasts_by_opening|run=base|opening_id=stance_alternative|outcome=movement|kind=cell|quantity=NP,
base,stance_alternative,movement,cell,NS,1.3934027777777775,1.3158789062500003,1.4741796874999997,0.0002,9999,237,474,0,60,237,contrasts_by_opening|run=base|opening_id=stance_alternative|outcome=movement|kind=cell|quantity=NS,
base,stance_alternative,movement,cell,RP,1.620746527777778,1.5344574652777778,1.7103298611111108,0.0002,9999,237,237,0,60,237,contrasts_by_opening|run=base|opening_id=stance_alternative|outcome=movement|kind=cell|quantity=RP,
base,stance_alternative,movement,cell,RS,1.5899305555555556,1.503472222222222,1.6798307291666665,0.0002,9999,237,474,0,60,237,contrasts_by_opening|run=base|opening_id=stance_alternative|outcome=movement|kind=cell|quantity=RS,
base,stance_disagreement,movement,cell,NP,1.5024305555555557,1.4129296875,1.594097222222222,0.0002,9999,237,237,0,60,237,contrasts_by_opening|run=base|opening_id=stance_disagreement|outcome=movement|kind=cell|quantity=NP,
base,stance_disagreement,movement,cell,NS,1.6578993055555555,1.5752148437500002,1.7435351562499997,0.0002,9999,237,474,0,60,237,contrasts_by_opening|run=base|opening_id=stance_disagreement|outcome=movement|kind=cell|quantity=NS,
base,stance_disagreement,movement,cell,RP,1.73515625,1.6492057291666666,1.8248307291666663,0.0002,9999,237,237,0,60,237,contrasts_by_opening|run=base|opening_id=stance_disagreement|outcome=movement|kind=cell|quantity=RP,
base,stance_disagreement,movement,cell,RS,1.7186631944444446,1.6330251736111112,1.807250434027778,0.0002,9999,237,474,0,60,237,contrasts_by_opening|run=base|opening_id=stance_disagreement|outcome=movement|kind=cell|quantity=RS,
base,directive_reconsideration,movement,contrast,NS_minus_NP,0.196484375,0.1700954861111111,0.22348307291666666,0.0002,9999,237,711,0,60,237,contrasts_by_opening|run=base|opening_id=directive_reconsideration|outcome=movement|kind=contrast|quantity=NS_minus_NP,NS − NP
base,directive_reconsideration,movement,contrast,RP_minus_NP,0.3401909722222222,0.3015625,0.37865017361111114,0.0002,9999,237,474,0,60,237,contrasts_by_opening|run=base|opening_id=directive_reconsideration|outcome=movement|kind=contrast|quantity=RP_minus_NP,RP − NP
base,directive_reconsideration,movement,contrast,RS_minus_NS,0.15325520833333334,0.115625,0.19036458333333334,0.0002,9999,237,948,0,60,237,contrasts_by_opening|run=base|opening_id=directive_reconsideration|outcome=movement|kind=contrast|quantity=RS_minus_NS,RS − NS
base,directive_reconsideration,movement,contrast,RS_minus_RP,0.00954861111111111,-0.006425781249999992,0.025390625,0.2402,9999,237,711,0,60,237,contrasts_by_opening|run=base|opening_id=directive_reconsideration|outcome=movement|kind=contrast|quantity=RS_minus_RP,RS − RP
base,directive_reconsideration,movement,contrast,interaction,-0.1869357638888889,-0.21388888888888888,-0.16098090277777777,0.0002,9999,237,1422,0,60,237,contrasts_by_opening|run=base|opening_id=directive_reconsideration|outcome=movement|kind=contrast|quantity=interaction,(RS − RP) − (NS − NP)
base,stance_alternative,movement,contrast,NS_minus_NP,0.01831597222222222,-0.009246961805555546,0.04635850694444438,0.1934,9999,237,711,0,60,237,contrasts_by_opening|run=base|opening_id=stance_alternative|outcome=movement|kind=contrast|quantity=NS_minus_NP,NS − NP
base,stance_alternative,movement,contrast,RP_minus_NP,0.24565972222222224,0.20894097222222224,0.28420138888888885,0.0002,9999,237,474,0,60,237,contrasts_by_opening|run=base|opening_id=stance_alternative|outcome=movement|kind=contrast|quantity=RP_minus_NP,RP − NP
base,stance_alternative,movement,contrast,RS_minus_NS,0.1965277777777778,0.1640603298611111,0.22968967013888886,0.0002,9999,237,948,0,60,237,contrasts_by_opening|run=base|opening_id=stance_alternative|outcome=movement|kind=contrast|quantity=RS_minus_NS,RS − NS
base,stance_alternative,movement,contrast,RS_minus_RP,-0.030815972222222224,-0.04787543402777777,-0.013799913194444477,0.0006,9999,237,711,0,60,237,contrasts_by_opening|run=base|opening_id=stance_alternative|outcome=movement|kind=contrast|quantity=RS_minus_RP,RS − RP
base,stance_alternative,movement,contrast,interaction,-0.04913194444444444,-0.07817057291666667,-0.0203125,0.0008,9999,237,1422,0,60,237,contrasts_by_opening|run=base|opening_id=stance_alternative|outcome=movement|kind=contrast|quantity=interaction,(RS − RP) − (NS − NP)
base,stance_disagreement,movement,contrast,NS_minus_NP,0.15546875,0.1287738715277778,0.18289930555555553,0.0002,9999,237,711,0,60,237,contrasts_by_opening|run=base|opening_id=stance_disagreement|outcome=movement|kind=contrast|quantity=NS_minus_NP,NS − NP
base,stance_disagreement,movement,contrast,RP_minus_NP,0.23272569444444446,0.19027343749999998,0.275,0.0002,9999,237,474,0,60,237,contrasts_by_opening|run=base|opening_id=stance_disagreement|outcome=movement|kind=contrast|quantity=RP_minus_NP,RP − NP
base,stance_disagreement,movement,contrast,RS_minus_NS,0.06076388888888889,0.02248046875000001,0.09900390624999997,0.0018,9999,237,948,0,60,237,contrasts_by_opening|run=base|opening_id=stance_disagreement|outcome=movement|kind=contrast|quantity=RS_minus_NS,RS − NS
base,stance_disagreement,movement,contrast,RS_minus_RP,-0.016493055555555556,-0.03263888888888889,-0.0003472222222222247,0.0462,9999,237,711,0,60,237,contrasts_by_opening|run=base|opening_id=stance_disagreement|outcome=movement|kind=contrast|quantity=RS_minus_RP,RS − RP
base,stance_disagreement,movement,contrast,interaction,-0.17196180555555554,-0.19709201388888886,-0.14791666666666667,0.0002,9999,237,1422,0,60,237,contrasts_by_opening|run=base|opening_id=stance_disagreement|outcome=movement|kind=contrast|quantity=interaction,(RS − RP) − (NS − NP)
instruct,directive_reconsideration,flip,cell,NP,1.0,1.0,1.0,0.0002,9999,230,230,230,60,230,contrasts_by_opening|run=instruct|opening_id=directive_reconsideration|outcome=flip|kind=cell|quantity=NP,
instruct,directive_reconsideration,flip,cell,NS,1.0,1.0,1.0,0.0002,9999,230,460,460,60,230,contrasts_by_opening|run=instruct|opening_id=directive_reconsideration|outcome=flip|kind=cell|quantity=NS,
instruct,directive_reconsideration,flip,cell,RP,1.0,1.0,1.0,0.0002,9999,230,230,230,60,230,contrasts_by_opening|run=instruct|opening_id=directive_reconsideration|outcome=flip|kind=cell|quantity=RP,
instruct,directive_reconsideration,flip,cell,RS,1.0,1.0,1.0,0.0002,9999,230,460,460,60,230,contrasts_by_opening|run=instruct|opening_id=directive_reconsideration|outcome=flip|kind=cell|quantity=RS,
instruct,stance_alternative,flip,cell,NP,1.0,1.0,1.0,0.0002,9999,230,230,230,60,230,contrasts_by_opening|run=instruct|opening_id=stance_alternative|outcome=flip|kind=cell|quantity=NP,
instruct,stance_alternative,flip,cell,NS,1.0,1.0,1.0,0.0002,9999,230,460,460,60,230,contrasts_by_opening|run=instruct|opening_id=stance_alternative|outcome=flip|kind=cell|quantity=NS,
instruct,stance_alternative,flip,cell,RP,1.0,1.0,1.0,0.0002,9999,230,230,230,60,230,contrasts_by_opening|run=instruct|opening_id=stance_alternative|outcome=flip|kind=cell|quantity=RP,
instruct,stance_alternative,flip,cell,RS,1.0,1.0,1.0,0.0002,9999,230,460,460,60,230,contrasts_by_opening|run=instruct|opening_id=stance_alternative|outcome=flip|kind=cell|quantity=RS,
instruct,stance_disagreement,flip,cell,NP,1.0,1.0,1.0,0.0002,9999,230,230,230,60,230,contrasts_by_opening|run=instruct|opening_id=stance_disagreement|outcome=flip|kind=cell|quantity=NP,
instruct,stance_disagreement,flip,cell,NS,1.0,1.0,1.0,0.0002,9999,230,460,460,60,230,contrasts_by_opening|run=instruct|opening_id=stance_disagreement|outcome=flip|kind=cell|quantity=NS,
instruct,stance_disagreement,flip,cell,RP,1.0,1.0,1.0,0.0002,9999,230,230,230,60,230,contrasts_by_opening|run=instruct|opening_id=stance_disagreement|outcome=flip|kind=cell|quantity=RP,
instruct,stance_disagreement,flip,cell,RS,1.0,1.0,1.0,0.0002,9999,230,460,460,60,230,contrasts_by_opening|run=instruct|opening_id=stance_disagreement|outcome=flip|kind=cell|quantity=RS,
instruct,directive_reconsideration,flip,contrast,NS_minus_NP,0.0,0.0,0.0,1.0,9999,230,690,690,60,230,contrasts_by_opening|run=instruct|opening_id=directive_reconsideration|outcome=flip|kind=contrast|quantity=NS_minus_NP,NS − NP
instruct,directive_reconsideration,flip,contrast,RP_minus_NP,0.0,0.0,0.0,1.0,9999,230,460,460,60,230,contrasts_by_opening|run=instruct|opening_id=directive_reconsideration|outcome=flip|kind=contrast|quantity=RP_minus_NP,RP − NP
instruct,directive_reconsideration,flip,contrast,RS_minus_NS,0.0,0.0,0.0,1.0,9999,230,920,920,60,230,contrasts_by_opening|run=instruct|opening_id=directive_reconsideration|outcome=flip|kind=contrast|quantity=RS_minus_NS,RS − NS
instruct,directive_reconsideration,flip,contrast,RS_minus_RP,0.0,0.0,0.0,1.0,9999,230,690,690,60,230,contrasts_by_opening|run=instruct|opening_id=directive_reconsideration|outcome=flip|kind=contrast|quantity=RS_minus_RP,RS − RP
instruct,directive_reconsideration,flip,contrast,interaction,0.0,0.0,0.0,1.0,9999,230,1380,1380,60,230,contrasts_by_opening|run=instruct|opening_id=directive_reconsideration|outcome=flip|kind=contrast|quantity=interaction,(RS − RP) − (NS − NP)
instruct,stance_alternative,flip,contrast,NS_minus_NP,0.0,0.0,0.0,1.0,9999,230,690,690,60,230,contrasts_by_opening|run=instruct|opening_id=stance_alternative|outcome=flip|kind=contrast|quantity=NS_minus_NP,NS − NP
instruct,stance_alternative,flip,contrast,RP_minus_NP,0.0,0.0,0.0,1.0,9999,230,460,460,60,230,contrasts_by_opening|run=instruct|opening_id=stance_alternative|outcome=flip|kind=contrast|quantity=RP_minus_NP,RP − NP
instruct,stance_alternative,flip,contrast,RS_minus_NS,0.0,0.0,0.0,1.0,9999,230,920,920,60,230,contrasts_by_opening|run=instruct|opening_id=stance_alternative|outcome=flip|kind=contrast|quantity=RS_minus_NS,RS − NS
instruct,stance_alternative,flip,contrast,RS_minus_RP,0.0,0.0,0.0,1.0,9999,230,690,690,60,230,contrasts_by_opening|run=instruct|opening_id=stance_alternative|outcome=flip|kind=contrast|quantity=RS_minus_RP,RS − RP
instruct,stance_alternative,flip,contrast,interaction,0.0,0.0,0.0,1.0,9999,230,1380,1380,60,230,contrasts_by_opening|run=instruct|opening_id=stance_alternative|outcome=flip|kind=contrast|quantity=interaction,(RS − RP) − (NS − NP)
instruct,stance_disagreement,flip,contrast,NS_minus_NP,0.0,0.0,0.0,1.0,9999,230,690,690,60,230,contrasts_by_opening|run=instruct|opening_id=stance_disagreement|outcome=flip|kind=contrast|quantity=NS_minus_NP,NS − NP
instruct,stance_disagreement,flip,contrast,RP_minus_NP,0.0,0.0,0.0,1.0,9999,230,460,460,60,230,contrasts_by_opening|run=instruct|opening_id=stance_disagreement|outcome=flip|kind=contrast|quantity=RP_minus_NP,RP − NP
instruct,stance_disagreement,flip,contrast,RS_minus_NS,0.0,0.0,0.0,1.0,9999,230,920,920,60,230,contrasts_by_opening|run=instruct|opening_id=stance_disagreement|outcome=flip|kind=contrast|quantity=RS_minus_NS,RS − NS
instruct,stance_disagreement,flip,contrast,RS_minus_RP,0.0,0.0,0.0,1.0,9999,230,690,690,60,230,contrasts_by_opening|run=instruct|opening_id=stance_disagreement|outcome=flip|kind=contrast|quantity=RS_minus_RP,RS − RP
instruct,stance_disagreement,flip,contrast,interaction,0.0,0.0,0.0,1.0,9999,230,1380,1380,60,230,contrasts_by_opening|run=instruct|opening_id=stance_disagreement|outcome=flip|kind=contrast|quantity=interaction,(RS − RP) − (NS − NP)
instruct,directive_reconsideration,movement,cell,NP,7.346788194444445,7.083936631944444,7.625177951388889,0.0002,9999,230,230,0,60,230,contrasts_by_opening|run=instruct|opening_id=directive_reconsideration|outcome=movement|kind=cell|quantity=NP,
instruct,directive_reconsideration,movement,cell,NS,6.555989583333333,6.308589409722222,6.819796006944446,0.0002,9999,230,460,0,60,230,contrasts_by_opening|run=instruct|opening_id=directive_reconsideration|outcome=movement|kind=cell|quantity=NS,
instruct,directive_reconsideration,movement,cell,RP,7.153298611111111,6.900160590277777,7.421631944444444,0.0002,9999,230,230,0,60,230,contrasts_by_opening|run=instruct|opening_id=directive_reconsideration|outcome=movement|kind=cell|quantity=RP,
instruct,directive_reconsideration,movement,cell,RS,7.244357638888888,7.002235243055556,7.5027864583333335,0.0002,9999,230,460,0,60,230,contrasts_by_opening|run=instruct|opening_id=directive_reconsideration|outcome=movement|kind=cell|quantity=RS,
instruct,stance_alternative,movement,cell,NP,8.302777777777779,8.051375868055556,8.569292534722221,0.0002,9999,230,230,0,60,230,contrasts_by_opening|run=instruct|opening_id=stance_alternative|outcome=movement|kind=cell|quantity=NP,
instruct,stance_alternative,movement,cell,NS,7.471961805555556,7.219876302083333,7.743767361111111,0.0002,9999,230,460,0,60,230,contrasts_by_opening|run=instruct|opening_id=stance_alternative|outcome=movement|kind=cell|quantity=NS,
instruct,stance_alternative,movement,cell,RP,7.9736111111111105,7.713016493055555,8.252521701388888,0.0002,9999,230,230,0,60,230,contrasts_by_opening|run=instruct|opening_id=stance_alternative|outcome=movement|kind=cell|quantity=RP,
instruct,stance_alternative,movement,cell,RS,7.96796875,7.712777777777777,8.237682291666667,0.0002,9999,230,460,0,60,230,contrasts_by_opening|run=instruct|opening_id=stance_alternative|outcome=movement|kind=cell|quantity=RS,
instruct,stance_disagreement,movement,cell,NP,7.957899305555556,7.712230902777778,8.220147569444446,0.0002,9999,230,230,0,60,230,contrasts_by_opening|run=instruct|opening_id=stance_disagreement|outcome=movement|kind=cell|quantity=NP,
instruct,stance_disagreement,movement,cell,NS,7.316579861111111,7.067912326388889,7.585201822916667,0.0002,9999,230,460,0,60,230,contrasts_by_opening|run=instruct|opening_id=stance_disagreement|outcome=movement|kind=cell|quantity=NS,
instruct,stance_disagreement,movement,cell,RP,7.938541666666667,7.675855034722223,8.217886284722223,0.0002,9999,230,230,0,60,230,contrasts_by_opening|run=instruct|opening_id=stance_disagreement|outcome=movement|kind=cell|quantity=RP,
instruct,stance_disagreement,movement,cell,RS,7.793836805555556,7.5484765625,8.0578125,0.0002,9999,230,460,0,60,230,contrasts_by_opening|run=instruct|opening_id=stance_disagreement|outcome=movement|kind=cell|quantity=RS,
instruct,directive_reconsideration,movement,contrast,NS_minus_NP,-0.790798611111111,-0.8721831597222222,-0.7117621527777778,0.0002,9999,230,690,0,60,230,contrasts_by_opening|run=instruct|opening_id=directive_reconsideration|outcome=movement|kind=contrast|quantity=NS_minus_NP,NS − NP
instruct,directive_reconsideration,movement,contrast,RP_minus_NP,-0.19348958333333333,-0.271875,-0.11310329861111117,0.0002,9999,230,460,0,60,230,contrasts_by_opening|run=instruct|opening_id=directive_reconsideration|outcome=movement|kind=contrast|quantity=RP_minus_NP,RP − NP
instruct,directive_reconsideration,movement,contrast,RS_minus_NS,0.6883680555555555,0.59296875,0.7840885416666664,0.0002,9999,230,920,0,60,230,contrasts_by_opening|run=instruct|opening_id=directive_reconsideration|outcome=movement|kind=contrast|quantity=RS_minus_NS,RS − NS
instruct,directive_reconsideration,movement,contrast,RS_minus_RP,0.09105902777777779,0.055815972222222225,0.12708767361111103,0.0002,9999,230,690,0,60,230,contrasts_by_opening|run=instruct|opening_id=directive_reconsideration|outcome=movement|kind=contrast|quantity=RS_minus_RP,RS − RP
instruct,directive_reconsideration,movement,contrast,interaction,0.8818576388888888,0.8018663194444445,0.9644552951388888,0.0002,9999,230,1380,0,60,230,contrasts_by_opening|run=instruct|opening_id=directive_reconsideration|outcome=movement|kind=contrast|quantity=interaction,(RS − RP) − (NS − NP)
instruct,stance_alternative,movement,contrast,NS_minus_NP,-0.8308159722222221,-0.9058637152777779,-0.7564236111111112,0.0002,9999,230,690,0,60,230,contrasts_by_opening|run=instruct|opening_id=stance_alternative|outcome=movement|kind=contrast|quantity=NS_minus_NP,NS − NP
instruct,stance_alternative,movement,contrast,RP_minus_NP,-0.32916666666666666,-0.40668402777777773,-0.2546875,0.0002,9999,230,460,0,60,230,contrasts_by_opening|run=instruct|opening_id=stance_alternative|outcome=movement|kind=contrast|quantity=RP_minus_NP,RP − NP
instruct,stance_alternative,movement,contrast,RS_minus_NS,0.4960069444444445,0.39878038194444454,0.5959700520833332,0.0002,9999,230,920,0,60,230,contrasts_by_opening|run=instruct|opening_id=stance_alternative|outcome=movement|kind=contrast|quantity=RS_minus_NS,RS − NS
instruct,stance_alternative,movement,contrast,RS_minus_RP,-0.00564236111111111,-0.04561631944444444,0.036458333333333336,0.7712,9999,230,690,0,60,230,contrasts_by_opening|run=instruct|opening_id=stance_alternative|outcome=movement|kind=contrast|quantity=RS_minus_RP,RS − RP
instruct,stance_alternative,movement,contrast,interaction,0.8251736111111111,0.7441840277777777,0.9071614583333333,0.0002,9999,230,1380,0,60,230,contrasts_by_opening|run=instruct|opening_id=stance_alternative|outcome=movement|kind=contrast|quantity=interaction,(RS − RP) − (NS − NP)
instruct,stance_disagreement,movement,contrast,NS_minus_NP,-0.6413194444444446,-0.7275607638888888,-0.5573741319444445,0.0002,9999,230,690,0,60,230,contrasts_by_opening|run=instruct|opening_id=stance_disagreement|outcome=movement|kind=contrast|quantity=NS_minus_NP,NS − NP
instruct,stance_disagreement,movement,contrast,RP_minus_NP,-0.019357638888888883,-0.10208767361111111,0.06467013888888888,0.645,9999,230,460,0,60,230,contrasts_by_opening|run=instruct|opening_id=stance_disagreement|outcome=movement|kind=contrast|quantity=RP_minus_NP,RP − NP
instruct,stance_disagreement,movement,contrast,RS_minus_NS,0.4772569444444444,0.36922092013888885,0.58494140625,0.0002,9999,230,920,0,60,230,contrasts_by_opening|run=instruct|opening_id=stance_disagreement|outcome=movement|kind=contrast|quantity=RS_minus_NS,RS − NS
instruct,stance_disagreement,movement,contrast,RS_minus_RP,-0.14470486111111114,-0.1854644097222222,-0.10207899305555561,0.0002,9999,230,690,0,60,230,contrasts_by_opening|run=instruct|opening_id=stance_disagreement|outcome=movement|kind=contrast|quantity=RS_minus_RP,RS − RP
instruct,stance_disagreement,movement,contrast,interaction,0.49661458333333336,0.4048567708333333,0.5917578125,0.0002,9999,230,1380,0,60,230,contrasts_by_opening|run=instruct|opening_id=stance_disagreement|outcome=movement|kind=contrast|quantity=interaction,(RS − RP) − (NS − NP)
