run,outcome,marker_family,quantity,estimate,ci_low,ci_high,p_boot,replicates_defined,n_blocks,n_movement_rows,n_flip_rows,n_decisions,n_initials,statistic_id,quantity_label,weighting
base,flip,conclusion_result,NS_minus_NP,0.008125,0.0008547008547008547,0.018506966159405173,0.0304,9999,677,1354,1354,60,236,contrasts_by_marker_family|run=base|outcome=flip|marker_family=conclusion_result|quantity=NS_minus_NP,NS − NP,unweighted mean of six marker estimates
base,flip,conclusion_result,RS_minus_NS,-0.017188342188342188,-0.035423789985193486,-0.00411142220352747,0.004,9999,681,1362,1362,60,235,contrasts_by_marker_family|run=base|outcome=flip|marker_family=conclusion_result|quantity=RS_minus_NS,RS − NS,unweighted mean of six marker estimates
base,flip,conclusion_result,RS_minus_RP,-0.005107030107030106,-0.013558650225316887,0.001711093415499779,0.193,9999,683,1366,1366,60,234,contrasts_by_marker_family|run=base|outcome=flip|marker_family=conclusion_result|quantity=RS_minus_RP,RS − RP,unweighted mean of six marker estimates
base,flip,conclusion_result,interaction,-0.007973839223839223,-0.01969624208259166,0.002046134367422601,0.139,9999,661,2644,2644,60,233,contrasts_by_marker_family|run=base|outcome=flip|marker_family=conclusion_result|quantity=interaction,(RS − RP) − (NS − NP),unweighted mean of six marker estimates
base,flip,conclusion_result_minus_inference_basis,NS_minus_NP,0.0008119683448630823,-0.005988870215683435,0.008762416605248088,0.873,9999,1356,2712,2712,60,237,contrasts_by_marker_family|run=base|outcome=flip|marker_family=conclusion_result_minus_inference_basis|quantity=NS_minus_NP,NS − NP,difference of family means
base,flip,conclusion_result_minus_inference_basis,RS_minus_NS,-0.019983926233926235,-0.03567451873752131,-0.007661363410021882,0.0004,9999,1369,2738,2738,60,236,contrasts_by_marker_family|run=base|outcome=flip|marker_family=conclusion_result_minus_inference_basis|quantity=RS_minus_NS,RS − NS,difference of family means
base,flip,conclusion_result_minus_inference_basis,RS_minus_RP,-0.012980211993369888,-0.02386082979603897,-0.004231165458299615,0.002,9999,1373,2746,2746,60,236,contrasts_by_marker_family|run=base|outcome=flip|marker_family=conclusion_result_minus_inference_basis|quantity=RS_minus_RP,RS − RP,difference of family means
base,flip,conclusion_result_minus_inference_basis,interaction,-0.013671844921844922,-0.02710984985865286,-0.00221312688703994,0.0148,9999,1327,5308,5308,60,234,contrasts_by_marker_family|run=base|outcome=flip|marker_family=conclusion_result_minus_inference_basis|quantity=interaction,(RS − RP) − (NS − NP),difference of family means
base,flip,inference_basis,NS_minus_NP,0.007313031655136918,-0.0036576527606427913,0.0196107524541478,0.1968,9999,679,1358,1358,60,234,contrasts_by_marker_family|run=base|outcome=flip|marker_family=inference_basis|quantity=NS_minus_NP,NS − NP,unweighted mean of six marker estimates
base,flip,inference_basis,RS_minus_NS,0.002795584045584046,-0.005852052102052102,0.012415550517684656,0.5756,9999,688,1376,1376,60,236,contrasts_by_marker_family|run=base|outcome=flip|marker_family=inference_basis|quantity=RS_minus_NS,RS − NS,unweighted mean of six marker estimates
base,flip,inference_basis,RS_minus_RP,0.007873181886339781,0.0007274623524623527,0.017159694575389295,0.0258,9999,690,1380,1380,60,236,contrasts_by_marker_family|run=base|outcome=flip|marker_family=inference_basis|quantity=RS_minus_RP,RS − RP,unweighted mean of six marker estimates
base,flip,inference_basis,interaction,0.005698005698005698,-0.009870221583210803,0.022270841811176105,0.469,9999,666,2664,2664,60,232,contrasts_by_marker_family|run=base|outcome=flip|marker_family=inference_basis|quantity=interaction,(RS − RP) − (NS − NP),unweighted mean of six marker estimates
base,movement,conclusion_result,NS_minus_NP,0.11268873039706373,0.09225765841087614,0.13331003943741623,0.0002,9999,711,1422,0,60,237,contrasts_by_marker_family|run=base|outcome=movement|marker_family=conclusion_result|quantity=NS_minus_NP,NS − NP,unweighted mean of six marker estimates
base,movement,conclusion_result,RS_minus_NS,0.09517224556287056,0.06155918402468002,0.1285985538659499,0.0002,9999,711,1422,0,60,237,contrasts_by_marker_family|run=base|outcome=movement|marker_family=conclusion_result|quantity=RS_minus_NS,RS − NS,unweighted mean of six marker estimates
base,movement,conclusion_result,RS_minus_RP,-0.06521898501065167,-0.07826222238038764,-0.05144998210720223,0.0002,9999,711,1422,0,60,237,contrasts_by_marker_family|run=base|outcome=movement|marker_family=conclusion_result|quantity=RS_minus_RP,RS − RP,unweighted mean of six marker estimates
base,movement,conclusion_result,interaction,-0.1779077154077154,-0.20057246359466754,-0.155082337799379,0.0002,9999,711,2844,0,60,237,contrasts_by_marker_family|run=base|outcome=movement|marker_family=conclusion_result|quantity=interaction,(RS − RP) − (NS − NP),unweighted mean of six marker estimates
base,movement,conclusion_result_minus_inference_basis,NS_minus_NP,-0.015093185501628498,-0.030088808636402363,0.00028883343185901665,0.0538,9999,1422,2844,0,60,237,contrasts_by_marker_family|run=base|outcome=movement|marker_family=conclusion_result_minus_inference_basis|quantity=NS_minus_NP,NS − NP,difference of family means
base,movement,conclusion_result_minus_inference_basis,RS_minus_NS,-0.08695424770671482,-0.10611337944829798,-0.06790836701122775,0.0002,9999,1422,2844,0,60,237,contrasts_by_marker_family|run=base|outcome=movement|marker_family=conclusion_result_minus_inference_basis|quantity=RS_minus_NS,RS − NS,difference of family means
base,movement,conclusion_result_minus_inference_basis,RS_minus_RP,-0.10098746160972037,-0.116156269307704,-0.08650777483416998,0.0002,9999,1422,2844,0,60,237,contrasts_by_marker_family|run=base|outcome=movement|marker_family=conclusion_result_minus_inference_basis|quantity=RS_minus_RP,RS − RP,difference of family means
base,movement,conclusion_result_minus_inference_basis,interaction,-0.0858942761080919,-0.10436971154830972,-0.06785332362090815,0.0002,9999,1422,5688,0,60,237,contrasts_by_marker_family|run=base|outcome=movement|marker_family=conclusion_result_minus_inference_basis|quantity=interaction,(RS − RP) − (NS − NP),difference of family means
base,movement,inference_basis,NS_minus_NP,0.12778191589869223,0.10736044119708579,0.1487217640055398,0.0002,9999,711,1422,0,60,237,contrasts_by_marker_family|run=base|outcome=movement|marker_family=inference_basis|quantity=NS_minus_NP,NS − NP,unweighted mean of six marker estimates
base,movement,inference_basis,RS_minus_NS,0.18212649326958538,0.14993958964114484,0.2156302560053158,0.0002,9999,711,1422,0,60,237,contrasts_by_marker_family|run=base|outcome=movement|marker_family=inference_basis|quantity=RS_minus_NS,RS − NS,unweighted mean of six marker estimates
base,movement,inference_basis,RS_minus_RP,0.035768476599068705,0.019247081845695516,0.05294955727729832,0.0002,9999,711,1422,0,60,237,contrasts_by_marker_family|run=base|outcome=movement|marker_family=inference_basis|quantity=RS_minus_RP,RS − RP,unweighted mean of six marker estimates
base,movement,inference_basis,interaction,-0.09201343929962351,-0.11492817710199621,-0.0692077564626708,0.0002,9999,711,2844,0,60,237,contrasts_by_marker_family|run=base|outcome=movement|marker_family=inference_basis|quantity=interaction,(RS − RP) − (NS − NP),unweighted mean of six marker estimates
instruct,flip,conclusion_result,NS_minus_NP,0.0,0.0,0.0,1.0,9999,690,1380,1380,60,230,contrasts_by_marker_family|run=instruct|outcome=flip|marker_family=conclusion_result|quantity=NS_minus_NP,NS − NP,unweighted mean of six marker estimates
instruct,flip,conclusion_result,RS_minus_NS,0.0,0.0,0.0,1.0,9999,690,1380,1380,60,230,contrasts_by_marker_family|run=instruct|outcome=flip|marker_family=conclusion_result|quantity=RS_minus_NS,RS − NS,unweighted mean of six marker estimates
instruct,flip,conclusion_result,RS_minus_RP,0.0,0.0,0.0,1.0,9999,690,1380,1380,60,230,contrasts_by_marker_family|run=instruct|outcome=flip|marker_family=conclusion_result|quantity=RS_minus_RP,RS − RP,unweighted mean of six marker estimates
instruct,flip,conclusion_result,interaction,0.0,0.0,0.0,1.0,9999,690,2760,2760,60,230,contrasts_by_marker_family|run=instruct|outcome=flip|marker_family=conclusion_result|quantity=interaction,(RS − RP) − (NS − NP),unweighted mean of six marker estimates
instruct,flip,conclusion_result_minus_inference_basis,NS_minus_NP,0.0,0.0,0.0,1.0,9999,1380,2760,2760,60,230,contrasts_by_marker_family|run=instruct|outcome=flip|marker_family=conclusion_result_minus_inference_basis|quantity=NS_minus_NP,NS − NP,difference of family means
instruct,flip,conclusion_result_minus_inference_basis,RS_minus_NS,0.0,0.0,0.0,1.0,9999,1380,2760,2760,60,230,contrasts_by_marker_family|run=instruct|outcome=flip|marker_family=conclusion_result_minus_inference_basis|quantity=RS_minus_NS,RS − NS,difference of family means
instruct,flip,conclusion_result_minus_inference_basis,RS_minus_RP,0.0,0.0,0.0,1.0,9999,1380,2760,2760,60,230,contrasts_by_marker_family|run=instruct|outcome=flip|marker_family=conclusion_result_minus_inference_basis|quantity=RS_minus_RP,RS − RP,difference of family means
instruct,flip,conclusion_result_minus_inference_basis,interaction,0.0,0.0,0.0,1.0,9999,1380,5520,5520,60,230,contrasts_by_marker_family|run=instruct|outcome=flip|marker_family=conclusion_result_minus_inference_basis|quantity=interaction,(RS − RP) − (NS − NP),difference of family means
instruct,flip,inference_basis,NS_minus_NP,0.0,0.0,0.0,1.0,9999,690,1380,1380,60,230,contrasts_by_marker_family|run=instruct|outcome=flip|marker_family=inference_basis|quantity=NS_minus_NP,NS − NP,unweighted mean of six marker estimates
instruct,flip,inference_basis,RS_minus_NS,0.0,0.0,0.0,1.0,9999,690,1380,1380,60,230,contrasts_by_marker_family|run=instruct|outcome=flip|marker_family=inference_basis|quantity=RS_minus_NS,RS − NS,unweighted mean of six marker estimates
instruct,flip,inference_basis,RS_minus_RP,0.0,0.0,0.0,1.0,9999,690,1380,1380,60,230,contrasts_by_marker_family|run=instruct|outcome=flip|marker_family=inference_basis|quantity=RS_minus_RP,RS − RP,unweighted mean of six marker estimates
instruct,flip,inference_basis,interaction,0.0,0.0,0.0,1.0,9999,690,2760,2760,60,230,contrasts_by_marker_family|run=instruct|outcome=flip|marker_family=inference_basis|quantity=interaction,(RS − RP) − (NS − NP),unweighted mean of six marker estimates
instruct,movement,conclusion_result,NS_minus_NP,-0.7546105745267884,-0.8051796445836223,-0.7038851511400698,0.0002,9999,690,1380,0,60,230,contrasts_by_marker_family|run=instruct|outcome=movement|marker_family=conclusion_result|quantity=NS_minus_NP,NS − NP,unweighted mean of six marker estimates
instruct,movement,conclusion_result,RS_minus_NS,0.5610492430861543,0.4801797162564705,0.6434755830431017,0.0002,9999,690,1380,0,60,230,contrasts_by_marker_family|run=instruct|outcome=movement|marker_family=conclusion_result|quantity=RS_minus_NS,RS − NS,unweighted mean of six marker estimates
instruct,movement,conclusion_result,RS_minus_RP,-0.011755097551066762,-0.05169585157755594,0.032411297151388116,0.5654,9999,690,1380,0,60,230,contrasts_by_marker_family|run=instruct|outcome=movement|marker_family=conclusion_result|quantity=RS_minus_RP,RS − RP,unweighted mean of six marker estimates
instruct,movement,conclusion_result,interaction,0.7428554769757216,0.6839811093434576,0.8042444124367102,0.0002,9999,690,2760,0,60,230,contrasts_by_marker_family|run=instruct|outcome=movement|marker_family=conclusion_result|quantity=interaction,(RS − RP) − (NS − NP),unweighted mean of six marker estimates
instruct,movement,conclusion_result_minus_inference_basis,NS_minus_NP,-0.015893358698032323,-0.05999712077111452,0.030609923064479443,0.482,9999,1380,2760,0,60,230,contrasts_by_marker_family|run=instruct|outcome=movement|marker_family=conclusion_result_minus_inference_basis|quantity=NS_minus_NP,NS − NP,difference of family means
instruct,movement,conclusion_result_minus_inference_basis,RS_minus_NS,0.023402510345822636,-0.03039141000495501,0.07776438194564637,0.3792,9999,1380,2760,0,60,230,contrasts_by_marker_family|run=instruct|outcome=movement|marker_family=conclusion_result_minus_inference_basis|quantity=RS_minus_NS,RS − NS,difference of family means
instruct,movement,conclusion_result_minus_inference_basis,RS_minus_RP,0.004421291615287129,-0.02728443469183673,0.0366614975857952,0.788,9999,1380,2760,0,60,230,contrasts_by_marker_family|run=instruct|outcome=movement|marker_family=conclusion_result_minus_inference_basis|quantity=RS_minus_RP,RS − RP,difference of family means
instruct,movement,conclusion_result_minus_inference_basis,interaction,0.02031465031331947,-0.033311656952922895,0.07076061536030032,0.4374,9999,1380,5520,0,60,230,contrasts_by_marker_family|run=instruct|outcome=movement|marker_family=conclusion_result_minus_inference_basis|quantity=interaction,(RS − RP) − (NS − NP),difference of family means
instruct,movement,inference_basis,NS_minus_NP,-0.738717215828756,-0.7843863059147385,-0.695031631365039,0.0002,9999,690,1380,0,60,230,contrasts_by_marker_family|run=instruct|outcome=movement|marker_family=inference_basis|quantity=NS_minus_NP,NS − NP,unweighted mean of six marker estimates
instruct,movement,inference_basis,RS_minus_NS,0.5376467327403317,0.4510664112642329,0.6255797766744912,0.0002,9999,690,1380,0,60,230,contrasts_by_marker_family|run=instruct|outcome=movement|marker_family=inference_basis|quantity=RS_minus_NS,RS − NS,unweighted mean of six marker estimates
instruct,movement,inference_basis,RS_minus_RP,-0.016176389166353892,-0.06028683615725055,0.030328960069497014,0.4802,9999,690,1380,0,60,230,contrasts_by_marker_family|run=instruct|outcome=movement|marker_family=inference_basis|quantity=RS_minus_RP,RS − RP,unweighted mean of six marker estimates
instruct,movement,inference_basis,interaction,0.7225408266624022,0.6538900653370672,0.7896557017500576,0.0002,9999,690,2760,0,60,230,contrasts_by_marker_family|run=instruct|outcome=movement|marker_family=inference_basis|quantity=interaction,(RS − RP) − (NS − NP),unweighted mean of six marker estimates
