run,order_id,outcome,kind,quantity,estimate,ci_low,ci_high,p_boot,replicates_defined,n_blocks,n_movement_rows,n_flip_rows,n_decisions,n_initials,statistic_id,quantity_label
base,o1,flip,cell,NP,0.9933333333333334,0.98,1.0,0.0002,9999,355,355,355,60,120,contrasts_by_option_order|run=base|order_id=o1|outcome=flip|kind=cell|quantity=NP,
base,o1,flip,cell,NS,0.9916666666666667,0.9777777777777777,1.0,0.0002,9999,360,720,715,60,120,contrasts_by_option_order|run=base|order_id=o1|outcome=flip|kind=cell|quantity=NS,
base,o1,flip,cell,RP,0.9966666666666666,0.99,1.0,0.0002,9999,359,359,359,60,120,contrasts_by_option_order|run=base|order_id=o1|outcome=flip|kind=cell|quantity=RP,
base,o1,flip,cell,RS,0.9958333333333333,0.9888888888888889,1.0,0.0002,9999,360,720,719,60,120,contrasts_by_option_order|run=base|order_id=o1|outcome=flip|kind=cell|quantity=RS,
base,o2,flip,cell,NP,0.9252777777777778,0.8716527777777776,0.9708333333333333,0.0002,9999,333,333,333,60,117,contrasts_by_option_order|run=base|order_id=o2|outcome=flip|kind=cell|quantity=NP,
base,o2,flip,cell,NS,0.9719444444444445,0.9475,0.9911388888888887,0.0002,9999,348,696,677,60,117,contrasts_by_option_order|run=base|order_id=o2|outcome=flip|kind=cell|quantity=NS,
base,o2,flip,cell,RP,0.9408333333333334,0.8955555555555555,0.9777777777777779,0.0002,9999,339,339,339,60,116,contrasts_by_option_order|run=base|order_id=o2|outcome=flip|kind=cell|quantity=RP,
base,o2,flip,cell,RS,0.9572222222222222,0.9211111111111111,0.986111111111111,0.0002,9999,343,686,668,60,116,contrasts_by_option_order|run=base|order_id=o2|outcome=flip|kind=cell|quantity=RS,
base,o1,flip,contrast,NS_minus_NP,-0.0027777777777777775,-0.008333333333333333,0.0,0.7092,9999,355,1065,1063,60,120,contrasts_by_option_order|run=base|order_id=o1|outcome=flip|kind=contrast|quantity=NS_minus_NP,NS − NP
base,o1,flip,contrast,RP_minus_NP,0.004166666666666667,0.0,0.0125,0.7184,9999,354,708,708,60,120,contrasts_by_option_order|run=base|order_id=o1|outcome=flip|kind=contrast|quantity=RP_minus_NP,RP − NP
base,o1,flip,contrast,RS_minus_NS,0.004166666666666667,-0.0027777777777777775,0.013888888888888888,0.4156,9999,360,1440,1434,60,120,contrasts_by_option_order|run=base|order_id=o1|outcome=flip|kind=contrast|quantity=RS_minus_NS,RS − NS
base,o1,flip,contrast,RS_minus_RP,-0.0013888888888888887,-0.004166666666666667,0.0,0.729,9999,359,1077,1076,60,120,contrasts_by_option_order|run=base|order_id=o1|outcome=flip|kind=contrast|quantity=RS_minus_RP,RS − RP
base,o1,flip,contrast,interaction,0.0013888888888888887,-0.004166666666666667,0.008333333333333333,0.9136,9999,354,2124,2121,60,120,contrasts_by_option_order|run=base|order_id=o1|outcome=flip|kind=contrast|quantity=interaction,(RS − RP) − (NS − NP)
base,o2,flip,contrast,NS_minus_NP,0.032499999999999994,0.008888888888888889,0.061124999999999804,0.0026,9999,330,990,978,60,117,contrasts_by_option_order|run=base|order_id=o2|outcome=flip|kind=contrast|quantity=NS_minus_NP,NS − NP
base,o2,flip,contrast,RP_minus_NP,0.00861111111111111,-0.02583333333333333,0.041666666666666664,0.6156,9999,324,648,648,60,116,contrasts_by_option_order|run=base|order_id=o2|outcome=flip|kind=contrast|quantity=RP_minus_NP,RP − NP
base,o2,flip,contrast,RS_minus_NS,-0.025555555555555554,-0.05555555555555556,-0.0033333333333333335,0.0186,9999,342,1368,1333,60,116,contrasts_by_option_order|run=base|order_id=o2|outcome=flip|kind=contrast|quantity=RS_minus_NS,RS − NS
base,o2,flip,contrast,RS_minus_RP,0.002777777777777778,-0.01944444444444444,0.02777777777777778,0.8372,9999,335,1005,991,60,116,contrasts_by_option_order|run=base|order_id=o2|outcome=flip|kind=contrast|quantity=RS_minus_RP,RS − RP
base,o2,flip,contrast,interaction,-0.02722222222222222,-0.06499999999999999,0.004180555555555353,0.1026,9999,319,1914,1894,60,115,contrasts_by_option_order|run=base|order_id=o2|outcome=flip|kind=contrast|quantity=interaction,(RS − RP) − (NS − NP)
base,o1,movement,cell,NP,1.5125,1.4234375000000001,1.6026128472222223,0.0002,9999,360,360,0,60,120,contrasts_by_option_order|run=base|order_id=o1|outcome=movement|kind=cell|quantity=NP,
base,o1,movement,cell,NS,1.6410590277777777,1.5529513888888888,1.730208333333333,0.0002,9999,360,720,0,60,120,contrasts_by_option_order|run=base|order_id=o1|outcome=movement|kind=cell|quantity=NS,
base,o1,movement,cell,RP,1.8578124999999999,1.756588541666667,1.959210069444445,0.0002,9999,360,360,0,60,120,contrasts_by_option_order|run=base|order_id=o1|outcome=movement|kind=cell|quantity=RP,
base,o1,movement,cell,RS,1.832465277777778,1.733754340277778,1.931948784722222,0.0002,9999,360,720,0,60,120,contrasts_by_option_order|run=base|order_id=o1|outcome=movement|kind=cell|quantity=RS,
base,o2,movement,cell,NP,1.1234375,0.998949652777778,1.25,0.0002,9999,351,351,0,60,117,contrasts_by_option_order|run=base|order_id=o2|outcome=movement|kind=cell|quantity=NP,
base,o2,movement,cell,NS,1.239236111111111,1.1220442708333334,1.3583376736111112,0.0002,9999,351,702,0,60,117,contrasts_by_option_order|run=base|order_id=o2|outcome=movement|kind=cell|quantity=NS,
base,o2,movement,cell,RP,1.318923611111111,1.1772569444444445,1.464409722222222,0.0002,9999,351,351,0,60,117,contrasts_by_option_order|run=base|order_id=o2|outcome=movement|kind=cell|quantity=RP,
base,o2,movement,cell,RS,1.319097222222222,1.1837630208333332,1.4552083333333334,0.0002,9999,351,702,0,60,117,contrasts_by_option_order|run=base|order_id=o2|outcome=movement|kind=cell|quantity=RS,
base,o1,movement,contrast,NS_minus_NP,0.12855902777777778,0.09236111111111112,0.1634548611111111,0.0002,9999,360,1080,0,60,120,contrasts_by_option_order|run=base|order_id=o1|outcome=movement|kind=contrast|quantity=NS_minus_NP,NS − NP
base,o1,movement,contrast,RP_minus_NP,0.3453125,0.29790798611111113,0.3927083333333334,0.0002,9999,360,720,0,60,120,contrasts_by_option_order|run=base|order_id=o1|outcome=movement|kind=contrast|quantity=RP_minus_NP,RP − NP
base,o1,movement,contrast,RS_minus_NS,0.19140625,0.142265625,0.2375868055555555,0.0002,9999,360,1440,0,60,120,contrasts_by_option_order|run=base|order_id=o1|outcome=movement|kind=contrast|quantity=RS_minus_NS,RS − NS
base,o1,movement,contrast,RS_minus_RP,-0.025347222222222226,-0.04461805555555554,-0.0058159722222222215,0.0124,9999,360,1080,0,60,120,contrasts_by_option_order|run=base|order_id=o1|outcome=movement|kind=contrast|quantity=RS_minus_RP,RS − RP
base,o1,movement,contrast,interaction,-0.15390625,-0.1857638888888889,-0.12083333333333338,0.0002,9999,360,2160,0,60,120,contrasts_by_option_order|run=base|order_id=o1|outcome=movement|kind=contrast|quantity=interaction,(RS − RP) − (NS − NP)
base,o2,movement,contrast,NS_minus_NP,0.11579861111111112,0.08662760416666666,0.14505208333333333,0.0002,9999,351,1053,0,60,117,contrasts_by_option_order|run=base|order_id=o2|outcome=movement|kind=contrast|quantity=NS_minus_NP,NS − NP
base,o2,movement,contrast,RP_minus_NP,0.1954861111111111,0.14530381944444445,0.24462673611111102,0.0002,9999,351,702,0,60,117,contrasts_by_option_order|run=base|order_id=o2|outcome=movement|kind=contrast|quantity=RP_minus_NP,RP − NP
base,o2,movement,contrast,RS_minus_NS,0.07986111111111112,0.03298611111111112,0.12752170138888885,0.0006,9999,351,1404,0,60,117,contrasts_by_option_order|run=base|order_id=o2|outcome=movement|kind=contrast|quantity=RS_minus_NS,RS − NS
base,o2,movement,contrast,RS_minus_RP,0.0001736111111111105,-0.02335069444444444,0.023611111111111107,0.9994,9999,351,1053,0,60,117,contrasts_by_option_order|run=base|order_id=o2|outcome=movement|kind=contrast|quantity=RS_minus_RP,RS − RP
base,o2,movement,contrast,interaction,-0.11562500000000002,-0.14487847222222222,-0.08619357638888893,0.0002,9999,351,2106,0,60,117,contrasts_by_option_order|run=base|order_id=o2|outcome=movement|kind=contrast|quantity=interaction,(RS − RP) − (NS − NP)
instruct,o1,flip,cell,NP,1.0,1.0,1.0,0.0002,9999,342,342,342,60,114,contrasts_by_option_order|run=instruct|order_id=o1|outcome=flip|kind=cell|quantity=NP,
instruct,o1,flip,cell,NS,1.0,1.0,1.0,0.0002,9999,342,684,684,60,114,contrasts_by_option_order|run=instruct|order_id=o1|outcome=flip|kind=cell|quantity=NS,
instruct,o1,flip,cell,RP,1.0,1.0,1.0,0.0002,9999,342,342,342,60,114,contrasts_by_option_order|run=instruct|order_id=o1|outcome=flip|kind=cell|quantity=RP,
instruct,o1,flip,cell,RS,1.0,1.0,1.0,0.0002,9999,342,684,684,60,114,contrasts_by_option_order|run=instruct|order_id=o1|outcome=flip|kind=cell|quantity=RS,
instruct,o2,flip,cell,NP,1.0,1.0,1.0,0.0002,9999,348,348,348,60,116,contrasts_by_option_order|run=instruct|order_id=o2|outcome=flip|kind=cell|quantity=NP,
instruct,o2,flip,cell,NS,1.0,1.0,1.0,0.0002,9999,348,696,696,60,116,contrasts_by_option_order|run=instruct|order_id=o2|outcome=flip|kind=cell|quantity=NS,
instruct,o2,flip,cell,RP,1.0,1.0,1.0,0.0002,9999,348,348,348,60,116,contrasts_by_option_order|run=instruct|order_id=o2|outcome=flip|kind=cell|quantity=RP,
instruct,o2,flip,cell,RS,1.0,1.0,1.0,0.0002,9999,348,696,696,60,116,contrasts_by_option_order|run=instruct|order_id=o2|outcome=flip|kind=cell|quantity=RS,
instruct,o1,flip,contrast,NS_minus_NP,0.0,0.0,0.0,1.0,9999,342,1026,1026,60,114,contrasts_by_option_order|run=instruct|order_id=o1|outcome=flip|kind=contrast|quantity=NS_minus_NP,NS − NP
instruct,o1,flip,contrast,RP_minus_NP,0.0,0.0,0.0,1.0,9999,342,684,684,60,114,contrasts_by_option_order|run=instruct|order_id=o1|outcome=flip|kind=contrast|quantity=RP_minus_NP,RP − NP
instruct,o1,flip,contrast,RS_minus_NS,0.0,0.0,0.0,1.0,9999,342,1368,1368,60,114,contrasts_by_option_order|run=instruct|order_id=o1|outcome=flip|kind=contrast|quantity=RS_minus_NS,RS − NS
instruct,o1,flip,contrast,RS_minus_RP,0.0,0.0,0.0,1.0,9999,342,1026,1026,60,114,contrasts_by_option_order|run=instruct|order_id=o1|outcome=flip|kind=contrast|quantity=RS_minus_RP,RS − RP
instruct,o1,flip,contrast,interaction,0.0,0.0,0.0,1.0,9999,342,2052,2052,60,114,contrasts_by_option_order|run=instruct|order_id=o1|outcome=flip|kind=contrast|quantity=interaction,(RS − RP) − (NS − NP)
instruct,o2,flip,contrast,NS_minus_NP,0.0,0.0,0.0,1.0,9999,348,1044,1044,60,116,contrasts_by_option_order|run=instruct|order_id=o2|outcome=flip|kind=contrast|quantity=NS_minus_NP,NS − NP
instruct,o2,flip,contrast,RP_minus_NP,0.0,0.0,0.0,1.0,9999,348,696,696,60,116,contrasts_by_option_order|run=instruct|order_id=o2|outcome=flip|kind=contrast|quantity=RP_minus_NP,RP − NP
instruct,o2,flip,contrast,RS_minus_NS,0.0,0.0,0.0,1.0,9999,348,1392,1392,60,116,contrasts_by_option_order|run=instruct|order_id=o2|outcome=flip|kind=contrast|quantity=RS_minus_NS,RS − NS
instruct,o2,flip,contrast,RS_minus_RP,0.0,0.0,0.0,1.0,9999,348,1044,1044,60,116,contrasts_by_option_order|run=instruct|order_id=o2|outcome=flip|kind=contrast|quantity=RS_minus_RP,RS − RP
instruct,o2,flip,contrast,interaction,0.0,0.0,0.0,1.0,9999,348,2088,2088,60,116,contrasts_by_option_order|run=instruct|order_id=o2|outcome=flip|kind=contrast|quantity=interaction,(RS − RP) − (NS − NP)
instruct,o1,movement,cell,NP,8.105034722222223,7.815789930555554,8.414253472222223,0.0002,9999,342,342,0,60,114,contrasts_by_option_order|run=instruct|order_id=o1|outcome=movement|kind=cell|quantity=NP,
instruct,o1,movement,cell,NS,7.330642361111111,7.035407986111109,7.6408984375,0.0002,9999,342,684,0,60,114,contrasts_by_option_order|run=instruct|order_id=o1|outcome=movement|kind=cell|quantity=NS,
instruct,o1,movement,cell,RP,7.935069444444445,7.637821180555554,8.254001736111109,0.0002,9999,342,342,0,60,114,contrasts_by_option_order|run=instruct|order_id=o1|outcome=movement|kind=cell|quantity=RP,
instruct,o1,movement,cell,RS,7.91076388888889,7.623415798611112,8.216636284722219,0.0002,9999,342,684,0,60,114,contrasts_by_option_order|run=instruct|order_id=o1|outcome=movement|kind=cell|quantity=RS,
instruct,o2,movement,cell,NP,7.644618055555554,7.397213541666667,7.917552083333331,0.0002,9999,348,348,0,60,116,contrasts_by_option_order|run=instruct|order_id=o2|outcome=movement|kind=cell|quantity=NP,
instruct,o2,movement,cell,NS,6.916753472222222,6.675169270833333,7.179804687499999,0.0002,9999,348,696,0,60,116,contrasts_by_option_order|run=instruct|order_id=o2|outcome=movement|kind=cell|quantity=NS,
instruct,o2,movement,cell,RP,7.4578125,7.198949652777777,7.741848958333336,0.0002,9999,348,348,0,60,116,contrasts_by_option_order|run=instruct|order_id=o2|outcome=movement|kind=cell|quantity=RP,
instruct,o2,movement,cell,RS,7.443055555555556,7.1931293402777765,7.7194661458333345,0.0002,9999,348,696,0,60,116,contrasts_by_option_order|run=instruct|order_id=o2|outcome=movement|kind=cell|quantity=RS,
instruct,o1,movement,contrast,NS_minus_NP,-0.774392361111111,-0.8530468749999999,-0.6976562499999999,0.0002,9999,342,1026,0,60,114,contrasts_by_option_order|run=instruct|order_id=o1|outcome=movement|kind=contrast|quantity=NS_minus_NP,NS − NP
instruct,o1,movement,contrast,RP_minus_NP,-0.16996527777777776,-0.24305555555555555,-0.09756944444444444,0.0002,9999,342,684,0,60,114,contrasts_by_option_order|run=instruct|order_id=o1|outcome=movement|kind=contrast|quantity=RP_minus_NP,RP − NP
instruct,o1,movement,contrast,RS_minus_NS,0.5801215277777778,0.4824565972222222,0.6778689236111112,0.0002,9999,342,1368,0,60,114,contrasts_by_option_order|run=instruct|order_id=o1|outcome=movement|kind=contrast|quantity=RS_minus_NS,RS − NS
instruct,o1,movement,contrast,RS_minus_RP,-0.02430555555555556,-0.0611111111111111,0.01371527777777778,0.2074,9999,342,1026,0,60,114,contrasts_by_option_order|run=instruct|order_id=o1|outcome=movement|kind=contrast|quantity=RS_minus_RP,RS − RP
instruct,o1,movement,contrast,interaction,0.7500868055555555,0.6791666666666667,0.8224045138888889,0.0002,9999,342,2052,0,60,114,contrasts_by_option_order|run=instruct|order_id=o1|outcome=movement|kind=contrast|quantity=interaction,(RS − RP) − (NS − NP)
instruct,o2,movement,contrast,NS_minus_NP,-0.7278645833333334,-0.7968793402777777,-0.660329861111111,0.0002,9999,348,1044,0,60,116,contrasts_by_option_order|run=instruct|order_id=o2|outcome=movement|kind=contrast|quantity=NS_minus_NP,NS − NP
instruct,o2,movement,contrast,RP_minus_NP,-0.18680555555555553,-0.2723958333333333,-0.09999131944444456,0.0002,9999,348,696,0,60,116,contrasts_by_option_order|run=instruct|order_id=o2|outcome=movement|kind=contrast|quantity=RP_minus_NP,RP − NP
instruct,o2,movement,contrast,RS_minus_NS,0.5263020833333333,0.42004774305555553,0.6349001736111112,0.0002,9999,348,1392,0,60,116,contrasts_by_option_order|run=instruct|order_id=o2|outcome=movement|kind=contrast|quantity=RS_minus_NS,RS − NS
instruct,o2,movement,contrast,RS_minus_RP,-0.014756944444444444,-0.05737847222222222,0.03211805555555555,0.5048,9999,348,1044,0,60,116,contrasts_by_option_order|run=instruct|order_id=o2|outcome=movement|kind=contrast|quantity=RS_minus_RP,RS − RP
instruct,o2,movement,contrast,interaction,0.7131076388888891,0.6263020833333335,0.8013020833333332,0.0002,9999,348,2088,0,60,116,contrasts_by_option_order|run=instruct|order_id=o2|outcome=movement|kind=contrast|quantity=interaction,(RS − RP) − (NS − NP)
