run,level,quantity,movement_rows,exact_post_ties,flip_defined_rows,blocks,blocks_flip_defined
ab_bfirst,condition_rows,NP,702,62,640,,
ab_bfirst,condition_rows,NS,1404,111,1293,,
ab_bfirst,block_contrast,NS_minus_NP,,,,702,630
ab_bfirst,condition_rows,RP,702,34,668,,
ab_bfirst,block_contrast,RP_minus_NP,,,,702,618
ab_bfirst,condition_rows,RS,1404,81,1323,,
ab_bfirst,block_contrast,RS_minus_NS,,,,702,671
ab_bfirst,block_contrast,RS_minus_RP,,,,702,659
ab_bfirst,block_contrast,interaction,,,,702,601
base,condition_rows,NP,711,23,688,,
base,condition_rows,NS,1422,30,1392,,
base,block_contrast,NS_minus_NP,,,,711,685
base,condition_rows,RP,711,13,698,,
base,block_contrast,RP_minus_NP,,,,711,678
base,condition_rows,RS,1422,35,1387,,
base,block_contrast,RS_minus_NS,,,,711,702
base,block_contrast,RS_minus_RP,,,,711,694
base,block_contrast,interaction,,,,711,673
instruct,condition_rows,NP,690,0,690,,
instruct,condition_rows,NS,1380,0,1380,,
instruct,block_contrast,NS_minus_NP,,,,690,690
instruct,condition_rows,RP,690,0,690,,
instruct,block_contrast,RP_minus_NP,,,,690,690
instruct,condition_rows,RS,1380,0,1380,,
instruct,block_contrast,RS_minus_NS,,,,690,690
instruct,block_contrast,RS_minus_RP,,,,690,690
instruct,block_contrast,interaction,,,,690,690
minimal_ab,condition_rows,NP,624,70,554,,
minimal_ab,condition_rows,NS,1248,85,1163,,
minimal_ab,block_contrast,NS_minus_NP,,,,624,547
minimal_ab,condition_rows,RP,624,23,601,,
minimal_ab,block_contrast,RP_minus_NP,,,,624,534
minimal_ab,condition_rows,RS,1248,69,1179,,
minimal_ab,block_contrast,RS_minus_NS,,,,624,609
minimal_ab,block_contrast,RS_minus_RP,,,,624,596
minimal_ab,block_contrast,interaction,,,,624,523
