run,order_id,slot,response_label,displayed_position,count,initial_readings,pct
ab_bfirst,o1,A,A,2,115,120,95.83333333333333
ab_bfirst,o1,B,B,1,3,120,2.5
ab_bfirst,o1,tie,tie,,2,120,1.6666666666666667
ab_bfirst,o2,A,A,2,100,120,83.33333333333333
ab_bfirst,o2,B,B,1,16,120,13.333333333333334
ab_bfirst,o2,tie,tie,,4,120,3.3333333333333335
base,o1,A,A,1,120,120,100.0
base,o1,B,B,2,0,120,0.0
base,o1,tie,tie,,0,120,0.0
base,o2,A,A,1,112,120,93.33333333333333
base,o2,B,B,2,5,120,4.166666666666667
base,o2,tie,tie,,3,120,2.5
instruct,o1,A,A,1,75,120,62.5
instruct,o1,B,B,2,39,120,32.5
instruct,o1,tie,tie,,6,120,5.0
instruct,o2,A,A,1,57,120,47.5
instruct,o2,B,B,2,59,120,49.166666666666664
instruct,o2,tie,tie,,4,120,3.3333333333333335
minimal_ab,o1,A,A,1,85,120,70.83333333333333
minimal_ab,o1,B,B,2,19,120,15.833333333333334
minimal_ab,o1,tie,tie,,16,120,13.333333333333334
minimal_ab,o2,A,A,1,81,120,67.5
minimal_ab,o2,B,B,2,23,120,19.166666666666668
minimal_ab,o2,tie,tie,,16,120,13.333333333333334
