run,initial_id,decision_id,scenario_id,order_id,logit_a,logit_b,exclusion_reason,run_initial_readings,run_exact_initial_ties,run_exact_initial_ties_pct
ab_bfirst,full_v3_llama31_8b_behavioral_v1.technology_03_v1.o1.initial,technology_03,technology_03_v1,o1,15.3125,15.3125,exact_initial_logit_tie,240,6,2.5
ab_bfirst,full_v3_llama31_8b_behavioral_v1.technology_12_v1.o1.initial,technology_12,technology_12_v1,o1,15.0,15.0,exact_initial_logit_tie,240,6,2.5
ab_bfirst,full_v3_llama31_8b_behavioral_v1.energy_10_v1.o2.initial,energy_10,energy_10_v1,o2,15.1875,15.1875,exact_initial_logit_tie,240,6,2.5
ab_bfirst,full_v3_llama31_8b_behavioral_v1.energy_11_v2.o2.initial,energy_11,energy_11_v2,o2,15.25,15.25,exact_initial_logit_tie,240,6,2.5
ab_bfirst,full_v3_llama31_8b_behavioral_v1.technology_06_v2.o2.initial,technology_06,technology_06_v2,o2,14.875,14.875,exact_initial_logit_tie,240,6,2.5
ab_bfirst,full_v3_llama31_8b_behavioral_v1.technology_16_v1.o2.initial,technology_16,technology_16_v1,o2,15.1875,15.1875,exact_initial_logit_tie,240,6,2.5
base,full_v3_llama31_8b_behavioral_v1.energy_01_v1.o2.initial,energy_01,energy_01_v1,o2,15.375,15.375,exact_initial_logit_tie,240,3,1.25
base,full_v3_llama31_8b_behavioral_v1.technology_15_v2.o2.initial,technology_15,technology_15_v2,o2,16.125,16.125,exact_initial_logit_tie,240,3,1.25
base,full_v3_llama31_8b_behavioral_v1.technology_17_v1.o2.initial,technology_17,technology_17_v1,o2,15.625,15.625,exact_initial_logit_tie,240,3,1.25
instruct,full_v3_llama31_8b_behavioral_v1.climate_17_v1.o1.initial,climate_17,climate_17_v1,o1,25.25,25.25,exact_initial_logit_tie,240,10,4.166666666666667
instruct,full_v3_llama31_8b_behavioral_v1.energy_14_v2.o1.initial,energy_14,energy_14_v2,o1,25.125,25.125,exact_initial_logit_tie,240,10,4.166666666666667
instruct,full_v3_llama31_8b_behavioral_v1.energy_16_v1.o1.initial,energy_16,energy_16_v1,o1,25.125,25.125,exact_initial_logit_tie,240,10,4.166666666666667
instruct,full_v3_llama31_8b_behavioral_v1.energy_18_v2.o1.initial,energy_18,energy_18_v2,o1,24.75,24.75,exact_initial_logit_tie,240,10,4.166666666666667
instruct,full_v3_llama31_8b_behavioral_v1.technology_06_v1.o1.initial,technology_06,technology_06_v1,o1,26.0,26.0,exact_initial_logit_tie,240,10,4.166666666666667
instruct,full_v3_llama31_8b_behavioral_v1.technology_09_v1.o1.initial,technology_09,technology_09_v1,o1,24.875,24.875,exact_initial_logit_tie,240,10,4.166666666666667
instruct,full_v3_llama31_8b_behavioral_v1.climate_16_v1.o2.initial,climate_16,climate_16_v1,o2,25.25,25.25,exact_initial_logit_tie,240,10,4.166666666666667
instruct,full_v3_llama31_8b_behavioral_v1.climate_20_v1.o2.initial,climate_20,climate_20_v1,o2,25.5,25.5,exact_initial_logit_tie,240,10,4.166666666666667
instruct,full_v3_llama31_8b_behavioral_v1.energy_14_v1.o2.initial,energy_14,energy_14_v1,o2,25.375,25.375,exact_initial_logit_tie,240,10,4.166666666666667
instruct,full_v3_llama31_8b_behavioral_v1.technology_08_v1.o2.initial,technology_08,technology_08_v1,o2,24.0,24.0,exact_initial_logit_tie,240,10,4.166666666666667
minimal_ab,full_v3_llama31_8b_behavioral_v1.climate_05_v1.o1.initial,climate_05,climate_05_v1,o1,17.5,17.5,exact_initial_logit_tie,240,32,13.333333333333334
minimal_ab,full_v3_llama31_8b_behavioral_v1.climate_06_v2.o1.initial,climate_06,climate_06_v2,o1,17.5,17.5,exact_initial_logit_tie,240,32,13.333333333333334
minimal_ab,full_v3_llama31_8b_behavioral_v1.climate_08_v1.o1.initial,climate_08,climate_08_v1,o1,17.375,17.375,exact_initial_logit_tie,240,32,13.333333333333334
minimal_ab,full_v3_llama31_8b_behavioral_v1.climate_11_v2.o1.initial,climate_11,climate_11_v2,o1,17.25,17.25,exact_initial_logit_tie,240,32,13.333333333333334
minimal_ab,full_v3_llama31_8b_behavioral_v1.climate_13_v2.o1.initial,climate_13,climate_13_v2,o1,17.375,17.375,exact_initial_logit_tie,240,32,13.333333333333334
minimal_ab,full_v3_llama31_8b_behavioral_v1.climate_18_v2.o1.initial,climate_18,climate_18_v2,o1,17.125,17.125,exact_initial_logit_tie,240,32,13.333333333333334
minimal_ab,full_v3_llama31_8b_behavioral_v1.energy_07_v1.o1.initial,energy_07,energy_07_v1,o1,17.375,17.375,exact_initial_logit_tie,240,32,13.333333333333334
minimal_ab,full_v3_llama31_8b_behavioral_v1.energy_08_v1.o1.initial,energy_08,energy_08_v1,o1,17.5,17.5,exact_initial_logit_tie,240,32,13.333333333333334
minimal_ab,full_v3_llama31_8b_behavioral_v1.energy_08_v2.o1.initial,energy_08,energy_08_v2,o1,17.5,17.5,exact_initial_logit_tie,240,32,13.333333333333334
minimal_ab,full_v3_llama31_8b_behavioral_v1.energy_15_v2.o1.initial,energy_15,energy_15_v2,o1,17.375,17.375,exact_initial_logit_tie,240,32,13.333333333333334
minimal_ab,full_v3_llama31_8b_behavioral_v1.energy_16_v2.o1.initial,energy_16,energy_16_v2,o1,17.5,17.5,exact_initial_logit_tie,240,32,13.333333333333334
minimal_ab,full_v3_llama31_8b_behavioral_v1.energy_21_v1.o1.initial,energy_21,energy_21_v1,o1,17.625,17.625,exact_initial_logit_tie,240,32,13.333333333333334
minimal_ab,full_v3_llama31_8b_behavioral_v1.technology_09_v2.o1.initial,technology_09,technology_09_v2,o1,17.375,17.375,exact_initial_logit_tie,240,32,13.333333333333334
minimal_ab,full_v3_llama31_8b_behavioral_v1.technology_12_v1.o1.initial,technology_12,technology_12_v1,o1,17.5,17.5,exact_initial_logit_tie,240,32,13.333333333333334
minimal_ab,full_v3_llama31_8b_behavioral_v1.technology_17_v2.o1.initial,technology_17,technology_17_v2,o1,17.75,17.75,exact_initial_logit_tie,240,32,13.333333333333334
minimal_ab,full_v3_llama31_8b_behavioral_v1.technology_18_v2.o1.initial,technology_18,technology_18_v2,o1,16.875,16.875,exact_initial_logit_tie,240,32,13.333333333333334
minimal_ab,full_v3_llama31_8b_behavioral_v1.climate_04_v1.o2.initial,climate_04,climate_04_v1,o2,17.5,17.5,exact_initial_logit_tie,240,32,13.333333333333334
minimal_ab,full_v3_llama31_8b_behavioral_v1.climate_08_v1.o2.initial,climate_08,climate_08_v1,o2,17.625,17.625,exact_initial_logit_tie,240,32,13.333333333333334
minimal_ab,full_v3_llama31_8b_behavioral_v1.climate_08_v2.o2.initial,climate_08,climate_08_v2,o2,17.625,17.625,exact_initial_logit_tie,240,32,13.333333333333334
minimal_ab,full_v3_llama31_8b_behavioral_v1.energy_01_v1.o2.initial,energy_01,energy_01_v1,o2,17.375,17.375,exact_initial_logit_tie,240,32,13.333333333333334
minimal_ab,full_v3_llama31_8b_behavioral_v1.energy_02_v2.o2.initial,energy_02,energy_02_v2,o2,17.375,17.375,exact_initial_logit_tie,240,32,13.333333333333334
minimal_ab,full_v3_llama31_8b_behavioral_v1.energy_06_v2.o2.initial,energy_06,energy_06_v2,o2,17.375,17.375,exact_initial_logit_tie,240,32,13.333333333333334
minimal_ab,full_v3_llama31_8b_behavioral_v1.energy_12_v1.o2.initial,energy_12,energy_12_v1,o2,17.375,17.375,exact_initial_logit_tie,240,32,13.333333333333334
minimal_ab,full_v3_llama31_8b_behavioral_v1.energy_17_v1.o2.initial,energy_17,energy_17_v1,o2,18.25,18.25,exact_initial_logit_tie,240,32,13.333333333333334
minimal_ab,full_v3_llama31_8b_behavioral_v1.energy_19_v1.o2.initial,energy_19,energy_19_v1,o2,17.375,17.375,exact_initial_logit_tie,240,32,13.333333333333334
minimal_ab,full_v3_llama31_8b_behavioral_v1.technology_02_v1.o2.initial,technology_02,technology_02_v1,o2,17.375,17.375,exact_initial_logit_tie,240,32,13.333333333333334
minimal_ab,full_v3_llama31_8b_behavioral_v1.technology_06_v2.o2.initial,technology_06,technology_06_v2,o2,17.25,17.25,exact_initial_logit_tie,240,32,13.333333333333334
minimal_ab,full_v3_llama31_8b_behavioral_v1.technology_09_v1.o2.initial,technology_09,technology_09_v1,o2,17.125,17.125,exact_initial_logit_tie,240,32,13.333333333333334
minimal_ab,full_v3_llama31_8b_behavioral_v1.technology_10_v1.o2.initial,technology_10,technology_10_v1,o2,18.0,18.0,exact_initial_logit_tie,240,32,13.333333333333334
minimal_ab,full_v3_llama31_8b_behavioral_v1.technology_13_v1.o2.initial,technology_13,technology_13_v1,o2,17.5,17.5,exact_initial_logit_tie,240,32,13.333333333333334
minimal_ab,full_v3_llama31_8b_behavioral_v1.technology_13_v2.o2.initial,technology_13,technology_13_v2,o2,17.375,17.375,exact_initial_logit_tie,240,32,13.333333333333334
minimal_ab,full_v3_llama31_8b_behavioral_v1.technology_19_v2.o2.initial,technology_19,technology_19_v2,o2,17.0,17.0,exact_initial_logit_tie,240,32,13.333333333333334
