run,term,quantity,estimate,ci_low,ci_high,p_boot,replicates_defined,n_blocks,n_decisions,n_movement_rows,n_flip_rows,n_initials,statistic_id,quantity_label
base,slope_per_logit_abs_m_before,NS_minus_NP,-0.03645418316034927,-0.10992887481439595,0.03724047560619833,0.3386,9999,711,60,0,0,237,margin_moderation|run=base|term=slope_per_logit_abs_m_before|quantity=NS_minus_NP,NS − NP
base,slope_per_logit_abs_m_before,RP_minus_NP,0.14023423762628917,0.04693096356140647,0.24714849697152225,0.0036,9999,711,60,0,0,237,margin_moderation|run=base|term=slope_per_logit_abs_m_before|quantity=RP_minus_NP,RP − NP
base,slope_per_logit_abs_m_before,RS_minus_NS,0.13118637802730618,0.04393785595410516,0.22894414742407168,0.0036,9999,711,60,0,0,237,margin_moderation|run=base|term=slope_per_logit_abs_m_before|quantity=RS_minus_NS,RS − NS
base,slope_per_logit_abs_m_before,RS_minus_RP,-0.04550204275933136,-0.0874894884707958,-0.005542207958708567,0.0226,9999,711,60,0,0,237,margin_moderation|run=base|term=slope_per_logit_abs_m_before|quantity=RS_minus_RP,RS − RP
base,slope_per_logit_abs_m_before,interaction,-0.009047859598981637,-0.08800574635857693,0.06626992939794647,0.8126,9999,711,60,0,0,237,margin_moderation|run=base|term=slope_per_logit_abs_m_before|quantity=interaction,(RS − RP) − (NS − NP)
base,weighted_mean,NS_minus_NP,0.12342303240740739,0.10138816550925928,0.1469668692129629,0.0002,9999,711,60,0,0,237,margin_moderation|run=base|term=weighted_mean|quantity=NS_minus_NP,NS − NP
base,weighted_mean,RP_minus_NP,0.27285879629629617,0.23793402777777775,0.3083347800925926,0.0002,9999,711,60,0,0,237,margin_moderation|run=base|term=weighted_mean|quantity=RP_minus_NP,RP − NP
base,weighted_mean,RS_minus_NS,0.13684895833333335,0.10471064814814819,0.169603587962963,0.0002,9999,711,60,0,0,237,margin_moderation|run=base|term=weighted_mean|quantity=RS_minus_NS,RS − NS
base,weighted_mean,RS_minus_RP,-0.012586805555555547,-0.02565104166666667,0.00043619791666663733,0.059,9999,711,60,0,0,237,margin_moderation|run=base|term=weighted_mean|quantity=RS_minus_RP,RS − RP
base,weighted_mean,interaction,-0.13600983796296298,-0.15888310185185187,-0.11435112847222224,0.0002,9999,711,60,0,0,237,margin_moderation|run=base|term=weighted_mean|quantity=interaction,(RS − RP) − (NS − NP)
instruct,slope_per_logit_abs_m_before,NS_minus_NP,-0.040226631554213035,-0.08575344792840707,0.0026636866316497245,0.0656,9999,690,60,0,0,230,margin_moderation|run=instruct|term=slope_per_logit_abs_m_before|quantity=NS_minus_NP,NS − NP
instruct,slope_per_logit_abs_m_before,RP_minus_NP,0.01555106127437581,-0.027490645770609223,0.05625081438041167,0.4622,9999,690,60,0,0,230,margin_moderation|run=instruct|term=slope_per_logit_abs_m_before|quantity=RP_minus_NP,RP − NP
instruct,slope_per_logit_abs_m_before,RS_minus_NS,0.04254477004116249,-0.01631652259553879,0.10230207410583753,0.1592,9999,690,60,0,0,230,margin_moderation|run=instruct|term=slope_per_logit_abs_m_before|quantity=RS_minus_NS,RS − NS
instruct,slope_per_logit_abs_m_before,RS_minus_RP,-0.013232922787426564,-0.03636074272028081,0.011871512639770872,0.312,9999,690,60,0,0,230,margin_moderation|run=instruct|term=slope_per_logit_abs_m_before|quantity=RS_minus_RP,RS − RP
instruct,slope_per_logit_abs_m_before,interaction,0.02699370876678614,-0.013719091001391211,0.06982533447991437,0.1856,9999,690,60,0,0,230,margin_moderation|run=instruct|term=slope_per_logit_abs_m_before|quantity=interaction,(RS − RP) − (NS − NP)
instruct,weighted_mean,NS_minus_NP,-0.7543113425925926,-0.8224392361111108,-0.6883955439814814,0.0002,9999,690,60,0,0,230,margin_moderation|run=instruct|term=weighted_mean|quantity=NS_minus_NP,NS − NP
instruct,weighted_mean,RP_minus_NP,-0.1806712962962963,-0.2494241898148148,-0.11252893518518521,0.0002,9999,690,60,0,0,230,margin_moderation|run=instruct|term=weighted_mean|quantity=RP_minus_NP,RP − NP
instruct,weighted_mean,RS_minus_NS,0.5538773148148146,0.4598083043981482,0.650206163194444,0.0002,9999,690,60,0,0,230,margin_moderation|run=instruct|term=weighted_mean|quantity=RS_minus_NS,RS − NS
instruct,weighted_mean,RS_minus_RP,-0.0197627314814815,-0.05276475694444444,0.014917534722222198,0.2594,9999,690,60,0,0,230,margin_moderation|run=instruct|term=weighted_mean|quantity=RS_minus_RP,RS − RP
instruct,weighted_mean,interaction,0.7345486111111111,0.6630439814814815,0.8089431423611112,0.0002,9999,690,60,0,0,230,margin_moderation|run=instruct|term=weighted_mean|quantity=interaction,(RS − RP) − (NS − NP)
