run,marker_id,opening_id,quantity,estimate,ci_low,ci_high,p_boot,replicates_defined,n_blocks,n_movement_rows,n_flip_rows,n_decisions,n_initials,statistic_id,quantity_label,marker_family
base,m01_therefore,directive_reconsideration,NS_minus_NP,0.2296875,0.17377201897018973,0.28686261655011647,0.0002,9999,42,84,0,40,42,marker_by_opening|run=base|marker_id=m01_therefore|opening_id=directive_reconsideration|quantity=NS_minus_NP,NS − NP,conclusion_result
base,m01_therefore,directive_reconsideration,RS_minus_RP,0.0234375,-0.01744186046511628,0.06419153528528525,0.2608,9999,42,84,0,40,42,marker_by_opening|run=base|marker_id=m01_therefore|opening_id=directive_reconsideration|quantity=RS_minus_RP,RS − RP,conclusion_result
base,m02_consequently,directive_reconsideration,NS_minus_NP,0.2765625,0.22470037001287002,0.32845899307273624,0.0002,9999,42,84,0,40,42,marker_by_opening|run=base|marker_id=m02_consequently|opening_id=directive_reconsideration|quantity=NS_minus_NP,NS − NP,conclusion_result
base,m02_consequently,directive_reconsideration,RS_minus_RP,0.0171875,-0.023809523809523808,0.05570835781433604,0.4146,9999,42,84,0,40,42,marker_by_opening|run=base|marker_id=m02_consequently|opening_id=directive_reconsideration|quantity=RS_minus_RP,RS − RP,conclusion_result
base,m03_thus,directive_reconsideration,NS_minus_NP,0.25,0.1924342105263158,0.3107638888888889,0.0002,9999,41,82,0,40,41,marker_by_opening|run=base|marker_id=m03_thus|opening_id=directive_reconsideration|quantity=NS_minus_NP,NS − NP,conclusion_result
base,m03_thus,directive_reconsideration,RS_minus_RP,0.04375,0.004256628787878808,0.08284883720930232,0.034,9999,41,82,0,40,41,marker_by_opening|run=base|marker_id=m03_thus|opening_id=directive_reconsideration|quantity=RS_minus_RP,RS − RP,conclusion_result
base,m04_accordingly,directive_reconsideration,NS_minus_NP,0.234375,0.18163117439516133,0.2927678571428571,0.0002,9999,36,72,0,36,36,marker_by_opening|run=base|marker_id=m04_accordingly|opening_id=directive_reconsideration|quantity=NS_minus_NP,NS − NP,conclusion_result
base,m04_accordingly,directive_reconsideration,RS_minus_RP,-0.043402777777777776,-0.09464285714285714,0.0033783783783783786,0.0796,9999,36,72,0,36,36,marker_by_opening|run=base|marker_id=m04_accordingly|opening_id=directive_reconsideration|quantity=RS_minus_RP,RS − RP,conclusion_result
base,m05_for_this_reason,directive_reconsideration,NS_minus_NP,0.12179487179487179,0.07894736842105263,0.16330645161290322,0.0002,9999,39,78,0,39,39,marker_by_opening|run=base|marker_id=m05_for_this_reason|opening_id=directive_reconsideration|quantity=NS_minus_NP,NS − NP,conclusion_result
base,m05_for_this_reason,directive_reconsideration,RS_minus_RP,-0.038461538461538464,-0.07196969696969698,-0.0037823083778966943,0.034,9999,39,78,0,39,39,marker_by_opening|run=base|marker_id=m05_for_this_reason|opening_id=directive_reconsideration|quantity=RS_minus_RP,RS − RP,conclusion_result
base,m06_that_is_why,directive_reconsideration,NS_minus_NP,-0.028716216216216218,-0.06907894736842106,0.009191176470588236,0.1614,9999,37,74,0,37,37,marker_by_opening|run=base|marker_id=m06_that_is_why|opening_id=directive_reconsideration|quantity=NS_minus_NP,NS − NP,conclusion_result
base,m06_that_is_why,directive_reconsideration,RS_minus_RP,-0.21283783783783783,-0.2580154052936311,-0.16462612323491668,0.0002,9999,37,74,0,37,37,marker_by_opening|run=base|marker_id=m06_that_is_why|opening_id=directive_reconsideration|quantity=RS_minus_RP,RS − RP,conclusion_result
base,m07_this_implies_that,directive_reconsideration,NS_minus_NP,-0.040625,-0.09615384615384616,0.016891891891891893,0.1766,9999,40,80,0,40,40,marker_by_opening|run=base|marker_id=m07_this_implies_that|opening_id=directive_reconsideration|quantity=NS_minus_NP,NS − NP,inference_basis
base,m07_this_implies_that,directive_reconsideration,RS_minus_RP,0.0125,-0.03619186046511625,0.06097742450638789,0.6376,9999,40,80,0,40,40,marker_by_opening|run=base|marker_id=m07_this_implies_that|opening_id=directive_reconsideration|quantity=RS_minus_RP,RS − RP,inference_basis
base,m08_it_follows_that,directive_reconsideration,NS_minus_NP,0.30448717948717946,0.2532894736842105,0.3573717948717949,0.0002,9999,40,80,0,39,40,marker_by_opening|run=base|marker_id=m08_it_follows_that|opening_id=directive_reconsideration|quantity=NS_minus_NP,NS − NP,inference_basis
base,m08_it_follows_that,directive_reconsideration,RS_minus_RP,0.08493589743589744,0.04595588235294118,0.12364130434782608,0.0002,9999,40,80,0,39,40,marker_by_opening|run=base|marker_id=m08_it_follows_that|opening_id=directive_reconsideration|quantity=RS_minus_RP,RS − RP,inference_basis
base,m09_on_that_basis,directive_reconsideration,NS_minus_NP,0.1890625,0.1324404761904762,0.24432653743315497,0.0002,9999,41,82,0,40,41,marker_by_opening|run=base|marker_id=m09_on_that_basis|opening_id=directive_reconsideration|quantity=NS_minus_NP,NS − NP,inference_basis
base,m09_on_that_basis,directive_reconsideration,RS_minus_RP,0.0109375,-0.046052631578947366,0.06418918918918919,0.6816,9999,41,82,0,40,41,marker_by_opening|run=base|marker_id=m09_on_that_basis|opening_id=directive_reconsideration|quantity=RS_minus_RP,RS − RP,inference_basis
base,m10_based_on_this,directive_reconsideration,NS_minus_NP,0.24177631578947367,0.18571428571428572,0.3030350378787878,0.0002,9999,38,76,0,38,38,marker_by_opening|run=base|marker_id=m10_based_on_this|opening_id=directive_reconsideration|quantity=NS_minus_NP,NS − NP,inference_basis
base,m10_based_on_this,directive_reconsideration,RS_minus_RP,0.08223684210526316,0.03571428571428571,0.12664473684210525,0.001,9999,38,76,0,38,38,marker_by_opening|run=base|marker_id=m10_based_on_this|opening_id=directive_reconsideration|quantity=RS_minus_RP,RS − RP,inference_basis
base,m11_given_this,directive_reconsideration,NS_minus_NP,0.25422297297297297,0.20861486486486486,0.30098684210526316,0.0002,9999,39,78,0,37,39,marker_by_opening|run=base|marker_id=m11_given_this|opening_id=directive_reconsideration|quantity=NS_minus_NP,NS − NP,inference_basis
base,m11_given_this,directive_reconsideration,RS_minus_RP,0.03885135135135135,0.0,0.07852564102564102,0.056,9999,39,78,0,37,39,marker_by_opening|run=base|marker_id=m11_given_this|opening_id=directive_reconsideration|quantity=RS_minus_RP,RS − RP,inference_basis
base,m12_in_view_of_this,directive_reconsideration,NS_minus_NP,0.2894736842105263,0.24177631578947367,0.3384146341463415,0.0002,9999,39,78,0,38,39,marker_by_opening|run=base|marker_id=m12_in_view_of_this|opening_id=directive_reconsideration|quantity=NS_minus_NP,NS − NP,inference_basis
base,m12_in_view_of_this,directive_reconsideration,RS_minus_RP,0.07730263157894737,0.033783783783783786,0.1203125,0.0008,9999,39,78,0,38,39,marker_by_opening|run=base|marker_id=m12_in_view_of_this|opening_id=directive_reconsideration|quantity=RS_minus_RP,RS − RP,inference_basis
base,m01_therefore,stance_alternative,NS_minus_NP,0.1171875,0.052083333333333336,0.18326231060606024,0.0002,9999,42,84,0,40,42,marker_by_opening|run=base|marker_id=m01_therefore|opening_id=stance_alternative|quantity=NS_minus_NP,NS − NP,conclusion_result
base,m01_therefore,stance_alternative,RS_minus_RP,-0.0140625,-0.05682449494949492,0.03205128205128205,0.5558,9999,42,84,0,40,42,marker_by_opening|run=base|marker_id=m01_therefore|opening_id=stance_alternative|quantity=RS_minus_RP,RS − RP,conclusion_result
base,m02_consequently,stance_alternative,NS_minus_NP,0.1015625,0.043154761904761904,0.15953947368421054,0.0006,9999,42,84,0,40,42,marker_by_opening|run=base|marker_id=m02_consequently|opening_id=stance_alternative|quantity=NS_minus_NP,NS − NP,conclusion_result
base,m02_consequently,stance_alternative,RS_minus_RP,-0.034375,-0.07118257428940568,0.002976190476190476,0.0746,9999,42,84,0,40,42,marker_by_opening|run=base|marker_id=m02_consequently|opening_id=stance_alternative|quantity=RS_minus_RP,RS − RP,conclusion_result
base,m03_thus,stance_alternative,NS_minus_NP,0.065625,0.0078125,0.12321428571428572,0.0284,9999,41,82,0,40,41,marker_by_opening|run=base|marker_id=m03_thus|opening_id=stance_alternative|quantity=NS_minus_NP,NS − NP,conclusion_result
base,m03_thus,stance_alternative,RS_minus_RP,-0.0359375,-0.075,0.0033783783783783786,0.0792,9999,41,82,0,40,41,marker_by_opening|run=base|marker_id=m03_thus|opening_id=stance_alternative|quantity=RS_minus_RP,RS − RP,conclusion_result
base,m04_accordingly,stance_alternative,NS_minus_NP,-0.03993055555555555,-0.0976612580128205,0.01645220588235287,0.1736,9999,36,72,0,36,36,marker_by_opening|run=base|marker_id=m04_accordingly|opening_id=stance_alternative|quantity=NS_minus_NP,NS − NP,conclusion_result
base,m04_accordingly,stance_alternative,RS_minus_RP,-0.08854166666666667,-0.14743589743589744,-0.03409090909090909,0.0014,9999,36,72,0,36,36,marker_by_opening|run=base|marker_id=m04_accordingly|opening_id=stance_alternative|quantity=RS_minus_RP,RS − RP,conclusion_result
base,m05_for_this_reason,stance_alternative,NS_minus_NP,-0.016025641025641024,-0.06845238095238096,0.03516125801282044,0.567,9999,39,78,0,39,39,marker_by_opening|run=base|marker_id=m05_for_this_reason|opening_id=stance_alternative|quantity=NS_minus_NP,NS − NP,conclusion_result
base,m05_for_this_reason,stance_alternative,RS_minus_RP,-0.041666666666666664,-0.08335700757575747,-0.001524390243902439,0.0486,9999,39,78,0,39,39,marker_by_opening|run=base|marker_id=m05_for_this_reason|opening_id=stance_alternative|quantity=RS_minus_RP,RS − RP,conclusion_result
base,m06_that_is_why,stance_alternative,NS_minus_NP,-0.03209459459459459,-0.09558823529411764,0.03125,0.3354,9999,37,74,0,37,37,marker_by_opening|run=base|marker_id=m06_that_is_why|opening_id=stance_alternative|quantity=NS_minus_NP,NS − NP,conclusion_result
base,m06_that_is_why,stance_alternative,RS_minus_RP,-0.23310810810810811,-0.28634326550387595,-0.1798780487804878,0.0002,9999,37,74,0,37,37,marker_by_opening|run=base|marker_id=m06_that_is_why|opening_id=stance_alternative|quantity=RS_minus_RP,RS − RP,conclusion_result
base,m07_this_implies_that,stance_alternative,NS_minus_NP,-0.1265625,-0.2027439024390244,-0.0515625,0.0018,9999,40,80,0,40,40,marker_by_opening|run=base|marker_id=m07_this_implies_that|opening_id=stance_alternative|quantity=NS_minus_NP,NS − NP,inference_basis
base,m07_this_implies_that,stance_alternative,RS_minus_RP,0.0328125,-0.02533783783783784,0.090625,0.2788,9999,40,80,0,40,40,marker_by_opening|run=base|marker_id=m07_this_implies_that|opening_id=stance_alternative|quantity=RS_minus_RP,RS − RP,inference_basis
base,m08_it_follows_that,stance_alternative,NS_minus_NP,0.07532051282051282,0.025387985641891903,0.12664473684210525,0.004,9999,40,80,0,39,40,marker_by_opening|run=base|marker_id=m08_it_follows_that|opening_id=stance_alternative|quantity=NS_minus_NP,NS − NP,inference_basis
base,m08_it_follows_that,stance_alternative,RS_minus_RP,0.052884615384615384,0.0031211890243902606,0.10357142857142858,0.0402,9999,40,80,0,39,40,marker_by_opening|run=base|marker_id=m08_it_follows_that|opening_id=stance_alternative|quantity=RS_minus_RP,RS − RP,inference_basis
base,m09_on_that_basis,stance_alternative,NS_minus_NP,-0.0125,-0.07501420454545449,0.05099431818181807,0.705,9999,41,82,0,40,41,marker_by_opening|run=base|marker_id=m09_on_that_basis|opening_id=stance_alternative|quantity=NS_minus_NP,NS − NP,inference_basis
base,m09_on_that_basis,stance_alternative,RS_minus_RP,-0.053125,-0.11317567567567567,0.007357317927170805,0.0952,9999,41,82,0,40,41,marker_by_opening|run=base|marker_id=m09_on_that_basis|opening_id=stance_alternative|quantity=RS_minus_RP,RS − RP,inference_basis
base,m10_based_on_this,stance_alternative,NS_minus_NP,-0.09539473684210527,-0.14821428571428572,-0.04595588235294118,0.0002,9999,38,76,0,38,38,marker_by_opening|run=base|marker_id=m10_based_on_this|opening_id=stance_alternative|quantity=NS_minus_NP,NS − NP,inference_basis
base,m10_based_on_this,stance_alternative,RS_minus_RP,-0.04111842105263158,-0.08493589743589744,0.003472222222222222,0.079,9999,38,76,0,38,38,marker_by_opening|run=base|marker_id=m10_based_on_this|opening_id=stance_alternative|quantity=RS_minus_RP,RS − RP,inference_basis
base,m11_given_this,stance_alternative,NS_minus_NP,0.10472972972972973,0.04820741758241762,0.16447368421052633,0.0006,9999,39,78,0,37,39,marker_by_opening|run=base|marker_id=m11_given_this|opening_id=stance_alternative|quantity=NS_minus_NP,NS − NP,inference_basis
base,m11_given_this,stance_alternative,RS_minus_RP,0.02027027027027027,-0.024305555555555556,0.06907894736842106,0.4266,9999,39,78,0,37,39,marker_by_opening|run=base|marker_id=m11_given_this|opening_id=stance_alternative|quantity=RS_minus_RP,RS − RP,inference_basis
base,m12_in_view_of_this,stance_alternative,NS_minus_NP,0.02631578947368421,-0.04054054054054054,0.090625,0.4574,9999,39,78,0,38,39,marker_by_opening|run=base|marker_id=m12_in_view_of_this|opening_id=stance_alternative|quantity=NS_minus_NP,NS − NP,inference_basis
base,m12_in_view_of_this,stance_alternative,RS_minus_RP,0.03618421052631579,-0.019097222222222224,0.09078674948240147,0.2062,9999,39,78,0,38,39,marker_by_opening|run=base|marker_id=m12_in_view_of_this|opening_id=stance_alternative|quantity=RS_minus_RP,RS − RP,inference_basis
base,m01_therefore,stance_disagreement,NS_minus_NP,0.22734375,0.17881742571059434,0.27713815789473684,0.0002,9999,42,84,0,40,42,marker_by_opening|run=base|marker_id=m01_therefore|opening_id=stance_disagreement|quantity=NS_minus_NP,NS − NP,conclusion_result
base,m01_therefore,stance_disagreement,RS_minus_RP,0.0234375,-0.015625,0.06398809523809523,0.2488,9999,42,84,0,40,42,marker_by_opening|run=base|marker_id=m01_therefore|opening_id=stance_disagreement|quantity=RS_minus_RP,RS − RP,conclusion_result
base,m02_consequently,stance_disagreement,NS_minus_NP,0.21328125,0.16456989247311835,0.26013513513513514,0.0002,9999,42,84,0,40,42,marker_by_opening|run=base|marker_id=m02_consequently|opening_id=stance_disagreement|quantity=NS_minus_NP,NS − NP,conclusion_result
base,m02_consequently,stance_disagreement,RS_minus_RP,-0.0125,-0.046875,0.0234375,0.5222,9999,42,84,0,40,42,marker_by_opening|run=base|marker_id=m02_consequently|opening_id=stance_disagreement|quantity=RS_minus_RP,RS − RP,conclusion_result
base,m03_thus,stance_disagreement,NS_minus_NP,0.259375,0.19375,0.3273841873706004,0.0002,9999,41,82,0,40,41,marker_by_opening|run=base|marker_id=m03_thus|opening_id=stance_disagreement|quantity=NS_minus_NP,NS − NP,conclusion_result
base,m03_thus,stance_disagreement,RS_minus_RP,-0.0328125,-0.06398809523809523,-0.002972729789590305,0.0392,9999,41,82,0,40,41,marker_by_opening|run=base|marker_id=m03_thus|opening_id=stance_disagreement|quantity=RS_minus_RP,RS − RP,conclusion_result
base,m04_accordingly,stance_disagreement,NS_minus_NP,0.140625,0.09027777777777778,0.19256756756756757,0.0002,9999,36,72,0,36,36,marker_by_opening|run=base|marker_id=m04_accordingly|opening_id=stance_disagreement|quantity=NS_minus_NP,NS − NP,conclusion_result
base,m04_accordingly,stance_disagreement,RS_minus_RP,-0.07465277777777778,-0.11148648648648649,-0.03782703488372096,0.0002,9999,36,72,0,36,36,marker_by_opening|run=base|marker_id=m04_accordingly|opening_id=stance_disagreement|quantity=RS_minus_RP,RS − RP,conclusion_result
base,m05_for_this_reason,stance_disagreement,NS_minus_NP,0.08173076923076923,0.0339248511904762,0.1282051282051282,0.002,9999,39,78,0,39,39,marker_by_opening|run=base|marker_id=m05_for_this_reason|opening_id=stance_disagreement|quantity=NS_minus_NP,NS − NP,conclusion_result
base,m05_for_this_reason,stance_disagreement,RS_minus_RP,-0.08493589743589744,-0.1234774245063879,-0.04420731707317073,0.0002,9999,39,78,0,39,39,marker_by_opening|run=base|marker_id=m05_for_this_reason|opening_id=stance_disagreement|quantity=RS_minus_RP,RS − RP,conclusion_result
base,m06_that_is_why,stance_disagreement,NS_minus_NP,-0.17398648648648649,-0.22596860859728504,-0.125,0.0002,9999,37,74,0,37,37,marker_by_opening|run=base|marker_id=m06_that_is_why|opening_id=stance_disagreement|quantity=NS_minus_NP,NS − NP,conclusion_result
base,m06_that_is_why,stance_disagreement,RS_minus_RP,-0.3344594594594595,-0.3767857142857143,-0.2932692307692308,0.0002,9999,37,74,0,37,37,marker_by_opening|run=base|marker_id=m06_that_is_why|opening_id=stance_disagreement|quantity=RS_minus_RP,RS − RP,conclusion_result
base,m07_this_implies_that,stance_disagreement,NS_minus_NP,-0.346875,-0.446875,-0.25,0.0002,9999,40,80,0,40,40,marker_by_opening|run=base|marker_id=m07_this_implies_that|opening_id=stance_disagreement|quantity=NS_minus_NP,NS − NP,inference_basis
base,m07_this_implies_that,stance_disagreement,RS_minus_RP,0.0140625,-0.050595238095238096,0.07639756944444433,0.6654,9999,40,80,0,40,40,marker_by_opening|run=base|marker_id=m07_this_implies_that|opening_id=stance_disagreement|quantity=RS_minus_RP,RS − RP,inference_basis
base,m08_it_follows_that,stance_disagreement,NS_minus_NP,0.27724358974358976,0.21006944444444445,0.3445141494684177,0.0002,9999,40,80,0,39,40,marker_by_opening|run=base|marker_id=m08_it_follows_that|opening_id=stance_disagreement|quantity=NS_minus_NP,NS − NP,inference_basis
base,m08_it_follows_that,stance_disagreement,RS_minus_RP,0.05929487179487179,0.01636904761904762,0.10526315789473684,0.008,9999,40,80,0,39,40,marker_by_opening|run=base|marker_id=m08_it_follows_that|opening_id=stance_disagreement|quantity=RS_minus_RP,RS − RP,inference_basis
base,m09_on_that_basis,stance_disagreement,NS_minus_NP,0.1546875,0.09628378378378379,0.2109375,0.0002,9999,41,82,0,40,41,marker_by_opening|run=base|marker_id=m09_on_that_basis|opening_id=stance_disagreement|quantity=NS_minus_NP,NS − NP,inference_basis
base,m09_on_that_basis,stance_disagreement,RS_minus_RP,-0.034375,-0.08079268292682927,0.013888888888888888,0.1654,9999,41,82,0,40,41,marker_by_opening|run=base|marker_id=m09_on_that_basis|opening_id=stance_disagreement|quantity=RS_minus_RP,RS − RP,inference_basis
base,m10_based_on_this,stance_disagreement,NS_minus_NP,0.31743421052631576,0.271875,0.36348684210526316,0.0002,9999,38,76,0,38,38,marker_by_opening|run=base|marker_id=m10_based_on_this|opening_id=stance_disagreement|quantity=NS_minus_NP,NS − NP,inference_basis
base,m10_based_on_this,stance_disagreement,RS_minus_RP,0.08552631578947369,0.03214285714285714,0.13911748533724333,0.0016,9999,38,76,0,38,38,marker_by_opening|run=base|marker_id=m10_based_on_this|opening_id=stance_disagreement|quantity=RS_minus_RP,RS − RP,inference_basis
base,m11_given_this,stance_disagreement,NS_minus_NP,0.36655405405405406,0.32164634146341464,0.41320004480286726,0.0002,9999,39,78,0,37,39,marker_by_opening|run=base|marker_id=m11_given_this|opening_id=stance_disagreement|quantity=NS_minus_NP,NS − NP,inference_basis
base,m11_given_this,stance_disagreement,RS_minus_RP,0.06925675675675676,0.033921332046332076,0.10606060606060606,0.0002,9999,39,78,0,37,39,marker_by_opening|run=base|marker_id=m11_given_this|opening_id=stance_disagreement|quantity=RS_minus_RP,RS − RP,inference_basis
base,m12_in_view_of_this,stance_disagreement,NS_minus_NP,0.3207236842105263,0.25844594594594594,0.38095963995354226,0.0002,9999,39,78,0,38,39,marker_by_opening|run=base|marker_id=m12_in_view_of_this|opening_id=stance_disagreement|quantity=NS_minus_NP,NS − NP,inference_basis
base,m12_in_view_of_this,stance_disagreement,RS_minus_RP,0.09539473684210527,0.05263157894736842,0.13815789473684212,0.0004,9999,39,78,0,38,39,marker_by_opening|run=base|marker_id=m12_in_view_of_this|opening_id=stance_disagreement|quantity=RS_minus_RP,RS − RP,inference_basis
instruct,m01_therefore,directive_reconsideration,NS_minus_NP,-0.4596354166666667,-0.58375,-0.33,0.0002,9999,42,84,0,24,42,marker_by_opening|run=instruct|marker_id=m01_therefore|opening_id=directive_reconsideration|quantity=NS_minus_NP,NS − NP,conclusion_result
instruct,m01_therefore,directive_reconsideration,RS_minus_RP,0.2890625,0.18607954545454544,0.3993055555555556,0.0002,9999,42,84,0,24,42,marker_by_opening|run=instruct|marker_id=m01_therefore|opening_id=directive_reconsideration|quantity=RS_minus_RP,RS − RP,conclusion_result
instruct,m02_consequently,directive_reconsideration,NS_minus_NP,-0.5357142857142857,-0.65625,-0.42645955882352954,0.0002,9999,36,72,0,21,36,marker_by_opening|run=instruct|marker_id=m02_consequently|opening_id=directive_reconsideration|quantity=NS_minus_NP,NS − NP,conclusion_result
instruct,m02_consequently,directive_reconsideration,RS_minus_RP,0.13392857142857142,0.048430397727272756,0.21726190476190477,0.0032,9999,36,72,0,21,36,marker_by_opening|run=instruct|marker_id=m02_consequently|opening_id=directive_reconsideration|quantity=RS_minus_RP,RS − RP,conclusion_result
instruct,m03_thus,directive_reconsideration,NS_minus_NP,-0.5217391304347826,-0.6434801136363636,-0.40043981481481516,0.0002,9999,40,80,0,23,40,marker_by_opening|run=instruct|marker_id=m03_thus|opening_id=directive_reconsideration|quantity=NS_minus_NP,NS − NP,conclusion_result
instruct,m03_thus,directive_reconsideration,RS_minus_RP,0.25815217391304346,0.16318689613526574,0.36632733585858573,0.0002,9999,40,80,0,23,40,marker_by_opening|run=instruct|marker_id=m03_thus|opening_id=directive_reconsideration|quantity=RS_minus_RP,RS − RP,conclusion_result
instruct,m04_accordingly,directive_reconsideration,NS_minus_NP,-0.5329861111111112,-0.67578125,-0.3973082983193279,0.0002,9999,28,56,0,18,28,marker_by_opening|run=instruct|marker_id=m04_accordingly|opening_id=directive_reconsideration|quantity=NS_minus_NP,NS − NP,conclusion_result
instruct,m04_accordingly,directive_reconsideration,RS_minus_RP,0.034722222222222224,-0.035416666666666666,0.11080255681818171,0.3606,9999,28,56,0,18,28,marker_by_opening|run=instruct|marker_id=m04_accordingly|opening_id=directive_reconsideration|quantity=RS_minus_RP,RS − RP,conclusion_result
instruct,m05_for_this_reason,directive_reconsideration,NS_minus_NP,-0.9553571428571429,-1.0984498355263157,-0.8107638888888888,0.0002,9999,36,72,0,21,36,marker_by_opening|run=instruct|marker_id=m05_for_this_reason|opening_id=directive_reconsideration|quantity=NS_minus_NP,NS − NP,conclusion_result
instruct,m05_for_this_reason,directive_reconsideration,RS_minus_RP,0.125,0.039385190217391376,0.21140012254901955,0.0054,9999,36,72,0,21,36,marker_by_opening|run=instruct|marker_id=m05_for_this_reason|opening_id=directive_reconsideration|quantity=RS_minus_RP,RS − RP,conclusion_result
instruct,m06_that_is_why,directive_reconsideration,NS_minus_NP,-1.0180288461538463,-1.14125,-0.8911999701314218,0.0002,9999,48,96,0,26,48,marker_by_opening|run=instruct|marker_id=m06_that_is_why|opening_id=directive_reconsideration|quantity=NS_minus_NP,NS − NP,conclusion_result
instruct,m06_that_is_why,directive_reconsideration,RS_minus_RP,-0.057692307692307696,-0.1291714015151515,0.008937872023809388,0.0944,9999,48,96,0,26,48,marker_by_opening|run=instruct|marker_id=m06_that_is_why|opening_id=directive_reconsideration|quantity=RS_minus_RP,RS − RP,conclusion_result
instruct,m07_this_implies_that,directive_reconsideration,NS_minus_NP,-2.3029891304347827,-2.590315519323671,-2.0285326086956523,0.0002,9999,38,76,0,23,38,marker_by_opening|run=instruct|marker_id=m07_this_implies_that|opening_id=directive_reconsideration|quantity=NS_minus_NP,NS − NP,inference_basis
instruct,m07_this_implies_that,directive_reconsideration,RS_minus_RP,-0.11005434782608696,-0.22470238095238096,0.008928571428571428,0.0708,9999,38,76,0,23,38,marker_by_opening|run=instruct|marker_id=m07_this_implies_that|opening_id=directive_reconsideration|quantity=RS_minus_RP,RS − RP,inference_basis
instruct,m08_it_follows_that,directive_reconsideration,NS_minus_NP,-0.8518518518518519,-0.9651509081196581,-0.7395833333333334,0.0002,9999,48,96,0,27,48,marker_by_opening|run=instruct|marker_id=m08_it_follows_that|opening_id=directive_reconsideration|quantity=NS_minus_NP,NS − NP,inference_basis
instruct,m08_it_follows_that,directive_reconsideration,RS_minus_RP,-0.006944444444444444,-0.10750694444444442,0.09792140151515144,0.8812,9999,48,96,0,27,48,marker_by_opening|run=instruct|marker_id=m08_it_follows_that|opening_id=directive_reconsideration|quantity=RS_minus_RP,RS − RP,inference_basis
instruct,m09_on_that_basis,directive_reconsideration,NS_minus_NP,-0.649671052631579,-0.7723214285714286,-0.5228310751748252,0.0002,9999,33,66,0,19,33,marker_by_opening|run=instruct|marker_id=m09_on_that_basis|opening_id=directive_reconsideration|quantity=NS_minus_NP,NS − NP,inference_basis
instruct,m09_on_that_basis,directive_reconsideration,RS_minus_RP,0.05921052631578947,-0.04963235294117647,0.17095588235294118,0.2876,9999,33,66,0,19,33,marker_by_opening|run=instruct|marker_id=m09_on_that_basis|opening_id=directive_reconsideration|quantity=RS_minus_RP,RS − RP,inference_basis
instruct,m10_based_on_this,directive_reconsideration,NS_minus_NP,-0.36277173913043476,-0.4429347826086957,-0.28119212962963047,0.0002,9999,40,80,0,23,40,marker_by_opening|run=instruct|marker_id=m10_based_on_this|opening_id=directive_reconsideration|quantity=NS_minus_NP,NS − NP,inference_basis
instruct,m10_based_on_this,directive_reconsideration,RS_minus_RP,0.12228260869565218,0.03453947368421053,0.2159090909090909,0.0056,9999,40,80,0,23,40,marker_by_opening|run=instruct|marker_id=m10_based_on_this|opening_id=directive_reconsideration|quantity=RS_minus_RP,RS − RP,inference_basis
instruct,m11_given_this,directive_reconsideration,NS_minus_NP,-0.4453125,-0.5554056186868687,-0.3375,0.0002,9999,37,74,0,20,37,marker_by_opening|run=instruct|marker_id=m11_given_this|opening_id=directive_reconsideration|quantity=NS_minus_NP,NS − NP,inference_basis
instruct,m11_given_this,directive_reconsideration,RS_minus_RP,0.203125,0.10284288194444453,0.3090277777777778,0.0002,9999,37,74,0,20,37,marker_by_opening|run=instruct|marker_id=m11_given_this|opening_id=directive_reconsideration|quantity=RS_minus_RP,RS − RP,inference_basis
instruct,m12_in_view_of_this,directive_reconsideration,NS_minus_NP,-0.6175595238095238,-0.75,-0.49341517857142864,0.0002,9999,34,68,0,21,34,marker_by_opening|run=instruct|marker_id=m12_in_view_of_this|opening_id=directive_reconsideration|quantity=NS_minus_NP,NS − NP,inference_basis
instruct,m12_in_view_of_this,directive_reconsideration,RS_minus_RP,0.19791666666666666,0.0833106884057972,0.3125,0.0004,9999,34,68,0,21,34,marker_by_opening|run=instruct|marker_id=m12_in_view_of_this|opening_id=directive_reconsideration|quantity=RS_minus_RP,RS − RP,inference_basis
instruct,m01_therefore,stance_alternative,NS_minus_NP,-0.9440104166666666,-1.0647362764550263,-0.8242009943181821,0.0002,9999,42,84,0,24,42,marker_by_opening|run=instruct|marker_id=m01_therefore|opening_id=stance_alternative|quantity=NS_minus_NP,NS − NP,conclusion_result
instruct,m01_therefore,stance_alternative,RS_minus_RP,0.16666666666666666,0.0540810751748252,0.29567736950549445,0.0038,9999,42,84,0,24,42,marker_by_opening|run=instruct|marker_id=m01_therefore|opening_id=stance_alternative|quantity=RS_minus_RP,RS − RP,conclusion_result
instruct,m02_consequently,stance_alternative,NS_minus_NP,-0.7485119047619048,-0.8413621794871794,-0.6470588235294118,0.0002,9999,36,72,0,21,36,marker_by_opening|run=instruct|marker_id=m02_consequently|opening_id=stance_alternative|quantity=NS_minus_NP,NS − NP,conclusion_result
instruct,m02_consequently,stance_alternative,RS_minus_RP,0.005952380952380952,-0.07708333333333334,0.09077380952380952,0.9158,9999,36,72,0,21,36,marker_by_opening|run=instruct|marker_id=m02_consequently|opening_id=stance_alternative|quantity=RS_minus_RP,RS − RP,conclusion_result
instruct,m03_thus,stance_alternative,NS_minus_NP,-0.626358695652174,-0.7839803312629399,-0.46875,0.0002,9999,40,80,0,23,40,marker_by_opening|run=instruct|marker_id=m03_thus|opening_id=stance_alternative|quantity=NS_minus_NP,NS − NP,conclusion_result
instruct,m03_thus,stance_alternative,RS_minus_RP,-0.033967391304347824,-0.11789772727272728,0.0625,0.449,9999,40,80,0,23,40,marker_by_opening|run=instruct|marker_id=m03_thus|opening_id=stance_alternative|quantity=RS_minus_RP,RS − RP,conclusion_result
instruct,m04_accordingly,stance_alternative,NS_minus_NP,-0.3576388888888889,-0.49672619047619043,-0.22916666666666666,0.0002,9999,28,56,0,18,28,marker_by_opening|run=instruct|marker_id=m04_accordingly|opening_id=stance_alternative|quantity=NS_minus_NP,NS − NP,conclusion_result
instruct,m04_accordingly,stance_alternative,RS_minus_RP,-0.10069444444444445,-0.1875,-0.012863469251336959,0.0268,9999,28,56,0,18,28,marker_by_opening|run=instruct|marker_id=m04_accordingly|opening_id=stance_alternative|quantity=RS_minus_RP,RS − RP,conclusion_result
instruct,m05_for_this_reason,stance_alternative,NS_minus_NP,-1.1994047619047619,-1.359375,-1.0578125,0.0002,9999,36,72,0,21,36,marker_by_opening|run=instruct|marker_id=m05_for_this_reason|opening_id=stance_alternative|quantity=NS_minus_NP,NS − NP,conclusion_result
instruct,m05_for_this_reason,stance_alternative,RS_minus_RP,0.06994047619047619,-0.039473684210526314,0.17708333333333334,0.2116,9999,36,72,0,21,36,marker_by_opening|run=instruct|marker_id=m05_for_this_reason|opening_id=stance_alternative|quantity=RS_minus_RP,RS − RP,conclusion_result
instruct,m06_that_is_why,stance_alternative,NS_minus_NP,-1.6935096153846154,-1.8649575892857144,-1.521862980769231,0.0002,9999,48,96,0,26,48,marker_by_opening|run=instruct|marker_id=m06_that_is_why|opening_id=stance_alternative|quantity=NS_minus_NP,NS − NP,conclusion_result
instruct,m06_that_is_why,stance_alternative,RS_minus_RP,-0.12740384615384615,-0.2206079306722688,-0.039767263986014066,0.0056,9999,48,96,0,26,48,marker_by_opening|run=instruct|marker_id=m06_that_is_why|opening_id=stance_alternative|quantity=RS_minus_RP,RS − RP,conclusion_result
instruct,m07_this_implies_that,stance_alternative,NS_minus_NP,-1.5217391304347827,-1.7059801136363637,-1.346875,0.0002,9999,38,76,0,23,38,marker_by_opening|run=instruct|marker_id=m07_this_implies_that|opening_id=stance_alternative|quantity=NS_minus_NP,NS − NP,inference_basis
instruct,m07_this_implies_that,stance_alternative,RS_minus_RP,-0.44157608695652173,-0.578125,-0.2849264705882353,0.0002,9999,38,76,0,23,38,marker_by_opening|run=instruct|marker_id=m07_this_implies_that|opening_id=stance_alternative|quantity=RS_minus_RP,RS − RP,inference_basis
instruct,m08_it_follows_that,stance_alternative,NS_minus_NP,-0.3611111111111111,-0.4365249171401515,-0.2873249887992832,0.0002,9999,48,96,0,27,48,marker_by_opening|run=instruct|marker_id=m08_it_follows_that|opening_id=stance_alternative|quantity=NS_minus_NP,NS − NP,inference_basis
instruct,m08_it_follows_that,stance_alternative,RS_minus_RP,-0.04861111111111111,-0.1358695652173913,0.03733506944444432,0.2688,9999,48,96,0,27,48,marker_by_opening|run=instruct|marker_id=m08_it_follows_that|opening_id=stance_alternative|quantity=RS_minus_RP,RS − RP,inference_basis
instruct,m09_on_that_basis,stance_alternative,NS_minus_NP,-0.5263157894736842,-0.6513157894736842,-0.40295138888888904,0.0002,9999,33,66,0,19,33,marker_by_opening|run=instruct|marker_id=m09_on_that_basis|opening_id=stance_alternative|quantity=NS_minus_NP,NS − NP,inference_basis
instruct,m09_on_that_basis,stance_alternative,RS_minus_RP,-0.05098684210526316,-0.17560453869047613,0.06971153846153846,0.4198,9999,33,66,0,19,33,marker_by_opening|run=instruct|marker_id=m09_on_that_basis|opening_id=stance_alternative|quantity=RS_minus_RP,RS − RP,inference_basis
instruct,m10_based_on_this,stance_alternative,NS_minus_NP,-0.375,-0.5162527173913043,-0.2361111111111111,0.0002,9999,40,80,0,23,40,marker_by_opening|run=instruct|marker_id=m10_based_on_this|opening_id=stance_alternative|quantity=NS_minus_NP,NS − NP,inference_basis
instruct,m10_based_on_this,stance_alternative,RS_minus_RP,0.1793478260869565,0.07736607142857149,0.275,0.0014,9999,40,80,0,23,40,marker_by_opening|run=instruct|marker_id=m10_based_on_this|opening_id=stance_alternative|quantity=RS_minus_RP,RS − RP,inference_basis
instruct,m11_given_this,stance_alternative,NS_minus_NP,-0.621875,-0.7586929563492063,-0.4944852941176471,0.0002,9999,37,74,0,20,37,marker_by_opening|run=instruct|marker_id=m11_given_this|opening_id=stance_alternative|quantity=NS_minus_NP,NS − NP,inference_basis
instruct,m11_given_this,stance_alternative,RS_minus_RP,0.1484375,0.06907894736842106,0.23363095238095238,0.0004,9999,37,74,0,20,37,marker_by_opening|run=instruct|marker_id=m11_given_this|opening_id=stance_alternative|quantity=RS_minus_RP,RS − RP,inference_basis
instruct,m12_in_view_of_this,stance_alternative,NS_minus_NP,-0.7723214285714286,-0.890625,-0.663686099439776,0.0002,9999,34,68,0,21,34,marker_by_opening|run=instruct|marker_id=m12_in_view_of_this|opening_id=stance_alternative|quantity=NS_minus_NP,NS − NP,inference_basis
instruct,m12_in_view_of_this,stance_alternative,RS_minus_RP,0.22023809523809523,0.08272058823529412,0.3546195652173913,0.0024,9999,34,68,0,21,34,marker_by_opening|run=instruct|marker_id=m12_in_view_of_this|opening_id=stance_alternative|quantity=RS_minus_RP,RS − RP,inference_basis
instruct,m01_therefore,stance_disagreement,NS_minus_NP,-0.7239583333333334,-0.8242254849137931,-0.6178977272727273,0.0002,9999,42,84,0,24,42,marker_by_opening|run=instruct|marker_id=m01_therefore|opening_id=stance_disagreement|quantity=NS_minus_NP,NS − NP,conclusion_result
instruct,m01_therefore,stance_disagreement,RS_minus_RP,-0.06901041666666667,-0.1817182239057239,0.06667140151515144,0.2828,9999,42,84,0,24,42,marker_by_opening|run=instruct|marker_id=m01_therefore|opening_id=stance_disagreement|quantity=RS_minus_RP,RS − RP,conclusion_result
instruct,m02_consequently,stance_disagreement,NS_minus_NP,-0.47619047619047616,-0.5735404411764705,-0.3893169981060607,0.0002,9999,36,72,0,21,36,marker_by_opening|run=instruct|marker_id=m02_consequently|opening_id=stance_disagreement|quantity=NS_minus_NP,NS − NP,conclusion_result
instruct,m02_consequently,stance_disagreement,RS_minus_RP,-0.15625,-0.24321724828375282,-0.0703125,0.0004,9999,36,72,0,21,36,marker_by_opening|run=instruct|marker_id=m02_consequently|opening_id=stance_disagreement|quantity=RS_minus_RP,RS − RP,conclusion_result
instruct,m03_thus,stance_disagreement,NS_minus_NP,-0.5801630434782609,-0.6863003027065526,-0.47874715909090915,0.0002,9999,40,80,0,23,40,marker_by_opening|run=instruct|marker_id=m03_thus|opening_id=stance_disagreement|quantity=NS_minus_NP,NS − NP,conclusion_result
instruct,m03_thus,stance_disagreement,RS_minus_RP,-0.21195652173913043,-0.308827064479638,-0.10677083333333333,0.0006,9999,40,80,0,23,40,marker_by_opening|run=instruct|marker_id=m03_thus|opening_id=stance_disagreement|quantity=RS_minus_RP,RS − RP,conclusion_result
instruct,m04_accordingly,stance_disagreement,NS_minus_NP,-0.3715277777777778,-0.5588428792569659,-0.15798154239766088,0.002,9999,28,56,0,18,28,marker_by_opening|run=instruct|marker_id=m04_accordingly|opening_id=stance_disagreement|quantity=NS_minus_NP,NS − NP,conclusion_result
instruct,m04_accordingly,stance_disagreement,RS_minus_RP,-0.2586805555555556,-0.3638458508403361,-0.15789473684210525,0.0002,9999,28,56,0,18,28,marker_by_opening|run=instruct|marker_id=m04_accordingly|opening_id=stance_disagreement|quantity=RS_minus_RP,RS − RP,conclusion_result
instruct,m05_for_this_reason,stance_disagreement,NS_minus_NP,-1.1651785714285714,-1.2951388888888888,-1.047520380434783,0.0002,9999,36,72,0,21,36,marker_by_opening|run=instruct|marker_id=m05_for_this_reason|opening_id=stance_disagreement|quantity=NS_minus_NP,NS − NP,conclusion_result
instruct,m05_for_this_reason,stance_disagreement,RS_minus_RP,-0.13392857142857142,-0.2412534722222222,-0.0234375,0.0198,9999,36,72,0,21,36,marker_by_opening|run=instruct|marker_id=m05_for_this_reason|opening_id=stance_disagreement|quantity=RS_minus_RP,RS − RP,conclusion_result
instruct,m06_that_is_why,stance_disagreement,NS_minus_NP,-0.6730769230769231,-0.8161093042986426,-0.5342261904761905,0.0002,9999,48,96,0,26,48,marker_by_opening|run=instruct|marker_id=m06_that_is_why|opening_id=stance_disagreement|quantity=NS_minus_NP,NS − NP,conclusion_result
instruct,m06_that_is_why,stance_disagreement,RS_minus_RP,-0.14543269230769232,-0.2175925925925926,-0.08172031772575267,0.0002,9999,48,96,0,26,48,marker_by_opening|run=instruct|marker_id=m06_that_is_why|opening_id=stance_disagreement|quantity=RS_minus_RP,RS − RP,conclusion_result
instruct,m07_this_implies_that,stance_disagreement,NS_minus_NP,-2.40625,-2.6083333333333334,-2.20125,0.0002,9999,38,76,0,23,38,marker_by_opening|run=instruct|marker_id=m07_this_implies_that|opening_id=stance_disagreement|quantity=NS_minus_NP,NS − NP,inference_basis
instruct,m07_this_implies_that,stance_disagreement,RS_minus_RP,-0.35733695652173914,-0.5168269230769231,-0.18153273809523832,0.0004,9999,38,76,0,23,38,marker_by_opening|run=instruct|marker_id=m07_this_implies_that|opening_id=stance_disagreement|quantity=RS_minus_RP,RS − RP,inference_basis
instruct,m08_it_follows_that,stance_disagreement,NS_minus_NP,-0.1261574074074074,-0.18438004032258062,-0.06572737068965526,0.0002,9999,48,96,0,27,48,marker_by_opening|run=instruct|marker_id=m08_it_follows_that|opening_id=stance_disagreement|quantity=NS_minus_NP,NS − NP,inference_basis
instruct,m08_it_follows_that,stance_disagreement,RS_minus_RP,-0.07291666666666667,-0.14930555555555555,0.010416666666666666,0.0868,9999,48,96,0,27,48,marker_by_opening|run=instruct|marker_id=m08_it_follows_that|opening_id=stance_disagreement|quantity=RS_minus_RP,RS − RP,inference_basis
instruct,m09_on_that_basis,stance_disagreement,NS_minus_NP,-0.5657894736842105,-0.6812648809523809,-0.453125,0.0002,9999,33,66,0,19,33,marker_by_opening|run=instruct|marker_id=m09_on_that_basis|opening_id=stance_disagreement|quantity=NS_minus_NP,NS − NP,inference_basis
instruct,m09_on_that_basis,stance_disagreement,RS_minus_RP,-0.20230263157894737,-0.325,-0.07588110902255656,0.0026,9999,33,66,0,19,33,marker_by_opening|run=instruct|marker_id=m09_on_that_basis|opening_id=stance_disagreement|quantity=RS_minus_RP,RS − RP,inference_basis
instruct,m10_based_on_this,stance_disagreement,NS_minus_NP,0.004076086956521739,-0.109375,0.11948929028132987,0.9772,9999,40,80,0,23,40,marker_by_opening|run=instruct|marker_id=m10_based_on_this|opening_id=stance_disagreement|quantity=NS_minus_NP,NS − NP,inference_basis
instruct,m10_based_on_this,stance_disagreement,RS_minus_RP,-0.05570652173913043,-0.15865384615384615,0.04492578124999994,0.2756,9999,40,80,0,23,40,marker_by_opening|run=instruct|marker_id=m10_based_on_this|opening_id=stance_disagreement|quantity=RS_minus_RP,RS − RP,inference_basis
instruct,m11_given_this,stance_disagreement,NS_minus_NP,-0.3046875,-0.41964285714285715,-0.19602272727272727,0.0002,9999,37,74,0,20,37,marker_by_opening|run=instruct|marker_id=m11_given_this|opening_id=stance_disagreement|quantity=NS_minus_NP,NS − NP,inference_basis
instruct,m11_given_this,stance_disagreement,RS_minus_RP,-0.01875,-0.11677631578947369,0.084375,0.7126,9999,37,74,0,20,37,marker_by_opening|run=instruct|marker_id=m11_given_this|opening_id=stance_disagreement|quantity=RS_minus_RP,RS − RP,inference_basis
instruct,m12_in_view_of_this,stance_disagreement,NS_minus_NP,-0.4895833333333333,-0.59375,-0.3831351902173915,0.0002,9999,34,68,0,21,34,marker_by_opening|run=instruct|marker_id=m12_in_view_of_this|opening_id=stance_disagreement|quantity=NS_minus_NP,NS − NP,inference_basis
instruct,m12_in_view_of_this,stance_disagreement,RS_minus_RP,-0.05654761904761905,-0.18466526679841894,0.0859375,0.402,9999,34,68,0,21,34,marker_by_opening|run=instruct|marker_id=m12_in_view_of_this|opening_id=stance_disagreement|quantity=RS_minus_RP,RS − RP,inference_basis
