run,outcome,kind,quantity,estimate,ci_low,ci_high,p_boot,replicates_defined,n_blocks,n_movement_rows,n_flip_rows,n_decisions,n_initials,statistic_id,quantity_label
base,flip,cell,NP,0.9625084175084174,0.9357554713804711,0.9841666666666666,0.0002,9999,658,658,658,60,227,model_common_subset|run=base|outcome=flip|kind=cell|quantity=NP,
base,flip,cell,NS,0.9816919191919191,0.9686237373737374,0.9929292929292929,0.0002,9999,678,1356,1332,60,227,model_common_subset|run=base|outcome=flip|kind=cell|quantity=NS,
base,flip,cell,RP,0.972840909090909,0.9527525252525252,0.9893055555555555,0.0002,9999,669,669,669,60,226,model_common_subset|run=base|outcome=flip|kind=cell|quantity=RP,
base,flip,cell,RS,0.9768055555555556,0.958287037037037,0.9916666666666666,0.0002,9999,673,1346,1329,60,226,model_common_subset|run=base|outcome=flip|kind=cell|quantity=RS,
base,flip,contrast,NS_minus_NP,0.014313973063973062,0.0021296296296296293,0.028861321548821522,0.013,9999,655,1965,1951,60,227,model_common_subset|run=base|outcome=flip|kind=contrast|quantity=NS_minus_NP,NS − NP
base,flip,contrast,RP_minus_NP,0.007348484848484848,-0.007004629629629624,0.022356902356902353,0.3268,9999,649,1298,1298,60,226,model_common_subset|run=base|outcome=flip|kind=contrast|quantity=RP_minus_NP,RP − NP
base,flip,contrast,RS_minus_NS,-0.010416666666666666,-0.025694444444444443,0.0013888888888888887,0.094,9999,672,2688,2649,60,226,model_common_subset|run=base|outcome=flip|kind=contrast|quantity=RS_minus_NS,RS − NS
base,flip,contrast,RS_minus_RP,-0.0006944444444444443,-0.00949074074074074,0.007870370370370371,0.9232,9999,665,1995,1981,60,226,model_common_subset|run=base|outcome=flip|kind=contrast|quantity=RS_minus_RP,RS − RP
base,flip,contrast,interaction,-0.011346801346801346,-0.028291666666666663,0.0027356902356902354,0.1304,9999,644,3864,3842,60,225,model_common_subset|run=base|outcome=flip|kind=contrast|quantity=interaction,(RS − RP) − (NS − NP)
base,movement,cell,NP,1.3220775462962961,1.2416883680555557,1.4061385995370368,0.0002,9999,681,681,0,60,227,model_common_subset|run=base|outcome=movement|kind=cell|quantity=NP,
base,movement,cell,NS,1.4400607638888887,1.36199291087963,1.5214098668981486,0.0002,9999,681,1362,0,60,227,model_common_subset|run=base|outcome=movement|kind=cell|quantity=NS,
base,movement,cell,RP,1.597974537037037,1.5089105902777775,1.6897323495370369,0.0002,9999,681,681,0,60,227,model_common_subset|run=base|outcome=movement|kind=cell|quantity=RP,
base,movement,cell,RS,1.5858651620370372,1.497883391203704,1.6760127314814814,0.0002,9999,681,1362,0,60,227,model_common_subset|run=base|outcome=movement|kind=cell|quantity=RS,
base,movement,contrast,NS_minus_NP,0.1179832175925926,0.09509476273148147,0.14208622685185185,0.0002,9999,681,2043,0,60,227,model_common_subset|run=base|outcome=movement|kind=contrast|quantity=NS_minus_NP,NS − NP
base,movement,contrast,RP_minus_NP,0.27589699074074076,0.24013310185185183,0.3121238425925925,0.0002,9999,681,1362,0,60,227,model_common_subset|run=base|outcome=movement|kind=contrast|quantity=RP_minus_NP,RP − NP
base,movement,contrast,RS_minus_NS,0.14580439814814816,0.11200520833333334,0.17951605902777773,0.0002,9999,681,2724,0,60,227,model_common_subset|run=base|outcome=movement|kind=contrast|quantity=RS_minus_NS,RS − NS
base,movement,contrast,RS_minus_RP,-0.012109375000000002,-0.025014467592592588,0.0006655092592592584,0.0676,9999,681,2043,0,60,227,model_common_subset|run=base|outcome=movement|kind=contrast|quantity=RS_minus_RP,RS − RP
base,movement,contrast,interaction,-0.13009259259259262,-0.15332754629629625,-0.10760923032407407,0.0002,9999,681,4086,0,60,227,model_common_subset|run=base|outcome=movement|kind=contrast|quantity=interaction,(RS − RP) − (NS − NP)
instruct,flip,cell,NP,1.0,1.0,1.0,0.0002,9999,681,681,681,60,227,model_common_subset|run=instruct|outcome=flip|kind=cell|quantity=NP,
instruct,flip,cell,NS,1.0,1.0,1.0,0.0002,9999,681,1362,1362,60,227,model_common_subset|run=instruct|outcome=flip|kind=cell|quantity=NS,
instruct,flip,cell,RP,1.0,1.0,1.0,0.0002,9999,681,681,681,60,227,model_common_subset|run=instruct|outcome=flip|kind=cell|quantity=RP,
instruct,flip,cell,RS,1.0,1.0,1.0,0.0002,9999,681,1362,1362,60,227,model_common_subset|run=instruct|outcome=flip|kind=cell|quantity=RS,
instruct,flip,contrast,NS_minus_NP,0.0,0.0,0.0,1.0,9999,681,2043,2043,60,227,model_common_subset|run=instruct|outcome=flip|kind=contrast|quantity=NS_minus_NP,NS − NP
instruct,flip,contrast,RP_minus_NP,0.0,0.0,0.0,1.0,9999,681,1362,1362,60,227,model_common_subset|run=instruct|outcome=flip|kind=contrast|quantity=RP_minus_NP,RP − NP
instruct,flip,contrast,RS_minus_NS,0.0,0.0,0.0,1.0,9999,681,2724,2724,60,227,model_common_subset|run=instruct|outcome=flip|kind=contrast|quantity=RS_minus_NS,RS − NS
instruct,flip,contrast,RS_minus_RP,0.0,0.0,0.0,1.0,9999,681,2043,2043,60,227,model_common_subset|run=instruct|outcome=flip|kind=contrast|quantity=RS_minus_RP,RS − RP
instruct,flip,contrast,interaction,0.0,0.0,0.0,1.0,9999,681,4086,4086,60,227,model_common_subset|run=instruct|outcome=flip|kind=contrast|quantity=interaction,(RS − RP) − (NS − NP)
instruct,movement,cell,NP,7.882667824074074,7.63324652777778,8.149565972222224,0.0002,9999,681,681,0,60,227,model_common_subset|run=instruct|outcome=movement|kind=cell|quantity=NP,
instruct,movement,cell,NS,7.12646122685185,6.879778645833332,7.388927951388887,0.0002,9999,681,1362,0,60,227,model_common_subset|run=instruct|outcome=movement|kind=cell|quantity=NS,
instruct,movement,cell,RP,7.694878472222222,7.437057291666665,7.970412326388887,0.0002,9999,681,681,0,60,227,model_common_subset|run=instruct|outcome=movement|kind=cell|quantity=RP,
instruct,movement,cell,RS,7.677039930555556,7.431153790509258,7.938852719907407,0.0002,9999,681,1362,0,60,227,model_common_subset|run=instruct|outcome=movement|kind=cell|quantity=RS,
instruct,movement,contrast,NS_minus_NP,-0.7562065972222223,-0.823538773148148,-0.6909288194444446,0.0002,9999,681,2043,0,60,227,model_common_subset|run=instruct|outcome=movement|kind=contrast|quantity=NS_minus_NP,NS − NP
instruct,movement,contrast,RP_minus_NP,-0.18778935185185183,-0.25312644675925927,-0.12482638888888889,0.0002,9999,681,1362,0,60,227,model_common_subset|run=instruct|outcome=movement|kind=contrast|quantity=RP_minus_NP,RP − NP
instruct,movement,contrast,RS_minus_NS,0.5505787037037038,0.45802879050925915,0.6456184895833333,0.0002,9999,681,2724,0,60,227,model_common_subset|run=instruct|outcome=movement|kind=contrast|quantity=RS_minus_NS,RS − NS
instruct,movement,contrast,RS_minus_RP,-0.017838541666666666,-0.05097005208333335,0.017045717592592553,0.3094,9999,681,2043,0,60,227,model_common_subset|run=instruct|outcome=movement|kind=contrast|quantity=RS_minus_RP,RS − RP
instruct,movement,contrast,interaction,0.7383680555555555,0.6670124421296295,0.8120992476851853,0.0002,9999,681,4086,0,60,227,model_common_subset|run=instruct|outcome=movement|kind=contrast|quantity=interaction,(RS − RP) − (NS − NP)
