family,family_size,statistic_id,run,outcome,quantity,estimate,p_boot,p_holm
planned|flip|base,4,core_contrasts_flip|run=base|outcome=flip|quantity=NS_minus_NP,base,flip,NS_minus_NP,0.013745791245791245,0.0132,0.0528
planned|flip|base,4,core_contrasts_flip|run=base|outcome=flip|quantity=RP_minus_NP,base,flip,RP_minus_NP,0.007348484848484848,0.3268,0.6536
planned|flip|base,4,core_contrasts_flip|run=base|outcome=flip|quantity=RS_minus_NS,base,flip,RS_minus_NS,-0.009617003367003366,0.1116,0.3348
planned|flip|base,4,core_contrasts_flip|run=base|outcome=flip|quantity=RS_minus_RP,base,flip,RS_minus_RP,-0.0004629629629629627,0.9726,0.9726
planned|movement|base,4,core_contrasts_movement|run=base|outcome=movement|quantity=NS_minus_NP,base,movement,NS_minus_NP,0.12342303240740742,0.0002,0.0008
planned|movement|base,4,core_contrasts_movement|run=base|outcome=movement|quantity=RP_minus_NP,base,movement,RP_minus_NP,0.27285879629629634,0.0002,0.0008
planned|movement|base,4,core_contrasts_movement|run=base|outcome=movement|quantity=RS_minus_NS,base,movement,RS_minus_NS,0.13684895833333333,0.0002,0.0008
planned|movement|base,4,core_contrasts_movement|run=base|outcome=movement|quantity=RS_minus_RP,base,movement,RS_minus_RP,-0.012586805555555554,0.059,0.059
individual_markers_48,48,contrasts_by_individual_marker|run=base|outcome=movement|marker_id=m01_therefore|quantity=NS_minus_NP,base,movement,m01_therefore:NS_minus_NP,0.19140625,0.0002,0.009600000000000001
individual_markers_48,48,contrasts_by_individual_marker|run=base|outcome=movement|marker_id=m01_therefore|quantity=RS_minus_RP,base,movement,m01_therefore:RS_minus_RP,0.010937499999999998,0.5268,1.0
individual_markers_48,48,contrasts_by_individual_marker|run=base|outcome=movement|marker_id=m02_consequently|quantity=NS_minus_NP,base,movement,m02_consequently:NS_minus_NP,0.1971354166666667,0.0002,0.009600000000000001
individual_markers_48,48,contrasts_by_individual_marker|run=base|outcome=movement|marker_id=m02_consequently|quantity=RS_minus_RP,base,movement,m02_consequently:RS_minus_RP,-0.009895833333333336,0.504,1.0
individual_markers_48,48,contrasts_by_individual_marker|run=base|outcome=movement|marker_id=m03_thus|quantity=NS_minus_NP,base,movement,m03_thus:NS_minus_NP,0.19166666666666668,0.0002,0.009600000000000001
individual_markers_48,48,contrasts_by_individual_marker|run=base|outcome=movement|marker_id=m03_thus|quantity=RS_minus_RP,base,movement,m03_thus:RS_minus_RP,-0.008333333333333335,0.5438,1.0
individual_markers_48,48,contrasts_by_individual_marker|run=base|outcome=movement|marker_id=m04_accordingly|quantity=NS_minus_NP,base,movement,m04_accordingly:NS_minus_NP,0.11168981481481481,0.0002,0.009600000000000001
individual_markers_48,48,contrasts_by_individual_marker|run=base|outcome=movement|marker_id=m04_accordingly|quantity=RS_minus_RP,base,movement,m04_accordingly:RS_minus_RP,-0.06886574074074076,0.0002,0.009600000000000001
individual_markers_48,48,contrasts_by_individual_marker|run=base|outcome=movement|marker_id=m05_for_this_reason|quantity=NS_minus_NP,base,movement,m05_for_this_reason:NS_minus_NP,0.06250000000000001,0.0028,0.0448
individual_markers_48,48,contrasts_by_individual_marker|run=base|outcome=movement|marker_id=m05_for_this_reason|quantity=RS_minus_RP,base,movement,m05_for_this_reason:RS_minus_RP,-0.05502136752136751,0.0006,0.011999999999999999
individual_markers_48,48,contrasts_by_individual_marker|run=base|outcome=movement|marker_id=m06_that_is_why|quantity=NS_minus_NP,base,movement,m06_that_is_why:NS_minus_NP,-0.07826576576576577,0.0002,0.009600000000000001
individual_markers_48,48,contrasts_by_individual_marker|run=base|outcome=movement|marker_id=m06_that_is_why|quantity=RS_minus_RP,base,movement,m06_that_is_why:RS_minus_RP,-0.2601351351351351,0.0002,0.009600000000000001
individual_markers_48,48,contrasts_by_individual_marker|run=base|outcome=movement|marker_id=m07_this_implies_that|quantity=NS_minus_NP,base,movement,m07_this_implies_that:NS_minus_NP,-0.17135416666666664,0.0002,0.009600000000000001
individual_markers_48,48,contrasts_by_individual_marker|run=base|outcome=movement|marker_id=m07_this_implies_that|quantity=RS_minus_RP,base,movement,m07_this_implies_that:RS_minus_RP,0.019791666666666662,0.401,1.0
individual_markers_48,48,contrasts_by_individual_marker|run=base|outcome=movement|marker_id=m08_it_follows_that|quantity=NS_minus_NP,base,movement,m08_it_follows_that:NS_minus_NP,0.219017094017094,0.0002,0.009600000000000001
individual_markers_48,48,contrasts_by_individual_marker|run=base|outcome=movement|marker_id=m08_it_follows_that|quantity=RS_minus_RP,base,movement,m08_it_follows_that:RS_minus_RP,0.0657051282051282,0.0006,0.011999999999999999
individual_markers_48,48,contrasts_by_individual_marker|run=base|outcome=movement|marker_id=m09_on_that_basis|quantity=NS_minus_NP,base,movement,m09_on_that_basis:NS_minus_NP,0.11041666666666668,0.0002,0.009600000000000001
individual_markers_48,48,contrasts_by_individual_marker|run=base|outcome=movement|marker_id=m09_on_that_basis|quantity=RS_minus_RP,base,movement,m09_on_that_basis:RS_minus_RP,-0.025520833333333336,0.292,1.0
individual_markers_48,48,contrasts_by_individual_marker|run=base|outcome=movement|marker_id=m10_based_on_this|quantity=NS_minus_NP,base,movement,m10_based_on_this:NS_minus_NP,0.15460526315789477,0.0002,0.009600000000000001
individual_markers_48,48,contrasts_by_individual_marker|run=base|outcome=movement|marker_id=m10_based_on_this|quantity=RS_minus_RP,base,movement,m10_based_on_this:RS_minus_RP,0.042214912280701754,0.0242,0.3146
individual_markers_48,48,contrasts_by_individual_marker|run=base|outcome=movement|marker_id=m11_given_this|quantity=NS_minus_NP,base,movement,m11_given_this:NS_minus_NP,0.24183558558558552,0.0002,0.009600000000000001
individual_markers_48,48,contrasts_by_individual_marker|run=base|outcome=movement|marker_id=m11_given_this|quantity=RS_minus_RP,base,movement,m11_given_this:RS_minus_RP,0.04279279279279279,0.002,0.036000000000000004
individual_markers_48,48,contrasts_by_individual_marker|run=base|outcome=movement|marker_id=m12_in_view_of_this|quantity=NS_minus_NP,base,movement,m12_in_view_of_this:NS_minus_NP,0.21217105263157895,0.0002,0.009600000000000001
individual_markers_48,48,contrasts_by_individual_marker|run=base|outcome=movement|marker_id=m12_in_view_of_this|quantity=RS_minus_RP,base,movement,m12_in_view_of_this:RS_minus_RP,0.06962719298245615,0.0004,0.009600000000000001
planned|flip|instruct,4,core_contrasts_flip|run=instruct|outcome=flip|quantity=NS_minus_NP,instruct,flip,NS_minus_NP,0.0,1.0,1.0
planned|flip|instruct,4,core_contrasts_flip|run=instruct|outcome=flip|quantity=RP_minus_NP,instruct,flip,RP_minus_NP,0.0,1.0,1.0
planned|flip|instruct,4,core_contrasts_flip|run=instruct|outcome=flip|quantity=RS_minus_NS,instruct,flip,RS_minus_NS,0.0,1.0,1.0
planned|flip|instruct,4,core_contrasts_flip|run=instruct|outcome=flip|quantity=RS_minus_RP,instruct,flip,RS_minus_RP,0.0,1.0,1.0
planned|movement|instruct,4,core_contrasts_movement|run=instruct|outcome=movement|quantity=NS_minus_NP,instruct,movement,NS_minus_NP,-0.7543113425925927,0.0002,0.0008
planned|movement|instruct,4,core_contrasts_movement|run=instruct|outcome=movement|quantity=RP_minus_NP,instruct,movement,RP_minus_NP,-0.18067129629629627,0.0002,0.0008
planned|movement|instruct,4,core_contrasts_movement|run=instruct|outcome=movement|quantity=RS_minus_NS,instruct,movement,RS_minus_NS,0.5538773148148148,0.0002,0.0008
planned|movement|instruct,4,core_contrasts_movement|run=instruct|outcome=movement|quantity=RS_minus_RP,instruct,movement,RS_minus_RP,-0.019762731481481485,0.2594,0.2594
individual_markers_48,48,contrasts_by_individual_marker|run=instruct|outcome=movement|marker_id=m01_therefore|quantity=NS_minus_NP,instruct,movement,m01_therefore:NS_minus_NP,-0.7092013888888888,0.0002,0.009600000000000001
individual_markers_48,48,contrasts_by_individual_marker|run=instruct|outcome=movement|marker_id=m01_therefore|quantity=RS_minus_RP,instruct,movement,m01_therefore:RS_minus_RP,0.12890624999999997,0.0074,0.1036
individual_markers_48,48,contrasts_by_individual_marker|run=instruct|outcome=movement|marker_id=m02_consequently|quantity=NS_minus_NP,instruct,movement,m02_consequently:NS_minus_NP,-0.5868055555555555,0.0002,0.009600000000000001
individual_markers_48,48,contrasts_by_individual_marker|run=instruct|outcome=movement|marker_id=m02_consequently|quantity=RS_minus_RP,instruct,movement,m02_consequently:RS_minus_RP,-0.0054563492063492095,0.8692,1.0
individual_markers_48,48,contrasts_by_individual_marker|run=instruct|outcome=movement|marker_id=m03_thus|quantity=NS_minus_NP,instruct,movement,m03_thus:NS_minus_NP,-0.5760869565217392,0.0002,0.009600000000000001
individual_markers_48,48,contrasts_by_individual_marker|run=instruct|outcome=movement|marker_id=m03_thus|quantity=RS_minus_RP,instruct,movement,m03_thus:RS_minus_RP,0.004076086956521742,0.974,1.0
individual_markers_48,48,contrasts_by_individual_marker|run=instruct|outcome=movement|marker_id=m04_accordingly|quantity=NS_minus_NP,instruct,movement,m04_accordingly:NS_minus_NP,-0.42071759259259256,0.0002,0.009600000000000001
individual_markers_48,48,contrasts_by_individual_marker|run=instruct|outcome=movement|marker_id=m04_accordingly|quantity=RS_minus_RP,instruct,movement,m04_accordingly:RS_minus_RP,-0.10821759259259259,0.002,0.036000000000000004
individual_markers_48,48,contrasts_by_individual_marker|run=instruct|outcome=movement|marker_id=m05_for_this_reason|quantity=NS_minus_NP,instruct,movement,m05_for_this_reason:NS_minus_NP,-1.1066468253968254,0.0002,0.009600000000000001
individual_markers_48,48,contrasts_by_individual_marker|run=instruct|outcome=movement|marker_id=m05_for_this_reason|quantity=RS_minus_RP,instruct,movement,m05_for_this_reason:RS_minus_RP,0.020337301587301588,0.6432,1.0
individual_markers_48,48,contrasts_by_individual_marker|run=instruct|outcome=movement|marker_id=m06_that_is_why|quantity=NS_minus_NP,instruct,movement,m06_that_is_why:NS_minus_NP,-1.1282051282051282,0.0002,0.009600000000000001
individual_markers_48,48,contrasts_by_individual_marker|run=instruct|outcome=movement|marker_id=m06_that_is_why|quantity=RS_minus_RP,instruct,movement,m06_that_is_why:RS_minus_RP,-0.11017628205128206,0.0004,0.009600000000000001
individual_markers_48,48,contrasts_by_individual_marker|run=instruct|outcome=movement|marker_id=m07_this_implies_that|quantity=NS_minus_NP,instruct,movement,m07_this_implies_that:NS_minus_NP,-2.076992753623189,0.0002,0.009600000000000001
individual_markers_48,48,contrasts_by_individual_marker|run=instruct|outcome=movement|marker_id=m07_this_implies_that|quantity=RS_minus_RP,instruct,movement,m07_this_implies_that:RS_minus_RP,-0.3029891304347826,0.0002,0.009600000000000001
individual_markers_48,48,contrasts_by_individual_marker|run=instruct|outcome=movement|marker_id=m08_it_follows_that|quantity=NS_minus_NP,instruct,movement,m08_it_follows_that:NS_minus_NP,-0.44637345679012347,0.0002,0.009600000000000001
individual_markers_48,48,contrasts_by_individual_marker|run=instruct|outcome=movement|marker_id=m08_it_follows_that|quantity=RS_minus_RP,instruct,movement,m08_it_follows_that:RS_minus_RP,-0.04282407407407408,0.2824,1.0
individual_markers_48,48,contrasts_by_individual_marker|run=instruct|outcome=movement|marker_id=m09_on_that_basis|quantity=NS_minus_NP,instruct,movement,m09_on_that_basis:NS_minus_NP,-0.5805921052631579,0.0002,0.009600000000000001
individual_markers_48,48,contrasts_by_individual_marker|run=instruct|outcome=movement|marker_id=m09_on_that_basis|quantity=RS_minus_RP,instruct,movement,m09_on_that_basis:RS_minus_RP,-0.06469298245614034,0.2464,1.0
individual_markers_48,48,contrasts_by_individual_marker|run=instruct|outcome=movement|marker_id=m10_based_on_this|quantity=NS_minus_NP,instruct,movement,m10_based_on_this:NS_minus_NP,-0.2445652173913043,0.0002,0.009600000000000001
individual_markers_48,48,contrasts_by_individual_marker|run=instruct|outcome=movement|marker_id=m10_based_on_this|quantity=RS_minus_RP,instruct,movement,m10_based_on_this:RS_minus_RP,0.08197463768115941,0.0442,0.5304
individual_markers_48,48,contrasts_by_individual_marker|run=instruct|outcome=movement|marker_id=m11_given_this|quantity=NS_minus_NP,instruct,movement,m11_given_this:NS_minus_NP,-0.4572916666666667,0.0002,0.009600000000000001
individual_markers_48,48,contrasts_by_individual_marker|run=instruct|outcome=movement|marker_id=m11_given_this|quantity=RS_minus_RP,instruct,movement,m11_given_this:RS_minus_RP,0.1109375,0.0034,0.051
individual_markers_48,48,contrasts_by_individual_marker|run=instruct|outcome=movement|marker_id=m12_in_view_of_this|quantity=NS_minus_NP,instruct,movement,m12_in_view_of_this:NS_minus_NP,-0.6264880952380953,0.0002,0.009600000000000001
individual_markers_48,48,contrasts_by_individual_marker|run=instruct|outcome=movement|marker_id=m12_in_view_of_this|quantity=RS_minus_RP,instruct,movement,m12_in_view_of_this:RS_minus_RP,0.12053571428571426,0.0464,0.5304
