run,outcome,quantity,estimate,ci_low,ci_high,p_boot,replicates_defined,n_blocks,n_movement_rows,n_flip_rows,n_decisions,n_initials,statistic_id,quantity_label,full_sample_estimate,analysis_role
base,flip,NS_minus_NP,0.0034722222222222225,-0.006822612085769981,0.015376984126984128,0.5962,9999,490,1470,1461,56,170,near_tie_sensitivity|run=base|outcome=flip|quantity=NS_minus_NP,NS − NP,0.013745791245791245,sensitivity (|m_before| >= tau); full sample primary
base,flip,RP_minus_NP,0.0004960317460317458,-0.014181311413454231,0.013409961685823753,0.957,9999,488,976,976,56,170,near_tie_sensitivity|run=base|outcome=flip|quantity=RP_minus_NP,RP − NP,0.007348484848484848,sensitivity (|m_before| >= tau); full sample primary
base,flip,RS_minus_NS,-0.006200396825396824,-0.022417153996101363,0.006944444444444446,0.4218,9999,507,2028,1999,56,170,near_tie_sensitivity|run=base|outcome=flip|quantity=RS_minus_NS,RS − NS,-0.009617003367003366,sensitivity (|m_before| >= tau); full sample primary
base,flip,RS_minus_RP,-0.0002480158730158731,-0.008620689655172414,0.008385744234800837,0.9814,9999,503,1509,1501,56,170,near_tie_sensitivity|run=base|outcome=flip|quantity=RS_minus_RP,RS − RP,-0.0004629629629629627,sensitivity (|m_before| >= tau); full sample primary
base,flip,interaction,-0.0005298520923520926,-0.01434644768923353,0.012709754645915502,0.9796,9999,485,2910,2897,56,169,near_tie_sensitivity|run=base|outcome=flip|quantity=interaction,(RS − RP) − (NS − NP),-0.011115319865319865,sensitivity (|m_before| >= tau); full sample primary
base,movement,NS_minus_NP,0.11441282242063493,0.08658733603395062,0.14226787551440326,0.0002,9999,510,1530,0,56,170,near_tie_sensitivity|run=base|outcome=movement|quantity=NS_minus_NP,NS − NP,0.12342303240740742,sensitivity (|m_before| >= tau); full sample primary
base,movement,RP_minus_NP,0.3195374503968254,0.27761288231880804,0.36230901708743846,0.0002,9999,510,1020,0,56,170,near_tie_sensitivity|run=base|outcome=movement|quantity=RP_minus_NP,RP − NP,0.27285879629629634,sensitivity (|m_before| >= tau); full sample primary
base,movement,RS_minus_NS,0.18173363095238096,0.13951705322933772,0.22432459186159845,0.0002,9999,510,2040,0,56,170,near_tie_sensitivity|run=base|outcome=movement|quantity=RS_minus_NS,RS − NS,0.13684895833333333,sensitivity (|m_before| >= tau); full sample primary
base,movement,RS_minus_RP,-0.023390997023809527,-0.041578201192964126,-0.005694970538720546,0.007,9999,510,1530,0,56,170,near_tie_sensitivity|run=base|outcome=movement|quantity=RS_minus_RP,RS − RP,-0.012586805555555554,sensitivity (|m_before| >= tau); full sample primary
base,movement,interaction,-0.13780381944444445,-0.16390971658549783,-0.11203940446127948,0.0002,9999,510,3060,0,56,170,near_tie_sensitivity|run=base|outcome=movement|quantity=interaction,(RS − RP) − (NS − NP),-0.13600983796296298,sensitivity (|m_before| >= tau); full sample primary
instruct,flip,NS_minus_NP,0.0,0.0,0.0,1.0,9999,564,1692,1692,59,188,near_tie_sensitivity|run=instruct|outcome=flip|quantity=NS_minus_NP,NS − NP,0.0,sensitivity (|m_before| >= tau); full sample primary
instruct,flip,RP_minus_NP,0.0,0.0,0.0,1.0,9999,564,1128,1128,59,188,near_tie_sensitivity|run=instruct|outcome=flip|quantity=RP_minus_NP,RP − NP,0.0,sensitivity (|m_before| >= tau); full sample primary
instruct,flip,RS_minus_NS,0.0,0.0,0.0,1.0,9999,564,2256,2256,59,188,near_tie_sensitivity|run=instruct|outcome=flip|quantity=RS_minus_NS,RS − NS,0.0,sensitivity (|m_before| >= tau); full sample primary
instruct,flip,RS_minus_RP,0.0,0.0,0.0,1.0,9999,564,1692,1692,59,188,near_tie_sensitivity|run=instruct|outcome=flip|quantity=RS_minus_RP,RS − RP,0.0,sensitivity (|m_before| >= tau); full sample primary
instruct,flip,interaction,0.0,0.0,0.0,1.0,9999,564,3384,3384,59,188,near_tie_sensitivity|run=instruct|outcome=flip|quantity=interaction,(RS − RP) − (NS − NP),0.0,sensitivity (|m_before| >= tau); full sample primary
instruct,movement,NS_minus_NP,-0.7857226930320151,-0.8629001756404635,-0.7126280627157879,0.0002,9999,564,1692,0,59,188,near_tie_sensitivity|run=instruct|outcome=movement|quantity=NS_minus_NP,NS − NP,-0.7543113425925927,sensitivity (|m_before| >= tau); full sample primary
instruct,movement,RP_minus_NP,-0.18143832391713746,-0.25912423699904197,-0.10460805084745764,0.0002,9999,564,1128,0,59,188,near_tie_sensitivity|run=instruct|outcome=movement|quantity=RP_minus_NP,RP − NP,-0.18067129629629627,sensitivity (|m_before| >= tau); full sample primary
instruct,movement,RS_minus_NS,0.5791401836158192,0.47067609656065335,0.6887326388888888,0.0002,9999,564,2256,0,59,188,near_tie_sensitivity|run=instruct|outcome=movement|quantity=RS_minus_NS,RS − NS,0.5538773148148148,sensitivity (|m_before| >= tau); full sample primary
instruct,movement,RS_minus_RP,-0.02514418549905838,-0.06341145833333334,0.015079521871008876,0.2172,9999,564,1692,0,59,188,near_tie_sensitivity|run=instruct|outcome=movement|quantity=RS_minus_RP,RS − RP,-0.019762731481481485,sensitivity (|m_before| >= tau); full sample primary
instruct,movement,interaction,0.7605785075329566,0.6784938623077528,0.846486096144636,0.0002,9999,564,3384,0,59,188,near_tie_sensitivity|run=instruct|outcome=movement|quantity=interaction,(RS − RP) − (NS − NP),0.734548611111111,sensitivity (|m_before| >= tau); full sample primary
