run,outcome,comparison,quantity,estimate,ci_low,ci_high,p_boot,replicates_defined,n_blocks,n_movement_rows,n_flip_rows,n_decisions,n_initials,statistic_id,quantity_label,estimate_first,estimate_second
base,flip,directive_reconsideration_minus_stance_alternative,NS_minus_NP,0.004861111111111108,-0.011111111111111112,0.02222222222222222,0.6024,9999,454,1362,1349,60,234,opening_heterogeneity|run=base|outcome=flip|comparison=directive_reconsideration_minus_stance_alternative|quantity=NS_minus_NP,NS − NP,0.01736111111111111,0.0125
base,flip,directive_reconsideration_minus_stance_alternative,RP_minus_NP,0.0027777777777777757,-0.018055555555555557,0.024999999999999998,0.8476,9999,451,902,902,60,232,opening_heterogeneity|run=base|outcome=flip|comparison=directive_reconsideration_minus_stance_alternative|quantity=RP_minus_NP,RP − NP,0.00972222222222222,0.006944444444444445
base,flip,directive_reconsideration_minus_stance_alternative,RS_minus_NS,-0.0041666666666666675,-0.025,0.01597222222222222,0.7152,9999,467,1868,1831,60,235,opening_heterogeneity|run=base|outcome=flip|comparison=directive_reconsideration_minus_stance_alternative|quantity=RS_minus_NS,RS − NS,-0.01597222222222222,-0.011805555555555554
base,flip,directive_reconsideration_minus_stance_alternative,RS_minus_RP,0.0027777777777777775,-0.0125,0.020138888888888887,0.814,9999,464,1392,1377,60,235,opening_heterogeneity|run=base|outcome=flip|comparison=directive_reconsideration_minus_stance_alternative|quantity=RS_minus_RP,RS − RP,-0.0006944444444444448,-0.003472222222222222
base,flip,directive_reconsideration_minus_stance_alternative,interaction,-0.007638888888888888,-0.02777777777777778,0.012500000000000002,0.4714,9999,447,2682,2660,60,231,opening_heterogeneity|run=base|outcome=flip|comparison=directive_reconsideration_minus_stance_alternative|quantity=interaction,(RS − RP) − (NS − NP),-0.018055555555555554,-0.010416666666666666
base,flip,directive_reconsideration_minus_stance_disagreement,NS_minus_NP,0.006944444444444442,-0.008333333333333333,0.02361111111111111,0.4402,9999,454,1362,1355,60,234,opening_heterogeneity|run=base|outcome=flip|comparison=directive_reconsideration_minus_stance_disagreement|quantity=NS_minus_NP,NS − NP,0.01736111111111111,0.010416666666666666
base,flip,directive_reconsideration_minus_stance_disagreement,RP_minus_NP,0.005555555555555554,-0.015277777777777776,0.02638888888888889,0.6514,9999,449,898,898,60,233,opening_heterogeneity|run=base|outcome=flip|comparison=directive_reconsideration_minus_stance_disagreement|quantity=RP_minus_NP,RP − NP,0.00972222222222222,0.004166666666666667
base,flip,directive_reconsideration_minus_stance_disagreement,RS_minus_NS,-0.013888888888888888,-0.034027777777777775,0.002777777777777779,0.1352,9999,467,1868,1843,60,235,opening_heterogeneity|run=base|outcome=flip|comparison=directive_reconsideration_minus_stance_disagreement|quantity=RS_minus_NS,RS − NS,-0.01597222222222222,-0.0020833333333333333
base,flip,directive_reconsideration_minus_stance_disagreement,RS_minus_RP,-0.0020833333333333337,-0.01875,0.015277777777777777,0.7798,9999,460,1380,1371,60,233,opening_heterogeneity|run=base|outcome=flip|comparison=directive_reconsideration_minus_stance_disagreement|quantity=RS_minus_RP,RS − RP,-0.0006944444444444448,0.001388888888888889
base,flip,directive_reconsideration_minus_stance_disagreement,interaction,-0.011805555555555555,-0.027083333333333334,0.0013888888888888874,0.0902,9999,445,2670,2656,60,231,opening_heterogeneity|run=base|outcome=flip|comparison=directive_reconsideration_minus_stance_disagreement|quantity=interaction,(RS − RP) − (NS − NP),-0.018055555555555554,-0.0062499999999999995
base,flip,stance_alternative_minus_stance_disagreement,NS_minus_NP,0.0020833333333333346,-0.010416666666666666,0.014583333333333334,0.9026,9999,462,1386,1378,60,236,opening_heterogeneity|run=base|outcome=flip|comparison=stance_alternative_minus_stance_disagreement|quantity=NS_minus_NP,NS − NP,0.0125,0.010416666666666666
base,flip,stance_alternative_minus_stance_disagreement,RP_minus_NP,0.0027777777777777783,-0.0125,0.01666666666666667,0.8042,9999,456,912,912,60,236,opening_heterogeneity|run=base|outcome=flip|comparison=stance_alternative_minus_stance_disagreement|quantity=RP_minus_NP,RP − NP,0.006944444444444445,0.004166666666666667
base,flip,stance_alternative_minus_stance_disagreement,RS_minus_NS,-0.00972222222222222,-0.025,0.0020833333333333333,0.1626,9999,470,1880,1860,60,236,opening_heterogeneity|run=base|outcome=flip|comparison=stance_alternative_minus_stance_disagreement|quantity=RS_minus_NS,RS − NS,-0.011805555555555554,-0.0020833333333333333
base,flip,stance_alternative_minus_stance_disagreement,RS_minus_RP,-0.004861111111111111,-0.022916666666666665,0.011805555555555555,0.6276,9999,464,1392,1386,60,236,opening_heterogeneity|run=base|outcome=flip|comparison=stance_alternative_minus_stance_disagreement|quantity=RS_minus_RP,RS − RP,-0.003472222222222222,0.001388888888888889
base,flip,stance_alternative_minus_stance_disagreement,interaction,-0.004166666666666667,-0.02291666666666667,0.014583333333333334,0.662,9999,454,2724,2714,60,235,opening_heterogeneity|run=base|outcome=flip|comparison=stance_alternative_minus_stance_disagreement|quantity=interaction,(RS − RP) − (NS − NP),-0.010416666666666666,-0.0062499999999999995
base,movement,directive_reconsideration_minus_stance_alternative,NS_minus_NP,0.17816840277777776,0.1518207465277778,0.20512369791666665,0.0002,9999,474,1422,0,60,237,opening_heterogeneity|run=base|outcome=movement|comparison=directive_reconsideration_minus_stance_alternative|quantity=NS_minus_NP,NS − NP,0.196484375,0.01831597222222222
base,movement,directive_reconsideration_minus_stance_alternative,RP_minus_NP,0.09453124999999998,0.06562499999999999,0.12291666666666665,0.0002,9999,474,948,0,60,237,opening_heterogeneity|run=base|outcome=movement|comparison=directive_reconsideration_minus_stance_alternative|quantity=RP_minus_NP,RP − NP,0.3401909722222222,0.24565972222222224
base,movement,directive_reconsideration_minus_stance_alternative,RS_minus_NS,-0.043272569444444464,-0.07209201388888886,-0.014016927083333365,0.0032,9999,474,1896,0,60,237,opening_heterogeneity|run=base|outcome=movement|comparison=directive_reconsideration_minus_stance_alternative|quantity=RS_minus_NS,RS − NS,0.15325520833333334,0.1965277777777778
base,movement,directive_reconsideration_minus_stance_alternative,RS_minus_RP,0.040364583333333336,0.023307291666666667,0.05690104166666666,0.0002,9999,474,1422,0,60,237,opening_heterogeneity|run=base|outcome=movement|comparison=directive_reconsideration_minus_stance_alternative|quantity=RS_minus_RP,RS − RP,0.00954861111111111,-0.030815972222222224
base,movement,directive_reconsideration_minus_stance_alternative,interaction,-0.13780381944444448,-0.16475694444444444,-0.11167534722222223,0.0002,9999,474,2844,0,60,237,opening_heterogeneity|run=base|outcome=movement|comparison=directive_reconsideration_minus_stance_alternative|quantity=interaction,(RS − RP) − (NS − NP),-0.1869357638888889,-0.04913194444444444
base,movement,directive_reconsideration_minus_stance_disagreement,NS_minus_NP,0.041015625,0.01857638888888888,0.06536458333333334,0.0002,9999,474,1422,0,60,237,opening_heterogeneity|run=base|outcome=movement|comparison=directive_reconsideration_minus_stance_disagreement|quantity=NS_minus_NP,NS − NP,0.196484375,0.15546875
base,movement,directive_reconsideration_minus_stance_disagreement,RP_minus_NP,0.10746527777777776,0.07065538194444441,0.14392361111111113,0.0002,9999,474,948,0,60,237,opening_heterogeneity|run=base|outcome=movement|comparison=directive_reconsideration_minus_stance_disagreement|quantity=RP_minus_NP,RP − NP,0.3401909722222222,0.23272569444444446
base,movement,directive_reconsideration_minus_stance_disagreement,RS_minus_NS,0.09249131944444444,0.06514756944444444,0.119140625,0.0002,9999,474,1896,0,60,237,opening_heterogeneity|run=base|outcome=movement|comparison=directive_reconsideration_minus_stance_disagreement|quantity=RS_minus_NS,RS − NS,0.15325520833333334,0.06076388888888889
base,movement,directive_reconsideration_minus_stance_disagreement,RS_minus_RP,0.026041666666666664,0.008072916666666671,0.043532986111111116,0.007,9999,474,1422,0,60,237,opening_heterogeneity|run=base|outcome=movement|comparison=directive_reconsideration_minus_stance_disagreement|quantity=RS_minus_RP,RS − RP,0.00954861111111111,-0.016493055555555556
base,movement,directive_reconsideration_minus_stance_disagreement,interaction,-0.01497395833333337,-0.03880425347222225,0.007554253472222206,0.206,9999,474,2844,0,60,237,opening_heterogeneity|run=base|outcome=movement|comparison=directive_reconsideration_minus_stance_disagreement|quantity=interaction,(RS − RP) − (NS − NP),-0.1869357638888889,-0.17196180555555554
base,movement,stance_alternative_minus_stance_disagreement,NS_minus_NP,-0.13715277777777776,-0.16410807291666665,-0.10954861111111114,0.0002,9999,474,1422,0,60,237,opening_heterogeneity|run=base|outcome=movement|comparison=stance_alternative_minus_stance_disagreement|quantity=NS_minus_NP,NS − NP,0.01831597222222222,0.15546875
base,movement,stance_alternative_minus_stance_disagreement,RP_minus_NP,0.012934027777777773,-0.01649305555555558,0.040885416666666674,0.3926,9999,474,948,0,60,237,opening_heterogeneity|run=base|outcome=movement|comparison=stance_alternative_minus_stance_disagreement|quantity=RP_minus_NP,RP − NP,0.24565972222222224,0.23272569444444446
base,movement,stance_alternative_minus_stance_disagreement,RS_minus_NS,0.1357638888888889,0.11102430555555559,0.1609375,0.0002,9999,474,1896,0,60,237,opening_heterogeneity|run=base|outcome=movement|comparison=stance_alternative_minus_stance_disagreement|quantity=RS_minus_NS,RS − NS,0.1965277777777778,0.06076388888888889
base,movement,stance_alternative_minus_stance_disagreement,RS_minus_RP,-0.014322916666666668,-0.029906684027777776,0.0011718749999999995,0.0692,9999,474,1422,0,60,237,opening_heterogeneity|run=base|outcome=movement|comparison=stance_alternative_minus_stance_disagreement|quantity=RS_minus_RP,RS − RP,-0.030815972222222224,-0.016493055555555556
base,movement,stance_alternative_minus_stance_disagreement,interaction,0.1228298611111111,0.09544270833333335,0.15134548611111112,0.0002,9999,474,2844,0,60,237,opening_heterogeneity|run=base|outcome=movement|comparison=stance_alternative_minus_stance_disagreement|quantity=interaction,(RS − RP) − (NS − NP),-0.04913194444444444,-0.17196180555555554
instruct,flip,directive_reconsideration_minus_stance_alternative,NS_minus_NP,0.0,0.0,0.0,1.0,9999,460,1380,1380,60,230,opening_heterogeneity|run=instruct|outcome=flip|comparison=directive_reconsideration_minus_stance_alternative|quantity=NS_minus_NP,NS − NP,0.0,0.0
instruct,flip,directive_reconsideration_minus_stance_alternative,RP_minus_NP,0.0,0.0,0.0,1.0,9999,460,920,920,60,230,opening_heterogeneity|run=instruct|outcome=flip|comparison=directive_reconsideration_minus_stance_alternative|quantity=RP_minus_NP,RP − NP,0.0,0.0
instruct,flip,directive_reconsideration_minus_stance_alternative,RS_minus_NS,0.0,0.0,0.0,1.0,9999,460,1840,1840,60,230,opening_heterogeneity|run=instruct|outcome=flip|comparison=directive_reconsideration_minus_stance_alternative|quantity=RS_minus_NS,RS − NS,0.0,0.0
instruct,flip,directive_reconsideration_minus_stance_alternative,RS_minus_RP,0.0,0.0,0.0,1.0,9999,460,1380,1380,60,230,opening_heterogeneity|run=instruct|outcome=flip|comparison=directive_reconsideration_minus_stance_alternative|quantity=RS_minus_RP,RS − RP,0.0,0.0
instruct,flip,directive_reconsideration_minus_stance_alternative,interaction,0.0,0.0,0.0,1.0,9999,460,2760,2760,60,230,opening_heterogeneity|run=instruct|outcome=flip|comparison=directive_reconsideration_minus_stance_alternative|quantity=interaction,(RS − RP) − (NS − NP),0.0,0.0
instruct,flip,directive_reconsideration_minus_stance_disagreement,NS_minus_NP,0.0,0.0,0.0,1.0,9999,460,1380,1380,60,230,opening_heterogeneity|run=instruct|outcome=flip|comparison=directive_reconsideration_minus_stance_disagreement|quantity=NS_minus_NP,NS − NP,0.0,0.0
instruct,flip,directive_reconsideration_minus_stance_disagreement,RP_minus_NP,0.0,0.0,0.0,1.0,9999,460,920,920,60,230,opening_heterogeneity|run=instruct|outcome=flip|comparison=directive_reconsideration_minus_stance_disagreement|quantity=RP_minus_NP,RP − NP,0.0,0.0
instruct,flip,directive_reconsideration_minus_stance_disagreement,RS_minus_NS,0.0,0.0,0.0,1.0,9999,460,1840,1840,60,230,opening_heterogeneity|run=instruct|outcome=flip|comparison=directive_reconsideration_minus_stance_disagreement|quantity=RS_minus_NS,RS − NS,0.0,0.0
instruct,flip,directive_reconsideration_minus_stance_disagreement,RS_minus_RP,0.0,0.0,0.0,1.0,9999,460,1380,1380,60,230,opening_heterogeneity|run=instruct|outcome=flip|comparison=directive_reconsideration_minus_stance_disagreement|quantity=RS_minus_RP,RS − RP,0.0,0.0
instruct,flip,directive_reconsideration_minus_stance_disagreement,interaction,0.0,0.0,0.0,1.0,9999,460,2760,2760,60,230,opening_heterogeneity|run=instruct|outcome=flip|comparison=directive_reconsideration_minus_stance_disagreement|quantity=interaction,(RS − RP) − (NS − NP),0.0,0.0
instruct,flip,stance_alternative_minus_stance_disagreement,NS_minus_NP,0.0,0.0,0.0,1.0,9999,460,1380,1380,60,230,opening_heterogeneity|run=instruct|outcome=flip|comparison=stance_alternative_minus_stance_disagreement|quantity=NS_minus_NP,NS − NP,0.0,0.0
instruct,flip,stance_alternative_minus_stance_disagreement,RP_minus_NP,0.0,0.0,0.0,1.0,9999,460,920,920,60,230,opening_heterogeneity|run=instruct|outcome=flip|comparison=stance_alternative_minus_stance_disagreement|quantity=RP_minus_NP,RP − NP,0.0,0.0
instruct,flip,stance_alternative_minus_stance_disagreement,RS_minus_NS,0.0,0.0,0.0,1.0,9999,460,1840,1840,60,230,opening_heterogeneity|run=instruct|outcome=flip|comparison=stance_alternative_minus_stance_disagreement|quantity=RS_minus_NS,RS − NS,0.0,0.0
instruct,flip,stance_alternative_minus_stance_disagreement,RS_minus_RP,0.0,0.0,0.0,1.0,9999,460,1380,1380,60,230,opening_heterogeneity|run=instruct|outcome=flip|comparison=stance_alternative_minus_stance_disagreement|quantity=RS_minus_RP,RS − RP,0.0,0.0
instruct,flip,stance_alternative_minus_stance_disagreement,interaction,0.0,0.0,0.0,1.0,9999,460,2760,2760,60,230,opening_heterogeneity|run=instruct|outcome=flip|comparison=stance_alternative_minus_stance_disagreement|quantity=interaction,(RS − RP) − (NS − NP),0.0,0.0
instruct,movement,directive_reconsideration_minus_stance_alternative,NS_minus_NP,0.040017361111111094,-0.03962890624999989,0.1203146701388888,0.3264,9999,460,1380,0,60,230,opening_heterogeneity|run=instruct|outcome=movement|comparison=directive_reconsideration_minus_stance_alternative|quantity=NS_minus_NP,NS − NP,-0.790798611111111,-0.8308159722222221
instruct,movement,directive_reconsideration_minus_stance_alternative,RP_minus_NP,0.13567708333333334,0.05329427083333344,0.2168402777777778,0.0014,9999,460,920,0,60,230,opening_heterogeneity|run=instruct|outcome=movement|comparison=directive_reconsideration_minus_stance_alternative|quantity=RP_minus_NP,RP − NP,-0.19348958333333333,-0.32916666666666666
instruct,movement,directive_reconsideration_minus_stance_alternative,RS_minus_NS,0.19236111111111098,0.12335069444444446,0.25851562499999986,0.0002,9999,460,1840,0,60,230,opening_heterogeneity|run=instruct|outcome=movement|comparison=directive_reconsideration_minus_stance_alternative|quantity=RS_minus_NS,RS − NS,0.6883680555555555,0.4960069444444445
instruct,movement,directive_reconsideration_minus_stance_alternative,RS_minus_RP,0.09670138888888889,0.06414930555555556,0.12934027777777776,0.0002,9999,460,1380,0,60,230,opening_heterogeneity|run=instruct|outcome=movement|comparison=directive_reconsideration_minus_stance_alternative|quantity=RS_minus_RP,RS − RP,0.09105902777777779,-0.00564236111111111
instruct,movement,directive_reconsideration_minus_stance_alternative,interaction,0.0566840277777777,-0.03489800347222224,0.1474826388888889,0.2322,9999,460,2760,0,60,230,opening_heterogeneity|run=instruct|outcome=movement|comparison=directive_reconsideration_minus_stance_alternative|quantity=interaction,(RS − RP) − (NS − NP),0.8818576388888888,0.8251736111111111
instruct,movement,directive_reconsideration_minus_stance_disagreement,NS_minus_NP,-0.1494791666666665,-0.21086805555555552,-0.08901475694444441,0.0002,9999,460,1380,0,60,230,opening_heterogeneity|run=instruct|outcome=movement|comparison=directive_reconsideration_minus_stance_disagreement|quantity=NS_minus_NP,NS − NP,-0.790798611111111,-0.6413194444444446
instruct,movement,directive_reconsideration_minus_stance_disagreement,RP_minus_NP,-0.17413194444444444,-0.23689236111111112,-0.10945746527777783,0.0002,9999,460,920,0,60,230,opening_heterogeneity|run=instruct|outcome=movement|comparison=directive_reconsideration_minus_stance_disagreement|quantity=RP_minus_NP,RP − NP,-0.19348958333333333,-0.019357638888888883
instruct,movement,directive_reconsideration_minus_stance_disagreement,RS_minus_NS,0.21111111111111108,0.16684027777777777,0.2551649305555556,0.0002,9999,460,1840,0,60,230,opening_heterogeneity|run=instruct|outcome=movement|comparison=directive_reconsideration_minus_stance_disagreement|quantity=RS_minus_NS,RS − NS,0.6883680555555555,0.4772569444444444
instruct,movement,directive_reconsideration_minus_stance_disagreement,RS_minus_RP,0.23576388888888894,0.20060763888888888,0.27065972222222223,0.0002,9999,460,1380,0,60,230,opening_heterogeneity|run=instruct|outcome=movement|comparison=directive_reconsideration_minus_stance_disagreement|quantity=RS_minus_RP,RS − RP,0.09105902777777779,-0.14470486111111114
instruct,movement,directive_reconsideration_minus_stance_disagreement,interaction,0.38524305555555544,0.32434678819444446,0.44492187499999997,0.0002,9999,460,2760,0,60,230,opening_heterogeneity|run=instruct|outcome=movement|comparison=directive_reconsideration_minus_stance_disagreement|quantity=interaction,(RS − RP) − (NS − NP),0.8818576388888888,0.49661458333333336
instruct,movement,stance_alternative_minus_stance_disagreement,NS_minus_NP,-0.1894965277777776,-0.2657118055555556,-0.11688151041666668,0.0002,9999,460,1380,0,60,230,opening_heterogeneity|run=instruct|outcome=movement|comparison=stance_alternative_minus_stance_disagreement|quantity=NS_minus_NP,NS − NP,-0.8308159722222221,-0.6413194444444446
instruct,movement,stance_alternative_minus_stance_disagreement,RP_minus_NP,-0.3098090277777778,-0.3706597222222222,-0.25042968750000005,0.0002,9999,460,920,0,60,230,opening_heterogeneity|run=instruct|outcome=movement|comparison=stance_alternative_minus_stance_disagreement|quantity=RP_minus_NP,RP − NP,-0.32916666666666666,-0.019357638888888883
instruct,movement,stance_alternative_minus_stance_disagreement,RS_minus_NS,0.0187500000000001,-0.0442773437499999,0.0861545138888889,0.5666,9999,460,1840,0,60,230,opening_heterogeneity|run=instruct|outcome=movement|comparison=stance_alternative_minus_stance_disagreement|quantity=RS_minus_NS,RS − NS,0.4960069444444445,0.4772569444444444
instruct,movement,stance_alternative_minus_stance_disagreement,RS_minus_RP,0.13906250000000003,0.10360243055555557,0.17534939236111108,0.0002,9999,460,1380,0,60,230,opening_heterogeneity|run=instruct|outcome=movement|comparison=stance_alternative_minus_stance_disagreement|quantity=RS_minus_RP,RS − RP,-0.00564236111111111,-0.14470486111111114
instruct,movement,stance_alternative_minus_stance_disagreement,interaction,0.32855902777777773,0.2499544270833332,0.4099869791666666,0.0002,9999,460,2760,0,60,230,opening_heterogeneity|run=instruct|outcome=movement|comparison=stance_alternative_minus_stance_disagreement|quantity=interaction,(RS − RP) − (NS − NP),0.8251736111111111,0.49661458333333336
