run,outcome,comparison,quantity,estimate,ci_low,ci_high,p_boot,replicates_defined,n_blocks,n_movement_rows,n_flip_rows,n_decisions,n_initials,statistic_id,quantity_label,estimate_first,estimate_second,same_sign,both_intervals_exclude_zero_same_side
base,flip,o1_minus_o2,NS_minus_NP,-0.03527777777777777,-0.06444444444444444,-0.011638888888889292,0.0012,9999,685,2055,2041,60,237,order_heterogeneity|run=base|outcome=flip|comparison=o1_minus_o2|quantity=NS_minus_NP,NS − NP,-0.0027777777777777775,0.032499999999999994,False,False
base,flip,o1_minus_o2,RP_minus_NP,-0.004444444444444443,-0.03888888888888888,0.03111111111111112,0.798,9999,678,1356,1356,60,236,order_heterogeneity|run=base|outcome=flip|comparison=o1_minus_o2|quantity=RP_minus_NP,RP − NP,0.004166666666666667,0.00861111111111111,True,False
base,flip,o1_minus_o2,RS_minus_NS,0.02972222222222222,0.006111111111111111,0.06027777777777778,0.0086,9999,702,2808,2767,60,236,order_heterogeneity|run=base|outcome=flip|comparison=o1_minus_o2|quantity=RS_minus_NS,RS − NS,0.004166666666666667,-0.025555555555555554,False,False
base,flip,o1_minus_o2,RS_minus_RP,-0.004166666666666667,-0.029166666666666667,0.018055555555555554,0.7172,9999,694,2082,2067,60,236,order_heterogeneity|run=base|outcome=flip|comparison=o1_minus_o2|quantity=RS_minus_RP,RS − RP,-0.0013888888888888887,0.002777777777777778,False,False
base,flip,o1_minus_o2,interaction,0.028611111111111108,-0.0030555555555555557,0.06694444444444445,0.0872,9999,673,4038,4015,60,235,order_heterogeneity|run=base|outcome=flip|comparison=o1_minus_o2|quantity=interaction,(RS − RP) − (NS − NP),0.0013888888888888887,-0.02722222222222222,False,False
base,movement,o1_minus_o2,NS_minus_NP,0.012760416666666663,-0.032986111111111105,0.05850694444444446,0.5848,9999,711,2133,0,60,237,order_heterogeneity|run=base|outcome=movement|comparison=o1_minus_o2|quantity=NS_minus_NP,NS − NP,0.12855902777777778,0.11579861111111112,True,True
base,movement,o1_minus_o2,RP_minus_NP,0.1498263888888889,0.08211805555555551,0.21857638888888875,0.0002,9999,711,1422,0,60,237,order_heterogeneity|run=base|outcome=movement|comparison=o1_minus_o2|quantity=RP_minus_NP,RP − NP,0.3453125,0.1954861111111111,True,True
base,movement,o1_minus_o2,RS_minus_NS,0.11154513888888888,0.043923611111111135,0.18012152777777785,0.0016,9999,711,2844,0,60,237,order_heterogeneity|run=base|outcome=movement|comparison=o1_minus_o2|quantity=RS_minus_NS,RS − NS,0.19140625,0.07986111111111112,True,True
base,movement,o1_minus_o2,RS_minus_RP,-0.025520833333333336,-0.05963541666666667,0.008862847222222092,0.1488,9999,711,2133,0,60,237,order_heterogeneity|run=base|outcome=movement|comparison=o1_minus_o2|quantity=RS_minus_RP,RS − RP,-0.025347222222222226,0.0001736111111111105,False,False
base,movement,o1_minus_o2,interaction,-0.038281249999999975,-0.08124999999999995,0.005386284722222171,0.0838,9999,711,4266,0,60,237,order_heterogeneity|run=base|outcome=movement|comparison=o1_minus_o2|quantity=interaction,(RS − RP) − (NS − NP),-0.15390625,-0.11562500000000002,True,True
instruct,flip,o1_minus_o2,NS_minus_NP,0.0,0.0,0.0,1.0,9999,690,2070,2070,60,230,order_heterogeneity|run=instruct|outcome=flip|comparison=o1_minus_o2|quantity=NS_minus_NP,NS − NP,0.0,0.0,True,False
instruct,flip,o1_minus_o2,RP_minus_NP,0.0,0.0,0.0,1.0,9999,690,1380,1380,60,230,order_heterogeneity|run=instruct|outcome=flip|comparison=o1_minus_o2|quantity=RP_minus_NP,RP − NP,0.0,0.0,True,False
instruct,flip,o1_minus_o2,RS_minus_NS,0.0,0.0,0.0,1.0,9999,690,2760,2760,60,230,order_heterogeneity|run=instruct|outcome=flip|comparison=o1_minus_o2|quantity=RS_minus_NS,RS − NS,0.0,0.0,True,False
instruct,flip,o1_minus_o2,RS_minus_RP,0.0,0.0,0.0,1.0,9999,690,2070,2070,60,230,order_heterogeneity|run=instruct|outcome=flip|comparison=o1_minus_o2|quantity=RS_minus_RP,RS − RP,0.0,0.0,True,False
instruct,flip,o1_minus_o2,interaction,0.0,0.0,0.0,1.0,9999,690,4140,4140,60,230,order_heterogeneity|run=instruct|outcome=flip|comparison=o1_minus_o2|quantity=interaction,(RS − RP) − (NS − NP),0.0,0.0,True,False
instruct,movement,o1_minus_o2,NS_minus_NP,-0.04652777777777761,-0.10703559027777798,0.011979166666666768,0.1228,9999,690,2070,0,60,230,order_heterogeneity|run=instruct|outcome=movement|comparison=o1_minus_o2|quantity=NS_minus_NP,NS − NP,-0.774392361111111,-0.7278645833333334,True,True
instruct,movement,o1_minus_o2,RP_minus_NP,0.016840277777777773,-0.06042534722222211,0.09167534722222212,0.676,9999,690,1380,0,60,230,order_heterogeneity|run=instruct|outcome=movement|comparison=o1_minus_o2|quantity=RP_minus_NP,RP − NP,-0.16996527777777776,-0.18680555555555553,True,True
instruct,movement,o1_minus_o2,RS_minus_NS,0.05381944444444453,-0.019357638888888862,0.12899305555555546,0.1552,9999,690,2760,0,60,230,order_heterogeneity|run=instruct|outcome=movement|comparison=o1_minus_o2|quantity=RS_minus_NS,RS − NS,0.5801215277777778,0.5263020833333333,True,True
instruct,movement,o1_minus_o2,RS_minus_RP,-0.009548611111111115,-0.057122395833333305,0.03697916666666667,0.713,9999,690,2070,0,60,230,order_heterogeneity|run=instruct|outcome=movement|comparison=o1_minus_o2|quantity=RS_minus_RP,RS − RP,-0.02430555555555556,-0.014756944444444444,True,False
instruct,movement,o1_minus_o2,interaction,0.03697916666666645,-0.03134114583333347,0.10208333333333308,0.284,9999,690,4140,0,60,230,order_heterogeneity|run=instruct|outcome=movement|comparison=o1_minus_o2|quantity=interaction,(RS − RP) − (NS − NP),0.7500868055555555,0.7131076388888891,True,True
