run,condition,marker_id,opening_id,movement_rows,exact_post_ties,flip_defined_rows,exact_post_ties_pct
ab_bfirst,NS,m01_therefore,directive_reconsideration,40,5,35,12.5
ab_bfirst,RS,m01_therefore,directive_reconsideration,40,2,38,5.0
ab_bfirst,NS,m02_consequently,directive_reconsideration,41,7,34,17.073170731707318
ab_bfirst,RS,m02_consequently,directive_reconsideration,41,4,37,9.75609756097561
ab_bfirst,NS,m03_thus,directive_reconsideration,42,3,39,7.142857142857143
ab_bfirst,RS,m03_thus,directive_reconsideration,42,3,39,7.142857142857143
ab_bfirst,NS,m04_accordingly,directive_reconsideration,36,6,30,16.666666666666668
ab_bfirst,RS,m04_accordingly,directive_reconsideration,36,4,32,11.11111111111111
ab_bfirst,NS,m05_for_this_reason,directive_reconsideration,38,1,37,2.6315789473684212
ab_bfirst,RS,m05_for_this_reason,directive_reconsideration,38,0,38,0.0
ab_bfirst,NS,m06_that_is_why,directive_reconsideration,37,2,35,5.405405405405405
ab_bfirst,RS,m06_that_is_why,directive_reconsideration,37,2,35,5.405405405405405
ab_bfirst,NS,m07_this_implies_that,directive_reconsideration,39,3,36,7.6923076923076925
ab_bfirst,RS,m07_this_implies_that,directive_reconsideration,39,2,37,5.128205128205129
ab_bfirst,NS,m08_it_follows_that,directive_reconsideration,38,2,36,5.2631578947368425
ab_bfirst,RS,m08_it_follows_that,directive_reconsideration,38,3,35,7.894736842105263
ab_bfirst,NS,m09_on_that_basis,directive_reconsideration,39,3,36,7.6923076923076925
ab_bfirst,RS,m09_on_that_basis,directive_reconsideration,39,1,38,2.5641025641025643
ab_bfirst,NS,m10_based_on_this,directive_reconsideration,37,4,33,10.81081081081081
ab_bfirst,RS,m10_based_on_this,directive_reconsideration,37,3,34,8.108108108108109
ab_bfirst,NS,m11_given_this,directive_reconsideration,41,2,39,4.878048780487805
ab_bfirst,RS,m11_given_this,directive_reconsideration,41,0,41,0.0
ab_bfirst,NS,m12_in_view_of_this,directive_reconsideration,40,2,38,5.0
ab_bfirst,RS,m12_in_view_of_this,directive_reconsideration,40,7,33,17.5
ab_bfirst,NP,none,directive_reconsideration,234,29,205,12.393162393162394
ab_bfirst,RP,none,directive_reconsideration,234,11,223,4.700854700854701
ab_bfirst,NS,m01_therefore,stance_alternative,40,1,39,2.5
ab_bfirst,RS,m01_therefore,stance_alternative,40,3,37,7.5
ab_bfirst,NS,m02_consequently,stance_alternative,41,3,38,7.317073170731708
ab_bfirst,RS,m02_consequently,stance_alternative,41,1,40,2.4390243902439024
ab_bfirst,NS,m03_thus,stance_alternative,42,2,40,4.761904761904762
ab_bfirst,RS,m03_thus,stance_alternative,42,2,40,4.761904761904762
ab_bfirst,NS,m04_accordingly,stance_alternative,36,4,32,11.11111111111111
ab_bfirst,RS,m04_accordingly,stance_alternative,36,5,31,13.88888888888889
ab_bfirst,NS,m05_for_this_reason,stance_alternative,38,0,38,0.0
ab_bfirst,RS,m05_for_this_reason,stance_alternative,38,1,37,2.6315789473684212
ab_bfirst,NS,m06_that_is_why,stance_alternative,37,4,33,10.81081081081081
ab_bfirst,RS,m06_that_is_why,stance_alternative,37,2,35,5.405405405405405
ab_bfirst,NS,m07_this_implies_that,stance_alternative,39,6,33,15.384615384615385
ab_bfirst,RS,m07_this_implies_that,stance_alternative,39,3,36,7.6923076923076925
ab_bfirst,NS,m08_it_follows_that,stance_alternative,38,4,34,10.526315789473685
ab_bfirst,RS,m08_it_follows_that,stance_alternative,38,1,37,2.6315789473684212
ab_bfirst,NS,m09_on_that_basis,stance_alternative,39,3,36,7.6923076923076925
ab_bfirst,RS,m09_on_that_basis,stance_alternative,39,2,37,5.128205128205129
ab_bfirst,NS,m10_based_on_this,stance_alternative,37,4,33,10.81081081081081
ab_bfirst,RS,m10_based_on_this,stance_alternative,37,1,36,2.7027027027027026
ab_bfirst,NS,m11_given_this,stance_alternative,41,2,39,4.878048780487805
ab_bfirst,RS,m11_given_this,stance_alternative,41,1,40,2.4390243902439024
ab_bfirst,NS,m12_in_view_of_this,stance_alternative,40,3,37,7.5
ab_bfirst,RS,m12_in_view_of_this,stance_alternative,40,3,37,7.5
ab_bfirst,NP,none,stance_alternative,234,18,216,7.6923076923076925
ab_bfirst,RP,none,stance_alternative,234,13,221,5.555555555555555
ab_bfirst,NS,m01_therefore,stance_disagreement,40,4,36,10.0
ab_bfirst,RS,m01_therefore,stance_disagreement,40,1,39,2.5
ab_bfirst,NS,m02_consequently,stance_disagreement,41,3,38,7.317073170731708
ab_bfirst,RS,m02_consequently,stance_disagreement,41,2,39,4.878048780487805
ab_bfirst,NS,m03_thus,stance_disagreement,42,3,39,7.142857142857143
ab_bfirst,RS,m03_thus,stance_disagreement,42,5,37,11.904761904761905
ab_bfirst,NS,m04_accordingly,stance_disagreement,36,3,33,8.333333333333334
ab_bfirst,RS,m04_accordingly,stance_disagreement,36,3,33,8.333333333333334
ab_bfirst,NS,m05_for_this_reason,stance_disagreement,38,3,35,7.894736842105263
ab_bfirst,RS,m05_for_this_reason,stance_disagreement,38,1,37,2.6315789473684212
ab_bfirst,NS,m06_that_is_why,stance_disagreement,37,5,32,13.513513513513514
ab_bfirst,RS,m06_that_is_why,stance_disagreement,37,2,35,5.405405405405405
ab_bfirst,NS,m07_this_implies_that,stance_disagreement,39,7,32,17.94871794871795
ab_bfirst,RS,m07_this_implies_that,stance_disagreement,39,4,35,10.256410256410257
ab_bfirst,NS,m08_it_follows_that,stance_disagreement,38,1,37,2.6315789473684212
ab_bfirst,RS,m08_it_follows_that,stance_disagreement,38,3,35,7.894736842105263
ab_bfirst,NS,m09_on_that_basis,stance_disagreement,39,3,36,7.6923076923076925
ab_bfirst,RS,m09_on_that_basis,stance_disagreement,39,1,38,2.5641025641025643
ab_bfirst,NS,m10_based_on_this,stance_disagreement,37,1,36,2.7027027027027026
ab_bfirst,RS,m10_based_on_this,stance_disagreement,37,2,35,5.405405405405405
ab_bfirst,NS,m11_given_this,stance_disagreement,41,0,41,0.0
ab_bfirst,RS,m11_given_this,stance_disagreement,41,0,41,0.0
ab_bfirst,NS,m12_in_view_of_this,stance_disagreement,40,2,38,5.0
ab_bfirst,RS,m12_in_view_of_this,stance_disagreement,40,1,39,2.5
ab_bfirst,NP,none,stance_disagreement,234,15,219,6.410256410256411
ab_bfirst,RP,none,stance_disagreement,234,10,224,4.273504273504273
base,NS,m01_therefore,directive_reconsideration,42,1,41,2.380952380952381
base,RS,m01_therefore,directive_reconsideration,42,1,41,2.380952380952381
base,NS,m02_consequently,directive_reconsideration,42,0,42,0.0
base,RS,m02_consequently,directive_reconsideration,42,4,38,9.523809523809524
base,NS,m03_thus,directive_reconsideration,41,0,41,0.0
base,RS,m03_thus,directive_reconsideration,41,2,39,4.878048780487805
base,NS,m04_accordingly,directive_reconsideration,36,2,34,5.555555555555555
base,RS,m04_accordingly,directive_reconsideration,36,1,35,2.7777777777777777
base,NS,m05_for_this_reason,directive_reconsideration,39,1,38,2.5641025641025643
base,RS,m05_for_this_reason,directive_reconsideration,39,1,38,2.5641025641025643
base,NS,m06_that_is_why,directive_reconsideration,37,3,34,8.108108108108109
base,RS,m06_that_is_why,directive_reconsideration,37,4,33,10.81081081081081
base,NS,m07_this_implies_that,directive_reconsideration,40,2,38,5.0
base,RS,m07_this_implies_that,directive_reconsideration,40,0,40,0.0
base,NS,m08_it_follows_that,directive_reconsideration,40,2,38,5.0
base,RS,m08_it_follows_that,directive_reconsideration,40,2,38,5.0
base,NS,m09_on_that_basis,directive_reconsideration,41,0,41,0.0
base,RS,m09_on_that_basis,directive_reconsideration,41,2,39,4.878048780487805
base,NS,m10_based_on_this,directive_reconsideration,38,1,37,2.6315789473684212
base,RS,m10_based_on_this,directive_reconsideration,38,1,37,2.6315789473684212
base,NS,m11_given_this,directive_reconsideration,39,1,38,2.5641025641025643
base,RS,m11_given_this,directive_reconsideration,39,2,37,5.128205128205129
base,NS,m12_in_view_of_this,directive_reconsideration,39,0,39,0.0
base,RS,m12_in_view_of_this,directive_reconsideration,39,0,39,0.0
base,NP,none,directive_reconsideration,237,13,224,5.485232067510548
base,RP,none,directive_reconsideration,237,4,233,1.6877637130801688
base,NS,m01_therefore,stance_alternative,42,0,42,0.0
base,RS,m01_therefore,stance_alternative,42,1,41,2.380952380952381
base,NS,m02_consequently,stance_alternative,42,2,40,4.761904761904762
base,RS,m02_consequently,stance_alternative,42,2,40,4.761904761904762
base,NS,m03_thus,stance_alternative,41,2,39,4.878048780487805
base,RS,m03_thus,stance_alternative,41,1,40,2.4390243902439024
base,NS,m04_accordingly,stance_alternative,36,1,35,2.7777777777777777
base,RS,m04_accordingly,stance_alternative,36,0,36,0.0
base,NS,m05_for_this_reason,stance_alternative,39,1,38,2.5641025641025643
base,RS,m05_for_this_reason,stance_alternative,39,0,39,0.0
base,NS,m06_that_is_why,stance_alternative,37,0,37,0.0
base,RS,m06_that_is_why,stance_alternative,37,2,35,5.405405405405405
base,NS,m07_this_implies_that,stance_alternative,40,2,38,5.0
base,RS,m07_this_implies_that,stance_alternative,40,0,40,0.0
base,NS,m08_it_follows_that,stance_alternative,40,1,39,2.5
base,RS,m08_it_follows_that,stance_alternative,40,1,39,2.5
base,NS,m09_on_that_basis,stance_alternative,41,1,40,2.4390243902439024
base,RS,m09_on_that_basis,stance_alternative,41,0,41,0.0
base,NS,m10_based_on_this,stance_alternative,38,1,37,2.6315789473684212
base,RS,m10_based_on_this,stance_alternative,38,0,38,0.0
base,NS,m11_given_this,stance_alternative,39,1,38,2.5641025641025643
base,RS,m11_given_this,stance_alternative,39,2,37,5.128205128205129
base,NS,m12_in_view_of_this,stance_alternative,39,1,38,2.5641025641025643
base,RS,m12_in_view_of_this,stance_alternative,39,0,39,0.0
base,NP,none,stance_alternative,237,5,232,2.109704641350211
base,RP,none,stance_alternative,237,3,234,1.2658227848101267
base,NS,m01_therefore,stance_disagreement,42,0,42,0.0
base,RS,m01_therefore,stance_disagreement,42,0,42,0.0
base,NS,m02_consequently,stance_disagreement,42,1,41,2.380952380952381
base,RS,m02_consequently,stance_disagreement,42,2,40,4.761904761904762
base,NS,m03_thus,stance_disagreement,41,0,41,0.0
base,RS,m03_thus,stance_disagreement,41,2,39,4.878048780487805
base,NS,m04_accordingly,stance_disagreement,36,0,36,0.0
base,RS,m04_accordingly,stance_disagreement,36,0,36,0.0
base,NS,m05_for_this_reason,stance_disagreement,39,0,39,0.0
base,RS,m05_for_this_reason,stance_disagreement,39,0,39,0.0
base,NS,m06_that_is_why,stance_disagreement,37,0,37,0.0
base,RS,m06_that_is_why,stance_disagreement,37,0,37,0.0
base,NS,m07_this_implies_that,stance_disagreement,40,2,38,5.0
base,RS,m07_this_implies_that,stance_disagreement,40,0,40,0.0
base,NS,m08_it_follows_that,stance_disagreement,40,0,40,0.0
base,RS,m08_it_follows_that,stance_disagreement,40,0,40,0.0
base,NS,m09_on_that_basis,stance_disagreement,41,0,41,0.0
base,RS,m09_on_that_basis,stance_disagreement,41,1,40,2.4390243902439024
base,NS,m10_based_on_this,stance_disagreement,38,0,38,0.0
base,RS,m10_based_on_this,stance_disagreement,38,0,38,0.0
base,NS,m11_given_this,stance_disagreement,39,1,38,2.5641025641025643
base,RS,m11_given_this,stance_disagreement,39,1,38,2.5641025641025643
base,NS,m12_in_view_of_this,stance_disagreement,39,0,39,0.0
base,RS,m12_in_view_of_this,stance_disagreement,39,0,39,0.0
base,NP,none,stance_disagreement,237,5,232,2.109704641350211
base,RP,none,stance_disagreement,237,6,231,2.5316455696202533
instruct,NS,m01_therefore,directive_reconsideration,42,0,42,0.0
instruct,RS,m01_therefore,directive_reconsideration,42,0,42,0.0
instruct,NS,m02_consequently,directive_reconsideration,36,0,36,0.0
instruct,RS,m02_consequently,directive_reconsideration,36,0,36,0.0
instruct,NS,m03_thus,directive_reconsideration,40,0,40,0.0
instruct,RS,m03_thus,directive_reconsideration,40,0,40,0.0
instruct,NS,m04_accordingly,directive_reconsideration,28,0,28,0.0
instruct,RS,m04_accordingly,directive_reconsideration,28,0,28,0.0
instruct,NS,m05_for_this_reason,directive_reconsideration,36,0,36,0.0
instruct,RS,m05_for_this_reason,directive_reconsideration,36,0,36,0.0
instruct,NS,m06_that_is_why,directive_reconsideration,48,0,48,0.0
instruct,RS,m06_that_is_why,directive_reconsideration,48,0,48,0.0
instruct,NS,m07_this_implies_that,directive_reconsideration,38,0,38,0.0
instruct,RS,m07_this_implies_that,directive_reconsideration,38,0,38,0.0
instruct,NS,m08_it_follows_that,directive_reconsideration,48,0,48,0.0
instruct,RS,m08_it_follows_that,directive_reconsideration,48,0,48,0.0
instruct,NS,m09_on_that_basis,directive_reconsideration,33,0,33,0.0
instruct,RS,m09_on_that_basis,directive_reconsideration,33,0,33,0.0
instruct,NS,m10_based_on_this,directive_reconsideration,40,0,40,0.0
instruct,RS,m10_based_on_this,directive_reconsideration,40,0,40,0.0
instruct,NS,m11_given_this,directive_reconsideration,37,0,37,0.0
instruct,RS,m11_given_this,directive_reconsideration,37,0,37,0.0
instruct,NS,m12_in_view_of_this,directive_reconsideration,34,0,34,0.0
instruct,RS,m12_in_view_of_this,directive_reconsideration,34,0,34,0.0
instruct,NP,none,directive_reconsideration,230,0,230,0.0
instruct,RP,none,directive_reconsideration,230,0,230,0.0
instruct,NS,m01_therefore,stance_alternative,42,0,42,0.0
instruct,RS,m01_therefore,stance_alternative,42,0,42,0.0
instruct,NS,m02_consequently,stance_alternative,36,0,36,0.0
instruct,RS,m02_consequently,stance_alternative,36,0,36,0.0
instruct,NS,m03_thus,stance_alternative,40,0,40,0.0
instruct,RS,m03_thus,stance_alternative,40,0,40,0.0
instruct,NS,m04_accordingly,stance_alternative,28,0,28,0.0
instruct,RS,m04_accordingly,stance_alternative,28,0,28,0.0
instruct,NS,m05_for_this_reason,stance_alternative,36,0,36,0.0
instruct,RS,m05_for_this_reason,stance_alternative,36,0,36,0.0
instruct,NS,m06_that_is_why,stance_alternative,48,0,48,0.0
instruct,RS,m06_that_is_why,stance_alternative,48,0,48,0.0
instruct,NS,m07_this_implies_that,stance_alternative,38,0,38,0.0
instruct,RS,m07_this_implies_that,stance_alternative,38,0,38,0.0
instruct,NS,m08_it_follows_that,stance_alternative,48,0,48,0.0
instruct,RS,m08_it_follows_that,stance_alternative,48,0,48,0.0
instruct,NS,m09_on_that_basis,stance_alternative,33,0,33,0.0
instruct,RS,m09_on_that_basis,stance_alternative,33,0,33,0.0
instruct,NS,m10_based_on_this,stance_alternative,40,0,40,0.0
instruct,RS,m10_based_on_this,stance_alternative,40,0,40,0.0
instruct,NS,m11_given_this,stance_alternative,37,0,37,0.0
instruct,RS,m11_given_this,stance_alternative,37,0,37,0.0
instruct,NS,m12_in_view_of_this,stance_alternative,34,0,34,0.0
instruct,RS,m12_in_view_of_this,stance_alternative,34,0,34,0.0
instruct,NP,none,stance_alternative,230,0,230,0.0
instruct,RP,none,stance_alternative,230,0,230,0.0
instruct,NS,m01_therefore,stance_disagreement,42,0,42,0.0
instruct,RS,m01_therefore,stance_disagreement,42,0,42,0.0
instruct,NS,m02_consequently,stance_disagreement,36,0,36,0.0
instruct,RS,m02_consequently,stance_disagreement,36,0,36,0.0
instruct,NS,m03_thus,stance_disagreement,40,0,40,0.0
instruct,RS,m03_thus,stance_disagreement,40,0,40,0.0
instruct,NS,m04_accordingly,stance_disagreement,28,0,28,0.0
instruct,RS,m04_accordingly,stance_disagreement,28,0,28,0.0
instruct,NS,m05_for_this_reason,stance_disagreement,36,0,36,0.0
instruct,RS,m05_for_this_reason,stance_disagreement,36,0,36,0.0
instruct,NS,m06_that_is_why,stance_disagreement,48,0,48,0.0
instruct,RS,m06_that_is_why,stance_disagreement,48,0,48,0.0
instruct,NS,m07_this_implies_that,stance_disagreement,38,0,38,0.0
instruct,RS,m07_this_implies_that,stance_disagreement,38,0,38,0.0
instruct,NS,m08_it_follows_that,stance_disagreement,48,0,48,0.0
instruct,RS,m08_it_follows_that,stance_disagreement,48,0,48,0.0
instruct,NS,m09_on_that_basis,stance_disagreement,33,0,33,0.0
instruct,RS,m09_on_that_basis,stance_disagreement,33,0,33,0.0
instruct,NS,m10_based_on_this,stance_disagreement,40,0,40,0.0
instruct,RS,m10_based_on_this,stance_disagreement,40,0,40,0.0
instruct,NS,m11_given_this,stance_disagreement,37,0,37,0.0
instruct,RS,m11_given_this,stance_disagreement,37,0,37,0.0
instruct,NS,m12_in_view_of_this,stance_disagreement,34,0,34,0.0
instruct,RS,m12_in_view_of_this,stance_disagreement,34,0,34,0.0
instruct,NP,none,stance_disagreement,230,0,230,0.0
instruct,RP,none,stance_disagreement,230,0,230,0.0
minimal_ab,NS,m01_therefore,directive_reconsideration,32,0,32,0.0
minimal_ab,RS,m01_therefore,directive_reconsideration,32,2,30,6.25
minimal_ab,NS,m02_consequently,directive_reconsideration,33,0,33,0.0
minimal_ab,RS,m02_consequently,directive_reconsideration,33,1,32,3.0303030303030303
minimal_ab,NS,m03_thus,directive_reconsideration,33,1,32,3.0303030303030303
minimal_ab,RS,m03_thus,directive_reconsideration,33,0,33,0.0
minimal_ab,NS,m04_accordingly,directive_reconsideration,35,0,35,0.0
minimal_ab,RS,m04_accordingly,directive_reconsideration,35,1,34,2.857142857142857
minimal_ab,NS,m05_for_this_reason,directive_reconsideration,36,0,36,0.0
minimal_ab,RS,m05_for_this_reason,directive_reconsideration,36,3,33,8.333333333333334
minimal_ab,NS,m06_that_is_why,directive_reconsideration,39,2,37,5.128205128205129
minimal_ab,RS,m06_that_is_why,directive_reconsideration,39,2,37,5.128205128205129
minimal_ab,NS,m07_this_implies_that,directive_reconsideration,33,1,32,3.0303030303030303
minimal_ab,RS,m07_this_implies_that,directive_reconsideration,33,2,31,6.0606060606060606
minimal_ab,NS,m08_it_follows_that,directive_reconsideration,46,2,44,4.3478260869565215
minimal_ab,RS,m08_it_follows_that,directive_reconsideration,46,4,42,8.695652173913043
minimal_ab,NS,m09_on_that_basis,directive_reconsideration,36,1,35,2.7777777777777777
minimal_ab,RS,m09_on_that_basis,directive_reconsideration,36,3,33,8.333333333333334
minimal_ab,NS,m10_based_on_this,directive_reconsideration,32,1,31,3.125
minimal_ab,RS,m10_based_on_this,directive_reconsideration,32,1,31,3.125
minimal_ab,NS,m11_given_this,directive_reconsideration,33,1,32,3.0303030303030303
minimal_ab,RS,m11_given_this,directive_reconsideration,33,2,31,6.0606060606060606
minimal_ab,NS,m12_in_view_of_this,directive_reconsideration,28,0,28,0.0
minimal_ab,RS,m12_in_view_of_this,directive_reconsideration,28,0,28,0.0
minimal_ab,NP,none,directive_reconsideration,208,25,183,12.01923076923077
minimal_ab,RP,none,directive_reconsideration,208,3,205,1.4423076923076923
minimal_ab,NS,m01_therefore,stance_alternative,32,1,31,3.125
minimal_ab,RS,m01_therefore,stance_alternative,32,3,29,9.375
minimal_ab,NS,m02_consequently,stance_alternative,33,2,31,6.0606060606060606
minimal_ab,RS,m02_consequently,stance_alternative,33,1,32,3.0303030303030303
minimal_ab,NS,m03_thus,stance_alternative,33,6,27,18.181818181818183
minimal_ab,RS,m03_thus,stance_alternative,33,2,31,6.0606060606060606
minimal_ab,NS,m04_accordingly,stance_alternative,35,5,30,14.285714285714286
minimal_ab,RS,m04_accordingly,stance_alternative,35,2,33,5.714285714285714
minimal_ab,NS,m05_for_this_reason,stance_alternative,36,10,26,27.77777777777778
minimal_ab,RS,m05_for_this_reason,stance_alternative,36,3,33,8.333333333333334
minimal_ab,NS,m06_that_is_why,stance_alternative,39,5,34,12.820512820512821
minimal_ab,RS,m06_that_is_why,stance_alternative,39,5,34,12.820512820512821
minimal_ab,NS,m07_this_implies_that,stance_alternative,33,4,29,12.121212121212121
minimal_ab,RS,m07_this_implies_that,stance_alternative,33,8,25,24.242424242424242
minimal_ab,NS,m08_it_follows_that,stance_alternative,46,3,43,6.521739130434782
minimal_ab,RS,m08_it_follows_that,stance_alternative,46,2,44,4.3478260869565215
minimal_ab,NS,m09_on_that_basis,stance_alternative,36,8,28,22.22222222222222
minimal_ab,RS,m09_on_that_basis,stance_alternative,36,4,32,11.11111111111111
minimal_ab,NS,m10_based_on_this,stance_alternative,32,4,28,12.5
minimal_ab,RS,m10_based_on_this,stance_alternative,32,3,29,9.375
minimal_ab,NS,m11_given_this,stance_alternative,33,6,27,18.181818181818183
minimal_ab,RS,m11_given_this,stance_alternative,33,0,33,0.0
minimal_ab,NS,m12_in_view_of_this,stance_alternative,28,1,27,3.5714285714285716
minimal_ab,RS,m12_in_view_of_this,stance_alternative,28,3,25,10.714285714285714
minimal_ab,NP,none,stance_alternative,208,26,182,12.5
minimal_ab,RP,none,stance_alternative,208,14,194,6.730769230769231
minimal_ab,NS,m01_therefore,stance_disagreement,32,0,32,0.0
minimal_ab,RS,m01_therefore,stance_disagreement,32,0,32,0.0
minimal_ab,NS,m02_consequently,stance_disagreement,33,1,32,3.0303030303030303
minimal_ab,RS,m02_consequently,stance_disagreement,33,1,32,3.0303030303030303
minimal_ab,NS,m03_thus,stance_disagreement,33,1,32,3.0303030303030303
minimal_ab,RS,m03_thus,stance_disagreement,33,1,32,3.0303030303030303
minimal_ab,NS,m04_accordingly,stance_disagreement,35,1,34,2.857142857142857
minimal_ab,RS,m04_accordingly,stance_disagreement,35,1,34,2.857142857142857
minimal_ab,NS,m05_for_this_reason,stance_disagreement,36,4,32,11.11111111111111
minimal_ab,RS,m05_for_this_reason,stance_disagreement,36,0,36,0.0
minimal_ab,NS,m06_that_is_why,stance_disagreement,39,6,33,15.384615384615385
minimal_ab,RS,m06_that_is_why,stance_disagreement,39,2,37,5.128205128205129
minimal_ab,NS,m07_this_implies_that,stance_disagreement,33,0,33,0.0
minimal_ab,RS,m07_this_implies_that,stance_disagreement,33,1,32,3.0303030303030303
minimal_ab,NS,m08_it_follows_that,stance_disagreement,46,0,46,0.0
minimal_ab,RS,m08_it_follows_that,stance_disagreement,46,3,43,6.521739130434782
minimal_ab,NS,m09_on_that_basis,stance_disagreement,36,5,31,13.88888888888889
minimal_ab,RS,m09_on_that_basis,stance_disagreement,36,1,35,2.7777777777777777
minimal_ab,NS,m10_based_on_this,stance_disagreement,32,1,31,3.125
minimal_ab,RS,m10_based_on_this,stance_disagreement,32,1,31,3.125
minimal_ab,NS,m11_given_this,stance_disagreement,33,1,32,3.0303030303030303
minimal_ab,RS,m11_given_this,stance_disagreement,33,1,32,3.0303030303030303
minimal_ab,NS,m12_in_view_of_this,stance_disagreement,28,1,27,3.5714285714285716
minimal_ab,RS,m12_in_view_of_this,stance_disagreement,28,0,28,0.0
minimal_ab,NP,none,stance_disagreement,208,19,189,9.134615384615385
minimal_ab,RP,none,stance_disagreement,208,6,202,2.8846153846153846
