run,comparison,outcome,kind,quantity,estimate,ci_low,ci_high,p_boot,replicates_defined,n_blocks,n_movement_rows,n_flip_rows,n_decisions,n_initials,statistic_id,subset_initials,subset_runs,quantity_label
ab_bfirst,estimate,flip,cell,NP,0.8534948482316904,0.7854227537830746,0.9141414785611213,0.0002,9999,406,406,406,57,148,robustness_common_semantic_choice_subset|run=ab_bfirst|comparison=estimate|outcome=flip|kind=cell|quantity=NP,149,"base,ab_bfirst,minimal_ab",
ab_bfirst,estimate,flip,cell,NS,0.8503499911394649,0.787772688362827,0.9077867359290196,0.0002,9999,438,876,819,57,149,robustness_common_semantic_choice_subset|run=ab_bfirst|comparison=estimate|outcome=flip|kind=cell|quantity=NS,149,"base,ab_bfirst,minimal_ab",
ab_bfirst,estimate,flip,cell,RP,0.7921052631578948,0.7104757343550445,0.8673389933820969,0.0002,9999,431,431,431,57,149,robustness_common_semantic_choice_subset|run=ab_bfirst|comparison=estimate|outcome=flip|kind=cell|quantity=RP,149,"base,ab_bfirst,minimal_ab",
ab_bfirst,estimate,flip,cell,RS,0.7994639376218323,0.720813657974625,0.8717711893924635,0.0002,9999,438,876,851,57,149,robustness_common_semantic_choice_subset|run=ab_bfirst|comparison=estimate|outcome=flip|kind=cell|quantity=RS,149,"base,ab_bfirst,minimal_ab",
ab_bfirst,estimate,flip,contrast,NS_minus_NP,0.0032625756309966835,-0.02441222834404652,0.033599348839944435,0.851,9999,399,1197,1162,57,147,robustness_common_semantic_choice_subset|run=ab_bfirst|comparison=estimate|outcome=flip|kind=contrast|quantity=NS_minus_NP,149,"base,ab_bfirst,minimal_ab",NS − NP
ab_bfirst,estimate,flip,contrast,RP_minus_NP,-0.03495797574744943,-0.07847815122120676,0.005497774353706544,0.0894,9999,396,792,792,57,147,robustness_common_semantic_choice_subset|run=ab_bfirst|comparison=estimate|outcome=flip|kind=contrast|quantity=RP_minus_NP,149,"base,ab_bfirst,minimal_ab",RP − NP
ab_bfirst,estimate,flip,contrast,RS_minus_NS,-0.054917597022860185,-0.10528212388664973,-0.013613248472182642,0.0032,9999,430,1720,1642,57,149,robustness_common_semantic_choice_subset|run=ab_bfirst|comparison=estimate|outcome=flip|kind=contrast|quantity=RS_minus_NS,149,"base,ab_bfirst,minimal_ab",RS − NS
ab_bfirst,estimate,flip,contrast,RS_minus_RP,-0.00029113187007923823,-0.008078608925283799,0.008446534308603273,0.9268,9999,424,1272,1255,57,149,robustness_common_semantic_choice_subset|run=ab_bfirst|comparison=estimate|outcome=flip|kind=contrast|quantity=RS_minus_RP,149,"base,ab_bfirst,minimal_ab",RS − RP
ab_bfirst,estimate,flip,contrast,interaction,-0.0167533733323207,-0.06518356457293238,0.021522233692017445,0.476,9999,384,2304,2261,57,146,robustness_common_semantic_choice_subset|run=ab_bfirst|comparison=estimate|outcome=flip|kind=contrast|quantity=interaction,149,"base,ab_bfirst,minimal_ab",(RS − RP) − (NS − NP)
ab_bfirst,variant_minus_reference,flip,cell,NP,-0.10703146755778326,-0.1584671972247729,-0.06178980250868046,0.0002,9999,832,832,832,57,297,robustness_common_semantic_choice_subset|run=ab_bfirst|comparison=variant_minus_reference|outcome=flip|kind=cell|quantity=NP,149,"base,ab_bfirst,minimal_ab",
ab_bfirst,variant_minus_reference,flip,cell,NS,-0.13405546695020376,-0.19316429380006953,-0.08069816423090712,0.0002,9999,884,1768,1691,57,298,robustness_common_semantic_choice_subset|run=ab_bfirst|comparison=variant_minus_reference|outcome=flip|kind=cell|quantity=NS,149,"base,ab_bfirst,minimal_ab",
ab_bfirst,variant_minus_reference,flip,cell,RP,-0.1726930963773069,-0.24899215859302123,-0.10424135422016784,0.0002,9999,872,872,872,57,298,robustness_common_semantic_choice_subset|run=ab_bfirst|comparison=variant_minus_reference|outcome=flip|kind=cell|quantity=RP,149,"base,ab_bfirst,minimal_ab",
ab_bfirst,variant_minus_reference,flip,cell,RS,-0.17446393762183232,-0.2461255180005181,-0.11080013093901978,0.0002,9999,883,1766,1726,57,298,robustness_common_semantic_choice_subset|run=ab_bfirst|comparison=variant_minus_reference|outcome=flip|kind=cell|quantity=RS,149,"base,ab_bfirst,minimal_ab",
ab_bfirst,variant_minus_reference,flip,contrast,NS_minus_NP,-0.019154578365104685,-0.0676129002220723,0.022558630409899187,0.4078,9999,824,2472,2426,57,296,robustness_common_semantic_choice_subset|run=ab_bfirst|comparison=variant_minus_reference|outcome=flip|kind=contrast|quantity=NS_minus_NP,149,"base,ab_bfirst,minimal_ab",NS − NP
ab_bfirst,variant_minus_reference,flip,contrast,RP_minus_NP,-0.04087554745449482,-0.09836361609548992,0.009948876997488091,0.1248,9999,818,1636,1636,57,296,robustness_common_semantic_choice_subset|run=ab_bfirst|comparison=variant_minus_reference|outcome=flip|kind=contrast|quantity=RP_minus_NP,149,"base,ab_bfirst,minimal_ab",RP − NP
ab_bfirst,variant_minus_reference,flip,contrast,RS_minus_NS,-0.042247031720715936,-0.07980271464646463,-0.0094811753902663,0.006,9999,874,3496,3384,57,298,robustness_common_semantic_choice_subset|run=ab_bfirst|comparison=variant_minus_reference|outcome=flip|kind=contrast|quantity=RS_minus_NS,149,"base,ab_bfirst,minimal_ab",RS − NS
ab_bfirst,variant_minus_reference,flip,contrast,RS_minus_RP,-0.005408090934406724,-0.029392107334668537,0.014748892194274481,0.6362,9999,863,2589,2560,57,298,robustness_common_semantic_choice_subset|run=ab_bfirst|comparison=variant_minus_reference|outcome=flip|kind=contrast|quantity=RS_minus_RP,149,"base,ab_bfirst,minimal_ab",RS − RP
ab_bfirst,variant_minus_reference,flip,contrast,interaction,-0.009288372446267183,-0.09141927277703141,0.059372079639936716,0.8602,9999,803,4818,4757,57,294,robustness_common_semantic_choice_subset|run=ab_bfirst|comparison=variant_minus_reference|outcome=flip|kind=contrast|quantity=interaction,149,"base,ab_bfirst,minimal_ab",(RS − RP) − (NS − NP)
ab_bfirst,estimate,movement,cell,NP,0.8476486354775828,0.7668698297631485,0.930280671296296,0.0002,9999,447,447,0,57,149,robustness_common_semantic_choice_subset|run=ab_bfirst|comparison=estimate|outcome=movement|kind=cell|quantity=NP,149,"base,ab_bfirst,minimal_ab",
ab_bfirst,estimate,movement,cell,NS,0.8900006091617934,0.8029970366379311,0.9784516433189654,0.0002,9999,447,894,0,57,149,robustness_common_semantic_choice_subset|run=ab_bfirst|comparison=estimate|outcome=movement|kind=cell|quantity=NS,149,"base,ab_bfirst,minimal_ab",
ab_bfirst,estimate,movement,cell,RP,0.9224841617933723,0.81857173859127,1.0257414641203701,0.0002,9999,447,447,0,57,149,robustness_common_semantic_choice_subset|run=ab_bfirst|comparison=estimate|outcome=movement|kind=cell|quantity=RP,149,"base,ab_bfirst,minimal_ab",
ab_bfirst,estimate,movement,cell,RS,0.9199865984405458,0.8160477167508418,1.024772652116402,0.0002,9999,447,894,0,57,149,robustness_common_semantic_choice_subset|run=ab_bfirst|comparison=estimate|outcome=movement|kind=cell|quantity=RS,149,"base,ab_bfirst,minimal_ab",
ab_bfirst,estimate,movement,contrast,NS_minus_NP,0.042351973684210516,0.011501736111111108,0.07434762848391323,0.0056,9999,447,1341,0,57,149,robustness_common_semantic_choice_subset|run=ab_bfirst|comparison=estimate|outcome=movement|kind=contrast|quantity=NS_minus_NP,149,"base,ab_bfirst,minimal_ab",NS − NP
ab_bfirst,estimate,movement,contrast,RP_minus_NP,0.07483552631578948,0.02564380787037037,0.12266519360269358,0.0026,9999,447,894,0,57,149,robustness_common_semantic_choice_subset|run=ab_bfirst|comparison=estimate|outcome=movement|kind=contrast|quantity=RP_minus_NP,149,"base,ab_bfirst,minimal_ab",RP − NP
ab_bfirst,estimate,movement,contrast,RS_minus_NS,0.029985989278752435,-0.011814839843496329,0.07371921617798345,0.1618,9999,447,1788,0,57,149,robustness_common_semantic_choice_subset|run=ab_bfirst|comparison=estimate|outcome=movement|kind=contrast|quantity=RS_minus_NS,149,"base,ab_bfirst,minimal_ab",RS − NS
ab_bfirst,estimate,movement,contrast,RS_minus_RP,-0.0024975633528265106,-0.0205744395711501,0.015336138575015684,0.7754,9999,447,1341,0,57,149,robustness_common_semantic_choice_subset|run=ab_bfirst|comparison=estimate|outcome=movement|kind=contrast|quantity=RS_minus_RP,149,"base,ab_bfirst,minimal_ab",RS − RP
ab_bfirst,estimate,movement,contrast,interaction,-0.044849537037037035,-0.07493688229275514,-0.014461922492864107,0.0042,9999,447,2682,0,57,149,robustness_common_semantic_choice_subset|run=ab_bfirst|comparison=estimate|outcome=movement|kind=contrast|quantity=interaction,149,"base,ab_bfirst,minimal_ab",(RS − RP) − (NS − NP)
ab_bfirst,variant_minus_reference,movement,cell,NP,-0.48860867446393763,-0.5537370780976038,-0.4233714374537881,0.0002,9999,894,894,0,57,298,robustness_common_semantic_choice_subset|run=ab_bfirst|comparison=variant_minus_reference|outcome=movement|kind=cell|quantity=NP,149,"base,ab_bfirst,minimal_ab",
ab_bfirst,variant_minus_reference,movement,cell,NS,-0.5696881091617934,-0.6407172309027769,-0.5008980429292927,0.0002,9999,894,1788,0,57,298,robustness_common_semantic_choice_subset|run=ab_bfirst|comparison=variant_minus_reference|outcome=movement|kind=cell|quantity=NS,149,"base,ab_bfirst,minimal_ab",
ab_bfirst,variant_minus_reference,movement,cell,RP,-0.6765960038986354,-0.7539819910543237,-0.5982864485247962,0.0002,9999,894,894,0,57,298,robustness_common_semantic_choice_subset|run=ab_bfirst|comparison=variant_minus_reference|outcome=movement|kind=cell|quantity=RP,149,"base,ab_bfirst,minimal_ab",
ab_bfirst,variant_minus_reference,movement,cell,RS,-0.6720272904483433,-0.7458544570687972,-0.597647112573099,0.0002,9999,894,1788,0,57,298,robustness_common_semantic_choice_subset|run=ab_bfirst|comparison=variant_minus_reference|outcome=movement|kind=cell|quantity=RS,149,"base,ab_bfirst,minimal_ab",
ab_bfirst,variant_minus_reference,movement,contrast,NS_minus_NP,-0.08107943469785575,-0.10129773517369513,-0.061631944444444434,0.0002,9999,894,2682,0,57,298,robustness_common_semantic_choice_subset|run=ab_bfirst|comparison=variant_minus_reference|outcome=movement|kind=contrast|quantity=NS_minus_NP,149,"base,ab_bfirst,minimal_ab",NS − NP
ab_bfirst,variant_minus_reference,movement,contrast,RP_minus_NP,-0.18798732943469781,-0.22176033819836782,-0.15147944966910493,0.0002,9999,894,1788,0,57,298,robustness_common_semantic_choice_subset|run=ab_bfirst|comparison=variant_minus_reference|outcome=movement|kind=contrast|quantity=RP_minus_NP,149,"base,ab_bfirst,minimal_ab",RP − NP
ab_bfirst,variant_minus_reference,movement,contrast,RS_minus_NS,-0.10233918128654973,-0.1309105104565773,-0.0725406952063741,0.0002,9999,894,3576,0,57,298,robustness_common_semantic_choice_subset|run=ab_bfirst|comparison=variant_minus_reference|outcome=movement|kind=contrast|quantity=RS_minus_NS,149,"base,ab_bfirst,minimal_ab",RS − NS
ab_bfirst,variant_minus_reference,movement,contrast,RS_minus_RP,0.004568713450292399,-0.012227901872686532,0.02062076104626371,0.5864,9999,894,2682,0,57,298,robustness_common_semantic_choice_subset|run=ab_bfirst|comparison=variant_minus_reference|outcome=movement|kind=contrast|quantity=RS_minus_RP,149,"base,ab_bfirst,minimal_ab",RS − RP
ab_bfirst,variant_minus_reference,movement,contrast,interaction,0.08564814814814814,0.06112862451267057,0.11152266245039684,0.0002,9999,894,5364,0,57,298,robustness_common_semantic_choice_subset|run=ab_bfirst|comparison=variant_minus_reference|outcome=movement|kind=contrast|quantity=interaction,149,"base,ab_bfirst,minimal_ab",(RS − RP) − (NS − NP)
base,estimate,flip,cell,NP,0.9605263157894737,0.9157079720373732,0.9907407407407407,0.0002,9999,426,426,426,57,149,robustness_common_semantic_choice_subset|run=base|comparison=estimate|outcome=flip|kind=cell|quantity=NP,149,"base,ab_bfirst,minimal_ab",
base,estimate,flip,cell,NS,0.9844054580896686,0.9707004365690807,0.9957627118644068,0.0002,9999,446,892,872,57,149,robustness_common_semantic_choice_subset|run=base|comparison=estimate|outcome=flip|kind=cell|quantity=NS,149,"base,ab_bfirst,minimal_ab",
base,estimate,flip,cell,RP,0.9647983595352017,0.9234654509952129,0.9927579365079365,0.0002,9999,441,441,441,57,149,robustness_common_semantic_choice_subset|run=base|comparison=estimate|outcome=flip|kind=cell|quantity=RP,149,"base,ab_bfirst,minimal_ab",
base,estimate,flip,cell,RS,0.9739278752436646,0.9477401129943503,0.9941550925925926,0.0002,9999,445,890,875,57,149,robustness_common_semantic_choice_subset|run=base|comparison=estimate|outcome=flip|kind=cell|quantity=RS,149,"base,ab_bfirst,minimal_ab",
base,estimate,flip,contrast,NS_minus_NP,0.022417153996101367,-0.002976190476190476,0.06481481481481483,0.1548,9999,425,1275,1264,57,149,robustness_common_semantic_choice_subset|run=base|comparison=estimate|outcome=flip|kind=contrast|quantity=NS_minus_NP,149,"base,ab_bfirst,minimal_ab",NS − NP
base,estimate,flip,contrast,RP_minus_NP,0.00591757170704539,-0.045194190356619736,0.056565303405601466,0.7936,9999,422,844,844,57,149,robustness_common_semantic_choice_subset|run=base|comparison=estimate|outcome=flip|kind=contrast|quantity=RP_minus_NP,149,"base,ab_bfirst,minimal_ab",RP − NP
base,estimate,flip,contrast,RS_minus_NS,-0.012670565302144247,-0.036726674265701906,0.006027253668763102,0.2414,9999,444,1776,1742,57,149,robustness_common_semantic_choice_subset|run=base|comparison=estimate|outcome=flip|kind=contrast|quantity=RS_minus_NS,149,"base,ab_bfirst,minimal_ab",RS − NS
base,estimate,flip,contrast,RS_minus_RP,0.005116959064327486,-0.013157894736842105,0.028017241379310345,0.6574,9999,439,1317,1305,57,149,robustness_common_semantic_choice_subset|run=base|comparison=estimate|outcome=flip|kind=contrast|quantity=RS_minus_RP,149,"base,ab_bfirst,minimal_ab",RS − RP
base,estimate,flip,contrast,interaction,-0.007465000886053518,-0.055381400208986416,0.03468905153227187,0.7718,9999,419,2514,2496,57,148,robustness_common_semantic_choice_subset|run=base|comparison=estimate|outcome=flip|kind=contrast|quantity=interaction,149,"base,ab_bfirst,minimal_ab",(RS − RP) − (NS − NP)
base,estimate,movement,cell,NP,1.3362573099415205,1.2404484953703703,1.431971985784848,0.0002,9999,447,447,0,57,149,robustness_common_semantic_choice_subset|run=base|comparison=estimate|outcome=movement|kind=cell|quantity=NP,149,"base,ab_bfirst,minimal_ab",
base,estimate,movement,cell,NS,1.4596887183235867,1.363294364690889,1.5576645457033385,0.0002,9999,447,894,0,57,149,robustness_common_semantic_choice_subset|run=base|comparison=estimate|outcome=movement|kind=cell|quantity=NS,149,"base,ab_bfirst,minimal_ab",
base,estimate,movement,cell,RP,1.5990801656920077,1.4858244727981569,1.7051283047027288,0.0002,9999,447,447,0,57,149,robustness_common_semantic_choice_subset|run=base|comparison=estimate|outcome=movement|kind=cell|quantity=RP,149,"base,ab_bfirst,minimal_ab",
base,estimate,movement,cell,RS,1.592013888888889,1.479938559704185,1.6987110925099205,0.0002,9999,447,894,0,57,149,robustness_common_semantic_choice_subset|run=base|comparison=estimate|outcome=movement|kind=cell|quantity=RS,149,"base,ab_bfirst,minimal_ab",
base,estimate,movement,contrast,NS_minus_NP,0.12343140838206627,0.09678030303030304,0.15081193221523415,0.0002,9999,447,1341,0,57,149,robustness_common_semantic_choice_subset|run=base|comparison=estimate|outcome=movement|kind=contrast|quantity=NS_minus_NP,149,"base,ab_bfirst,minimal_ab",NS − NP
base,estimate,movement,contrast,RP_minus_NP,0.2628228557504873,0.21027598180076632,0.31231740356806553,0.0002,9999,447,894,0,57,149,robustness_common_semantic_choice_subset|run=base|comparison=estimate|outcome=movement|kind=contrast|quantity=RP_minus_NP,149,"base,ab_bfirst,minimal_ab",RP − NP
base,estimate,movement,contrast,RS_minus_NS,0.13232517056530216,0.08271231464076863,0.17995609881711863,0.0002,9999,447,1788,0,57,149,robustness_common_semantic_choice_subset|run=base|comparison=estimate|outcome=movement|kind=contrast|quantity=RS_minus_NS,149,"base,ab_bfirst,minimal_ab",RS − NS
base,estimate,movement,contrast,RS_minus_RP,-0.00706627680311891,-0.025071281008507036,0.010725688138956146,0.4336,9999,447,1341,0,57,149,robustness_common_semantic_choice_subset|run=base|comparison=estimate|outcome=movement|kind=contrast|quantity=RS_minus_RP,149,"base,ab_bfirst,minimal_ab",RS − RP
base,estimate,movement,contrast,interaction,-0.13049768518518517,-0.15696864024584928,-0.10361926711067798,0.0002,9999,447,2682,0,57,149,robustness_common_semantic_choice_subset|run=base|comparison=estimate|outcome=movement|kind=contrast|quantity=interaction,149,"base,ab_bfirst,minimal_ab",(RS − RP) − (NS − NP)
minimal_ab,estimate,flip,cell,NP,0.7673590542011595,0.6996540720488088,0.830300307973919,0.0002,9999,397,397,397,57,149,robustness_common_semantic_choice_subset|run=minimal_ab|comparison=estimate|outcome=flip|kind=cell|quantity=NP,149,"base,ab_bfirst,minimal_ab",
minimal_ab,estimate,flip,cell,NS,0.9569931773879143,0.9352250957854407,0.9764408851991089,0.0002,9999,442,884,852,57,149,robustness_common_semantic_choice_subset|run=minimal_ab|comparison=estimate|outcome=flip|kind=cell|quantity=NS,149,"base,ab_bfirst,minimal_ab",
minimal_ab,estimate,flip,cell,RP,0.9741715399610137,0.9482109227871941,0.9942528735632185,0.0002,9999,438,438,438,57,149,robustness_common_semantic_choice_subset|run=minimal_ab|comparison=estimate|outcome=flip|kind=cell|quantity=RP,149,"base,ab_bfirst,minimal_ab",
minimal_ab,estimate,flip,cell,RS,0.9226190476190476,0.8792541944872453,0.9587716848745148,0.0002,9999,443,886,852,57,149,robustness_common_semantic_choice_subset|run=minimal_ab|comparison=estimate|outcome=flip|kind=cell|quantity=RS,149,"base,ab_bfirst,minimal_ab",
minimal_ab,estimate,flip,contrast,NS_minus_NP,0.17378484089010401,0.12238685221256378,0.22966068569630269,0.0002,9999,393,1179,1154,57,149,robustness_common_semantic_choice_subset|run=minimal_ab|comparison=estimate|outcome=flip|kind=contrast|quantity=NS_minus_NP,149,"base,ab_bfirst,minimal_ab",NS − NP
minimal_ab,estimate,flip,contrast,RP_minus_NP,0.20248727880306824,0.14440101228737592,0.26483831824740917,0.0002,9999,389,778,778,57,149,robustness_common_semantic_choice_subset|run=minimal_ab|comparison=estimate|outcome=flip|kind=contrast|quantity=RP_minus_NP,149,"base,ab_bfirst,minimal_ab",RP − NP
minimal_ab,estimate,flip,contrast,RS_minus_NS,-0.028766676792992583,-0.06756870654597925,0.00393849849971615,0.0926,9999,438,1752,1689,57,149,robustness_common_semantic_choice_subset|run=minimal_ab|comparison=estimate|outcome=flip|kind=contrast|quantity=RS_minus_NS,149,"base,ab_bfirst,minimal_ab",RS − NS
minimal_ab,estimate,flip,contrast,RS_minus_RP,-0.03649527860054176,-0.057218757774792246,-0.018437964266166246,0.0002,9999,434,1302,1271,57,149,robustness_common_semantic_choice_subset|run=minimal_ab|comparison=estimate|outcome=flip|kind=contrast|quantity=RS_minus_RP,149,"base,ab_bfirst,minimal_ab",RS − RP
minimal_ab,estimate,flip,contrast,interaction,-0.21024910761752866,-0.27992573340141474,-0.1475496296088969,0.0002,9999,382,2292,2248,57,149,robustness_common_semantic_choice_subset|run=minimal_ab|comparison=estimate|outcome=flip|kind=contrast|quantity=interaction,149,"base,ab_bfirst,minimal_ab",(RS − RP) − (NS − NP)
minimal_ab,variant_minus_reference,flip,cell,NP,-0.1931672615883142,-0.27100023952418434,-0.11357509721916517,0.0002,9999,823,823,823,57,298,robustness_common_semantic_choice_subset|run=minimal_ab|comparison=variant_minus_reference|outcome=flip|kind=cell|quantity=NP,149,"base,ab_bfirst,minimal_ab",
minimal_ab,variant_minus_reference,flip,cell,NS,-0.027412280701754277,-0.052705874930381605,-0.0031543887147337728,0.0258,9999,888,1776,1724,57,298,robustness_common_semantic_choice_subset|run=minimal_ab|comparison=variant_minus_reference|outcome=flip|kind=cell|quantity=NS,149,"base,ab_bfirst,minimal_ab",
minimal_ab,variant_minus_reference,flip,cell,RP,0.009373180425812033,-0.027480110667806538,0.05594780324893952,0.6832,9999,879,879,879,57,298,robustness_common_semantic_choice_subset|run=minimal_ab|comparison=variant_minus_reference|outcome=flip|kind=cell|quantity=RP,149,"base,ab_bfirst,minimal_ab",
minimal_ab,variant_minus_reference,flip,cell,RS,-0.05130882762461708,-0.09176138911308403,-0.010912698412698369,0.0108,9999,888,1776,1727,57,298,robustness_common_semantic_choice_subset|run=minimal_ab|comparison=variant_minus_reference|outcome=flip|kind=cell|quantity=RS,149,"base,ab_bfirst,minimal_ab",
minimal_ab,variant_minus_reference,flip,contrast,NS_minus_NP,0.15136768689400265,0.08265795267950442,0.21596244624910024,0.0002,9999,818,2454,2418,57,298,robustness_common_semantic_choice_subset|run=minimal_ab|comparison=variant_minus_reference|outcome=flip|kind=contrast|quantity=NS_minus_NP,149,"base,ab_bfirst,minimal_ab",NS − NP
minimal_ab,variant_minus_reference,flip,contrast,RP_minus_NP,0.19656970709602287,0.11808660899107747,0.2720198910285116,0.0002,9999,811,1622,1622,57,298,robustness_common_semantic_choice_subset|run=minimal_ab|comparison=variant_minus_reference|outcome=flip|kind=contrast|quantity=RP_minus_NP,149,"base,ab_bfirst,minimal_ab",RP − NP
minimal_ab,variant_minus_reference,flip,contrast,RS_minus_NS,-0.016096111490848337,-0.057049535916061336,0.022041435471494987,0.4282,9999,882,3528,3431,57,298,robustness_common_semantic_choice_subset|run=minimal_ab|comparison=variant_minus_reference|outcome=flip|kind=contrast|quantity=RS_minus_NS,149,"base,ab_bfirst,minimal_ab",RS − NS
minimal_ab,variant_minus_reference,flip,contrast,RS_minus_RP,-0.041612237664869246,-0.06693133718133717,-0.020191759998812064,0.0002,9999,873,2619,2576,57,298,robustness_common_semantic_choice_subset|run=minimal_ab|comparison=variant_minus_reference|outcome=flip|kind=contrast|quantity=RS_minus_RP,149,"base,ab_bfirst,minimal_ab",RS − RP
minimal_ab,variant_minus_reference,flip,contrast,interaction,-0.20278410673147515,-0.28178043964450983,-0.12359076947848138,0.0002,9999,801,4806,4744,57,297,robustness_common_semantic_choice_subset|run=minimal_ab|comparison=variant_minus_reference|outcome=flip|kind=contrast|quantity=interaction,149,"base,ab_bfirst,minimal_ab",(RS − RP) − (NS − NP)
minimal_ab,estimate,movement,cell,NP,0.6840886939571151,0.5993031609195402,0.7695067663817662,0.0002,9999,447,447,0,57,149,robustness_common_semantic_choice_subset|run=minimal_ab|comparison=estimate|outcome=movement|kind=cell|quantity=NP,149,"base,ab_bfirst,minimal_ab",
minimal_ab,estimate,movement,cell,NS,1.0467836257309941,0.9603111511417433,1.1339556850282484,0.0002,9999,447,894,0,57,149,robustness_common_semantic_choice_subset|run=minimal_ab|comparison=estimate|outcome=movement|kind=cell|quantity=NS,149,"base,ab_bfirst,minimal_ab",
minimal_ab,estimate,movement,cell,RP,1.2623050682261208,1.1573632339588378,1.3645833333333333,0.0002,9999,447,447,0,57,149,robustness_common_semantic_choice_subset|run=minimal_ab|comparison=estimate|outcome=movement|kind=cell|quantity=RP,149,"base,ab_bfirst,minimal_ab",
minimal_ab,estimate,movement,cell,RS,1.0512914230019492,0.9440651395419716,1.1546195023148145,0.0002,9999,447,894,0,57,149,robustness_common_semantic_choice_subset|run=minimal_ab|comparison=estimate|outcome=movement|kind=cell|quantity=RS,149,"base,ab_bfirst,minimal_ab",
minimal_ab,estimate,movement,contrast,NS_minus_NP,0.3626949317738791,0.32010093999610373,0.4062529425612052,0.0002,9999,447,1341,0,57,149,robustness_common_semantic_choice_subset|run=minimal_ab|comparison=estimate|outcome=movement|kind=contrast|quantity=NS_minus_NP,149,"base,ab_bfirst,minimal_ab",NS − NP
minimal_ab,estimate,movement,contrast,RP_minus_NP,0.5782163742690057,0.5249864232690202,0.6310337475633527,0.0002,9999,447,894,0,57,149,robustness_common_semantic_choice_subset|run=minimal_ab|comparison=estimate|outcome=movement|kind=contrast|quantity=RP_minus_NP,149,"base,ab_bfirst,minimal_ab",RP − NP
minimal_ab,estimate,movement,contrast,RS_minus_NS,0.004507797270955161,-0.04858481579184702,0.05751229745370366,0.8676,9999,447,1788,0,57,149,robustness_common_semantic_choice_subset|run=minimal_ab|comparison=estimate|outcome=movement|kind=contrast|quantity=RS_minus_NS,149,"base,ab_bfirst,minimal_ab",RS − NS
minimal_ab,estimate,movement,contrast,RS_minus_RP,-0.21101364522417154,-0.24725989255765196,-0.17567050269645607,0.0002,9999,447,1341,0,57,149,robustness_common_semantic_choice_subset|run=minimal_ab|comparison=estimate|outcome=movement|kind=contrast|quantity=RS_minus_RP,149,"base,ab_bfirst,minimal_ab",RS − RP
minimal_ab,estimate,movement,contrast,interaction,-0.5737085769980507,-0.6131264937319624,-0.5340822151600753,0.0002,9999,447,2682,0,57,149,robustness_common_semantic_choice_subset|run=minimal_ab|comparison=estimate|outcome=movement|kind=contrast|quantity=interaction,149,"base,ab_bfirst,minimal_ab",(RS − RP) − (NS − NP)
minimal_ab,variant_minus_reference,movement,cell,NP,-0.6521686159844053,-0.7641783223249096,-0.5325277168615985,0.0002,9999,894,894,0,57,298,robustness_common_semantic_choice_subset|run=minimal_ab|comparison=variant_minus_reference|outcome=movement|kind=cell|quantity=NP,149,"base,ab_bfirst,minimal_ab",
minimal_ab,variant_minus_reference,movement,cell,NS,-0.41290509259259256,-0.5261695075757574,-0.2925181789220713,0.0002,9999,894,1788,0,57,298,robustness_common_semantic_choice_subset|run=minimal_ab|comparison=variant_minus_reference|outcome=movement|kind=cell|quantity=NS,149,"base,ab_bfirst,minimal_ab",
minimal_ab,variant_minus_reference,movement,cell,RP,-0.33677509746588696,-0.47476099300279284,-0.1890278045283338,0.0002,9999,894,894,0,57,298,robustness_common_semantic_choice_subset|run=minimal_ab|comparison=variant_minus_reference|outcome=movement|kind=cell|quantity=RP,149,"base,ab_bfirst,minimal_ab",
minimal_ab,variant_minus_reference,movement,cell,RS,-0.5407224658869398,-0.678776789990422,-0.3931458222576641,0.0002,9999,894,1788,0,57,298,robustness_common_semantic_choice_subset|run=minimal_ab|comparison=variant_minus_reference|outcome=movement|kind=cell|quantity=RS,149,"base,ab_bfirst,minimal_ab",
minimal_ab,variant_minus_reference,movement,contrast,NS_minus_NP,0.23926352339181284,0.19322147984474372,0.2854114707583315,0.0002,9999,894,2682,0,57,298,robustness_common_semantic_choice_subset|run=minimal_ab|comparison=variant_minus_reference|outcome=movement|kind=contrast|quantity=NS_minus_NP,149,"base,ab_bfirst,minimal_ab",NS − NP
minimal_ab,variant_minus_reference,movement,contrast,RP_minus_NP,0.31539351851851843,0.23604888931689794,0.3968653965502483,0.0002,9999,894,1788,0,57,298,robustness_common_semantic_choice_subset|run=minimal_ab|comparison=variant_minus_reference|outcome=movement|kind=contrast|quantity=RP_minus_NP,149,"base,ab_bfirst,minimal_ab",RP − NP
minimal_ab,variant_minus_reference,movement,contrast,RS_minus_NS,-0.127817373294347,-0.20871012068559647,-0.044616409243295026,0.0032,9999,894,3576,0,57,298,robustness_common_semantic_choice_subset|run=minimal_ab|comparison=variant_minus_reference|outcome=movement|kind=contrast|quantity=RS_minus_NS,149,"base,ab_bfirst,minimal_ab",RS − NS
minimal_ab,variant_minus_reference,movement,contrast,RS_minus_RP,-0.20394736842105263,-0.24355546254960317,-0.1661385723423141,0.0002,9999,894,2682,0,57,298,robustness_common_semantic_choice_subset|run=minimal_ab|comparison=variant_minus_reference|outcome=movement|kind=contrast|quantity=RS_minus_RP,149,"base,ab_bfirst,minimal_ab",RS − RP
minimal_ab,variant_minus_reference,movement,contrast,interaction,-0.4432108918128655,-0.4850191229540565,-0.39953304597701145,0.0002,9999,894,5364,0,57,298,robustness_common_semantic_choice_subset|run=minimal_ab|comparison=variant_minus_reference|outcome=movement|kind=contrast|quantity=interaction,149,"base,ab_bfirst,minimal_ab",(RS − RP) − (NS − NP)
